<?xml version="1.0" encoding="UTF-8"?>
<!--Exported from Trunk (PG) at http://localhost:8080/labkey/project/RaphaelRendererTestProject/Date%20Based%20Study/begin.view by alanv on Fri Dec 27 16:12:56 PST 2013-->
<study archiveVersion="13.31" label="Demo Study" timepointType="DATE" subjectNounSingular="Participant" subjectNounPlural="Participants" subjectColumnName="ParticipantId" investigator="" grant="" species="" alternateIdPrefix="" alternateIdDigits="6" defaultTimepointDuration="1" startDate="2007-12-31-08:00" securityType="ADVANCED_WRITE" xmlns="http://labkey.org/study/xml">
  <cohorts type="AUTOMATIC" mode="SIMPLE" datasetId="5008" datasetProperty="Group" file="cohorts.xml"/>
  <datasets dir="datasets" file="datasets_manifest.xml">
    <definition file="Demo.dataset"/>
  </datasets>
  <comments/>
  <specimens dir="specimens" settings="specimen_settings.xml" file="Demo.specimens"/>
  <visits file="visit_map.xml"/>
  <studyViews dir="views" settings="settings.xml"/>
  <studyDescription rendererType="TEXT_WITH_LINKS">
    <description xsi:nil="true" xmlns:xsi="http://www.w3.org/2001/XMLSchema-instance"/>
  </studyDescription>
</study>