<?xml version="1.0" encoding="UTF-8"?>
<!--Exported from Release-21-3-Sanity-A at https://release-21-3-sanity-a.lkpoc.labkey.com/LabkeyDemoStudyWithCharts/project-begin.view by danield on Tue Mar 30 14:19:53 PDT 2021-->
<tables xmlns="http://labkey.org/data/xml">
  <table tableName="Reagents" tableDbType="TABLE">
    <columns>
      <column columnName="Key">
        <datatype>integer</datatype>
        <columnTitle>Key</columnTitle>
        <rangeURI>http://www.w3.org/2001/XMLSchema#int</rangeURI>
        <nullable>false</nullable>
        <required>true</required>
        <isHidden>true</isHidden>
        <isKeyField>true</isKeyField>
        <isAutoInc>true</isAutoInc>
      </column>
      <column columnName="Reagent">
        <datatype>varchar</datatype>
        <columnTitle>Reagent</columnTitle>
        <rangeURI>http://www.w3.org/2001/XMLSchema#string</rangeURI>
        <scale>4000</scale>
      </column>
    </columns>
    <pkColumnName>Key</pkColumnName>
  </table>
  <table tableName="Technicians" tableDbType="TABLE">
    <columns>
      <column columnName="Key">
        <datatype>integer</datatype>
        <columnTitle>Key</columnTitle>
        <rangeURI>http://www.w3.org/2001/XMLSchema#int</rangeURI>
        <nullable>false</nullable>
        <required>true</required>
        <isHidden>true</isHidden>
        <isKeyField>true</isKeyField>
        <isAutoInc>true</isAutoInc>
      </column>
      <column columnName="FirstName">
        <datatype>varchar</datatype>
        <columnTitle>First Name</columnTitle>
        <rangeURI>http://www.w3.org/2001/XMLSchema#string</rangeURI>
        <scale>4000</scale>
      </column>
      <column columnName="LastName">
        <datatype>varchar</datatype>
        <columnTitle>Last Name</columnTitle>
        <rangeURI>http://www.w3.org/2001/XMLSchema#string</rangeURI>
        <scale>4000</scale>
      </column>
      <column columnName="ID">
        <datatype>integer</datatype>
        <columnTitle>ID</columnTitle>
        <rangeURI>http://www.w3.org/2001/XMLSchema#int</rangeURI>
      </column>
    </columns>
    <pkColumnName>Key</pkColumnName>
  </table>
  <table tableName="Lab Machines" tableDbType="TABLE">
    <columns>
      <column columnName="InstrumentID">
        <datatype>varchar</datatype>
        <columnTitle>Instrument ID</columnTitle>
        <rangeURI>http://www.w3.org/2001/XMLSchema#string</rangeURI>
        <nullable>false</nullable>
        <required>true</required>
        <scale>4000</scale>
        <isKeyField>true</isKeyField>
      </column>
      <column columnName="Name">
        <datatype>varchar</datatype>
        <columnTitle>Name</columnTitle>
        <rangeURI>http://www.w3.org/2001/XMLSchema#string</rangeURI>
        <scale>4000</scale>
      </column>
      <column columnName="ContactPerson">
        <datatype>varchar</datatype>
        <columnTitle>Contact Person</columnTitle>
        <rangeURI>http://www.w3.org/2001/XMLSchema#string</rangeURI>
        <scale>4000</scale>
      </column>
    </columns>
    <pkColumnName>InstrumentID</pkColumnName>
  </table>
</tables>