ParticipantId	date	QCStateLabel	ObjectId	Properties	Properties.SpecimenLsid.Property.SpecimenID	Properties.SpecimenLsid.Property.VisitID	Properties.SpecimenLsid.Property.SampleDescription	Properties.SpecimenLsid.Property.InitialDilution	Properties.SpecimenLsid.Property.Factor	Properties.SpecimenLsid.Property.Method	Properties.SpecimenLsid.Property.Method.Value	Properties.AUC	Properties.Curve IC50	Properties.Curve IC80	Properties.Fit Error	Properties.Point IC50	Properties.Point IC80	Properties.PositiveAUC	Properties.WellgroupName	Run.Cutoff1	Run.Cutoff2	Run.Cutoff3	Run.VirusName	Run.VirusID	Run.HostCell	Run.StudyName	Run.ExperimentPerformer	Run.ExperimentID	Run.IncubationTime	Run.PlateNumber	Run.ExperimentDate	Run.FileID	Run.LockYAxis	Run.CurveFitMethod	Run.CurveFitMethod.Value	Run.Name	Run.Comments
249318596	2008-09-02 00:00:00.0		30089	urn:lsid:cpas.fhcrc.org:AssayRunNabDataRow.Folder-656:7a8520ae-7af4-102c-ba3f-d104f9cd649f-Specimen+1	526455390.2504.346	2804.0		20.0	3.0	Dilution	Dilution	0.22382859308452388	117.10675297290996	27.8082687277155	4.676802772233244	102.71204823296534	25.865227416148745	0.23785215880093438	Specimen 1	50	80		HIV-1	P392	T	Demo	Elizabeth	Nab32	30	1		NAbresults2	false	Five Parameter	Five Parameter	NAb1	
249320107	2008-07-30 00:00:00.0		30090	urn:lsid:cpas.fhcrc.org:AssayRunNabDataRow.Folder-656:7a8520ae-7af4-102c-ba3f-d104f9cd649f-Specimen+2	249325717.2404.493	2804.0		20.0	3.0	Dilution	Dilution	0.3724292685491792	504.30800070578124	134.24253881942033	4.134905944014015	399.7623185209562	131.65432059867493	0.40505147113518847	Specimen 2	50	80		HIV-1	P392	T	Demo	Elizabeth	Nab32	30	1		NAbresults2	false	Five Parameter	Five Parameter	NAb1	
249320127	2009-01-06 00:00:00.0		30091	urn:lsid:cpas.fhcrc.org:AssayRunNabDataRow.Folder-656:7a8520ae-7af4-102c-ba3f-d104f9cd649f-Specimen+3	249320619.2604.640	2804.0		20.0	3.0	Dilution	Dilution	0.47675232653395455	831.8408905675533	147.1656181029605	3.4342538333958825	688.2636345217795	142.48991481233844	0.47675232653395455	Specimen 3	50	80		HIV-1	P392	T	Demo	Elizabeth	Nab32	30	1		NAbresults2	false	Five Parameter	Five Parameter	NAb1	
249320489	2008-12-03 00:00:00.0		30092	urn:lsid:cpas.fhcrc.org:AssayRunNabDataRow.Folder-656:7a8520ae-7af4-102c-ba3f-d104f9cd649f-Specimen+4	249328595.2604.530	2804.0		20.0	3.0	Dilution	Dilution	0.5466808066334281	979.1036771241501	242.80747870422675	4.457880161710849	1644.2206516682545	194.6864111729882	0.5466808066334281	Specimen 4	50	80		HIV-1	P392	T	Demo	Elizabeth	Nab32	30	1		NAbresults2	false	Five Parameter	Five Parameter	NAb1	
249320897	2008-07-20 00:00:00.0		30093	urn:lsid:cpas.fhcrc.org:AssayRunNabDataRow.Folder-656:7a8520ae-7af4-102c-ba3f-d104f9cd649f-Specimen+5	526455350.4404.456	2804.0		20.0	3.0	Dilution	Dilution	0.3776791621756043	425.11625081263253	156.6208763169263	2.939152251132248	407.5192492384341	149.0511514806856	0.3895294332828664	Specimen 5	50	80		HIV-1	P392	T	Demo	Elizabeth	Nab32	30	1		NAbresults2	false	Five Parameter	Five Parameter	NAb1	
