ParticipantId	date	QCStateLabel	RowId	M1	Stim	Weight	Run.Name	Run.Comments
249318596	2008-06-30 00:00:00.0		1	543	false	14.5	GenericAssay_Run1.xls	
249320107	2008-06-04 00:00:00.0		2	645	false	11.0	GenericAssay_Run1.xls	
249320107	2008-07-16 00:00:00.0		3	234	false	14.3	GenericAssay_Run1.xls	
249320489	2008-08-20 00:00:00.0		4	324	false	11.9	GenericAssay_Run1.xls	
249320897	2008-05-20 00:00:00.0		5	1045	false	15.6	GenericAssay_Run1.xls	
249325717	2008-04-27 00:00:00.0		6	874	false	18.0	GenericAssay_Run1.xls	
