ParticipantId	date	QCStateLabel	RowId	M1	M2	M3	Run.MachineSetting	Run.Batch.OperatorEmail	Run.Batch.Machine	Run.Batch.Machine.Name	Run.Name	Run.Comments
249318596	2008-06-30 00:00:00.0		1	543	1830	14.5	24	john.doe	ABI-QSTAR	"ABI QSTAR "	Run1	
249318596	2008-06-30 00:00:00.0		7	520	1850	16.0	24	john.doe	ABI-QSTAR	"ABI QSTAR "	Run2	
249318596	2008-09-02 00:00:00.0		8	420	1770	12.2	24	john.doe	ABI-QSTAR	"ABI QSTAR "	Run2	
249318596	2008-11-23 00:00:00.0		9	185	1600	15.5	24	john.doe	ABI-QSTAR	"ABI QSTAR "	Run2	
