ParticipantId	date	QCStateLabel	RowId	Data	Data.Name	Protocol	Protocol.Name	WellRole	Type	Well	Outlier	Description	SpecimenID	ExtraSpecimenInfo	FIString	FI	FIOORIndicator	FINumber	FIBackgroundString	FIBackground	FIBackgroundOORIndicator	FIBackgroundNumber	StdDevString	StdDev	StdDevOORIndicator	StdDevNumber	ObsConcString	ObsConc	ObsConcOORIndicator	ObsConcNumber	ExpConc	ObsOverExp	ConcInRange	ConcInRangeOORIndicator	ConcInRangeNumber	ConcInRangeString	Dilution	Group	Ratio	SamplingErrors	BeadCount	CV	Summary	Titration	Titration.Name	AnalyteTitration	Analyte	Analyte.Name	VisitID	Data.Run.Isotype	Data.Run.Conjugate	Data.Run.TestDate	Data.Run.ReplacesPreviousFile	Data.Run.DateModified	Data.Run.SpecimenType	Data.Run.Additive	Data.Run.Derivative	Data.FileName	Data.AcquisitionDate	Data.ReaderSerialNumber	Data.PlateID	Data.RP1PMTvolts	Data.RP1Target	Data.Run.Batch.ParticipantVisitResolver	Data.Run.Batch.Species	Data.Run.Batch.LabID	Data.Run.Batch.AnalysisSoftware	Data.Run.Name	Data.Run.Comments
249318596	2008-05-17 00:00:00.0		9018	40564	02-14A22-IgA-Biotin.xls	1221	Luminex Assay 100	Unknown	X7	B7	0	117	117		19	19.0		19.0	4	4.0		4.0		0.70710677		0.70710677	1.4745	1.4745		1.4745							200.0				170	0.036261886	false			113	113	ENV1 (31)					false					02-14A22-IgA-Biotin.srbx	2011-06-21 13:50:00.0	LX10011084403	02-14A22	687.42	16357	Lookup	Human	LabKey	Bioplex	02-14A22-IgA-Biotin.xls	
249318596	2008-05-17 00:00:00.0		9114	40564	02-14A22-IgA-Biotin.xls	1221	Luminex Assay 100	Unknown	X7	B7	0	117	117		20	20.0		20.0	8.75	8.75		8.75		0.0		0.0	1.80141	1.80141		1.80141							200.0				135	0.0	false			114	114	ENV2 (41)					false					02-14A22-IgA-Biotin.srbx	2011-06-21 13:50:00.0	LX10011084403	02-14A22	687.42	16357	Lookup	Human	LabKey	Bioplex	02-14A22-IgA-Biotin.xls	
249318596	2008-05-17 00:00:00.0		9113	40564	02-14A22-IgA-Biotin.xls	1221	Luminex Assay 100	Unknown	X7	A7	0	117	117		20	20.0		20.0	8.75	8.75		8.75		0.0		0.0	1.80141	1.80141		1.80141							200.0				139	0.0	false			114	114	ENV2 (41)					false					02-14A22-IgA-Biotin.srbx	2011-06-21 13:50:00.0	LX10011084403	02-14A22	687.42	16357	Lookup	Human	LabKey	Bioplex	02-14A22-IgA-Biotin.xls	
249318596	2008-05-17 00:00:00.0		9017	40564	02-14A22-IgA-Biotin.xls	1221	Luminex Assay 100	Unknown	X7	A7	0	117	117		20	20.0		20.0	5	5.0		5.0		0.70710677		0.70710677	1.74389	1.74389		1.74389							200.0				231	0.036261886	false			113	113	ENV1 (31)					false					02-14A22-IgA-Biotin.srbx	2011-06-21 13:50:00.0	LX10011084403	02-14A22	687.42	16357	Lookup	Human	LabKey	Bioplex	02-14A22-IgA-Biotin.xls	
249318596	2008-06-30 00:00:00.0		9125	40564	02-14A22-IgA-Biotin.xls	1221	Luminex Assay 100	Unknown	X13	C1	0	123	123		15	15.0		15.0	3.75	3.75		3.75		0.70710677		0.70710677	0.92561	0.92561		0.92561							200.0				104	0.048765983	false			114	114	ENV2 (41)					false					02-14A22-IgA-Biotin.srbx	2011-06-21 13:50:00.0	LX10011084403	02-14A22	687.42	16357	Lookup	Human	LabKey	Bioplex	02-14A22-IgA-Biotin.xls	
249318596	2008-06-30 00:00:00.0		9030	40564	02-14A22-IgA-Biotin.xls	1221	Luminex Assay 100	Unknown	X13	D1	0	123	123		17	17.0		17.0	2	2.0		2.0		0.70710677		0.70710677	0.90228	0.90228		0.90228							200.0				203	0.0404061	false			113	113	ENV1 (31)					false					02-14A22-IgA-Biotin.srbx	2011-06-21 13:50:00.0	LX10011084403	02-14A22	687.42	16357	Lookup	Human	LabKey	Bioplex	02-14A22-IgA-Biotin.xls	
249318596	2008-06-30 00:00:00.0		9029	40564	02-14A22-IgA-Biotin.xls	1221	Luminex Assay 100	Unknown	X13	C1	0	123	123		18	18.0		18.0	3	3.0		3.0		0.70710677		0.70710677	1.19512	1.19512		1.19512							200.0				178	0.0404061	false			113	113	ENV1 (31)					false					02-14A22-IgA-Biotin.srbx	2011-06-21 13:50:00.0	LX10011084403	02-14A22	687.42	16357	Lookup	Human	LabKey	Bioplex	02-14A22-IgA-Biotin.xls	
249318596	2008-06-30 00:00:00.0		9126	40564	02-14A22-IgA-Biotin.xls	1221	Luminex Assay 100	Unknown	X13	D1	0	123	123		14	14.0		14.0	2.75	2.75		2.75		0.70710677		0.70710677	0.73507	0.73507		0.73507							200.0				131	0.048765983	false			114	114	ENV2 (41)					false					02-14A22-IgA-Biotin.srbx	2011-06-21 13:50:00.0	LX10011084403	02-14A22	687.42	16357	Lookup	Human	LabKey	Bioplex	02-14A22-IgA-Biotin.xls	
249318596	2008-09-02 00:00:00.0		9036	40564	02-14A22-IgA-Biotin.xls	1221	Luminex Assay 100	Unknown	X16	D4	0	126	126		34.5	34.5		34.5	19.5	19.5		19.5		0.35355338		0.35355338	5.13696	5.13696		5.13696							200.0				178	0.010174198	false			113	113	ENV1 (31)					false					02-14A22-IgA-Biotin.srbx	2011-06-21 13:50:00.0	LX10011084403	02-14A22	687.42	16357	Lookup	Human	LabKey	Bioplex	02-14A22-IgA-Biotin.xls	
249318596	2008-09-02 00:00:00.0		9035	40564	02-14A22-IgA-Biotin.xls	1221	Luminex Assay 100	Unknown	X16	C4	0	126	126		35	35.0		35.0	20	20.0		20.0		0.35355338		0.35355338	5.24426	5.24426		5.24426							200.0				215	0.010174198	false			113	113	ENV1 (31)					false					02-14A22-IgA-Biotin.srbx	2011-06-21 13:50:00.0	LX10011084403	02-14A22	687.42	16357	Lookup	Human	LabKey	Bioplex	02-14A22-IgA-Biotin.xls	
249318596	2008-11-23 00:00:00.0		9044	40564	02-14A22-IgA-Biotin.xls	1221	Luminex Assay 100	Unknown	X20	D8	0	130	130		58	58.0		58.0	43	43.0		43.0		0.0		0.0	9.8457	9.8457		9.8457							200.0				198	0.0	false			113	113	ENV1 (31)					false					02-14A22-IgA-Biotin.srbx	2011-06-21 13:50:00.0	LX10011084403	02-14A22	687.42	16357	Lookup	Human	LabKey	Bioplex	02-14A22-IgA-Biotin.xls	
249318596	2008-11-23 00:00:00.0		9043	40564	02-14A22-IgA-Biotin.xls	1221	Luminex Assay 100	Unknown	X20	C8	0	130	130		58	58.0		58.0	43	43.0		43.0		0.0		0.0	9.8457	9.8457		9.8457							200.0				223	0.0	false			113	113	ENV1 (31)					false					02-14A22-IgA-Biotin.srbx	2011-06-21 13:50:00.0	LX10011084403	02-14A22	687.42	16357	Lookup	Human	LabKey	Bioplex	02-14A22-IgA-Biotin.xls	
249318596	2009-01-18 00:00:00.0		9058	40564	02-14A22-IgA-Biotin.xls	1221	Luminex Assay 100	Unknown	X27	F3	0	137	137		19	19.0		19.0	4	4.0		4.0		1.4142135		1.4142135	1.4745	1.4745		1.4745							200.0				193	0.07856742	false			113	113	ENV1 (31)					false					02-14A22-IgA-Biotin.srbx	2011-06-21 13:50:00.0	LX10011084403	02-14A22	687.42	16357	Lookup	Human	LabKey	Bioplex	02-14A22-IgA-Biotin.xls	
249318596	2009-01-18 00:00:00.0		9057	40564	02-14A22-IgA-Biotin.xls	1221	Luminex Assay 100	Unknown	X27	E3	0	137	137		17	17.0		17.0	2	2.0		2.0		1.4142135		1.4142135	0.90228	0.90228		0.90228							200.0				205	0.07856742	false			113	113	ENV1 (31)					false					02-14A22-IgA-Biotin.srbx	2011-06-21 13:50:00.0	LX10011084403	02-14A22	687.42	16357	Lookup	Human	LabKey	Bioplex	02-14A22-IgA-Biotin.xls	
249318596	2009-03-16 00:00:00.0		9067	40564	02-14A22-IgA-Biotin.xls	1221	Luminex Assay 100	Unknown	X32	E8	0	142	142		156	156.0		156.0	141	141.0		141.0		2.1213202		2.1213202	26.43714	26.43714		26.43714							200.0				203	0.013730229	false			113	113	ENV1 (31)					false					02-14A22-IgA-Biotin.srbx	2011-06-21 13:50:00.0	LX10011084403	02-14A22	687.42	16357	Lookup	Human	LabKey	Bioplex	02-14A22-IgA-Biotin.xls	
249318596	2009-03-16 00:00:00.0		9072	40564	02-14A22-IgA-Biotin.xls	1221	Luminex Assay 100	Unknown	X34	F10	0	144	144		381.5	381.5		381.5	366.5	366.5		366.5		18.031223		18.031223	58.72752	58.72752		58.72752							200.0				172	0.045735504	false			113	113	ENV1 (31)					false					02-14A22-IgA-Biotin.srbx	2011-06-21 13:50:00.0	LX10011084403	02-14A22	687.42	16357	Lookup	Human	LabKey	Bioplex	02-14A22-IgA-Biotin.xls	
249318596	2009-03-16 00:00:00.0		9071	40564	02-14A22-IgA-Biotin.xls	1221	Luminex Assay 100	Unknown	X34	E10	0	144	144		407	407.0		407.0	392	392.0		392.0		18.031223		18.031223	62.12599	62.12599		62.12599							200.0				180	0.045735504	false			113	113	ENV1 (31)					false					02-14A22-IgA-Biotin.srbx	2011-06-21 13:50:00.0	LX10011084403	02-14A22	687.42	16357	Lookup	Human	LabKey	Bioplex	02-14A22-IgA-Biotin.xls	
249318596	2009-03-16 00:00:00.0		9070	40564	02-14A22-IgA-Biotin.xls	1221	Luminex Assay 100	Unknown	X33	F9	0	143	143		19	19.0		19.0	4	4.0		4.0		1.4142135		1.4142135	1.4745	1.4745		1.4745							200.0				203	0.07856742	false			113	113	ENV1 (31)					false					02-14A22-IgA-Biotin.srbx	2011-06-21 13:50:00.0	LX10011084403	02-14A22	687.42	16357	Lookup	Human	LabKey	Bioplex	02-14A22-IgA-Biotin.xls	
249318596	2009-03-16 00:00:00.0		9069	40564	02-14A22-IgA-Biotin.xls	1221	Luminex Assay 100	Unknown	X33	E9	0	143	143		17	17.0		17.0	2	2.0		2.0		1.4142135		1.4142135	0.90228	0.90228		0.90228							200.0				184	0.07856742	false			113	113	ENV1 (31)					false					02-14A22-IgA-Biotin.srbx	2011-06-21 13:50:00.0	LX10011084403	02-14A22	687.42	16357	Lookup	Human	LabKey	Bioplex	02-14A22-IgA-Biotin.xls	
249318596	2009-03-16 00:00:00.0		9068	40564	02-14A22-IgA-Biotin.xls	1221	Luminex Assay 100	Unknown	X32	F8	0	142	142		153	153.0		153.0	138	138.0		138.0		2.1213202		2.1213202	25.96694	25.96694		25.96694							200.0				165	0.013730229	false			113	113	ENV1 (31)					false					02-14A22-IgA-Biotin.srbx	2011-06-21 13:50:00.0	LX10011084403	02-14A22	687.42	16357	Lookup	Human	LabKey	Bioplex	02-14A22-IgA-Biotin.xls	
249318596	2009-03-16 00:00:00.0		9066	40564	02-14A22-IgA-Biotin.xls	1221	Luminex Assay 100	Unknown	X31	F7	0	141	141		16	16.0		16.0	1	1.0		1.0		0.70710677		0.70710677	0.58921	0.58921		0.58921							200.0				226	0.042854957	false			113	113	ENV1 (31)					false					02-14A22-IgA-Biotin.srbx	2011-06-21 13:50:00.0	LX10011084403	02-14A22	687.42	16357	Lookup	Human	LabKey	Bioplex	02-14A22-IgA-Biotin.xls	
249318596	2009-03-16 00:00:00.0		9065	40564	02-14A22-IgA-Biotin.xls	1221	Luminex Assay 100	Unknown	X31	E7	0	141	141		17	17.0		17.0	2	2.0		2.0		0.70710677		0.70710677	0.90228	0.90228		0.90228							200.0				201	0.042854957	false			113	113	ENV1 (31)					false					02-14A22-IgA-Biotin.srbx	2011-06-21 13:50:00.0	LX10011084403	02-14A22	687.42	16357	Lookup	Human	LabKey	Bioplex	02-14A22-IgA-Biotin.xls	
249318596	2009-03-16 00:00:00.0		9074	40564	02-14A22-IgA-Biotin.xls	1221	Luminex Assay 100	Unknown	X35	F11	0	145	145		43	43.0		43.0	28	28.0		28.0		4.2426405		4.2426405	6.91006	6.91006		6.91006							200.0				226	0.09223132	false			113	113	ENV1 (31)					false					02-14A22-IgA-Biotin.srbx	2011-06-21 13:50:00.0	LX10011084403	02-14A22	687.42	16357	Lookup	Human	LabKey	Bioplex	02-14A22-IgA-Biotin.xls	
249318596	2009-03-16 00:00:00.0		9073	40564	02-14A22-IgA-Biotin.xls	1221	Luminex Assay 100	Unknown	X35	E11	0	145	145		49	49.0		49.0	34	34.0		34.0		4.2426405		4.2426405	8.10876	8.10876		8.10876							200.0				223	0.09223132	false			113	113	ENV1 (31)					false					02-14A22-IgA-Biotin.srbx	2011-06-21 13:50:00.0	LX10011084403	02-14A22	687.42	16357	Lookup	Human	LabKey	Bioplex	02-14A22-IgA-Biotin.xls	
249318596	2009-03-16 00:00:00.0		9075	40564	02-14A22-IgA-Biotin.xls	1221	Luminex Assay 100	Unknown	X36	E12	0	146	146		45.5	45.5		45.5	30.5	30.5		30.5		3.1819806		3.1819806	7.41406	7.41406		7.41406							200.0				188	0.066638336	false			113	113	ENV1 (31)					false					02-14A22-IgA-Biotin.srbx	2011-06-21 13:50:00.0	LX10011084403	02-14A22	687.42	16357	Lookup	Human	LabKey	Bioplex	02-14A22-IgA-Biotin.xls	
249318596	2009-03-16 00:00:00.0		9076	40564	02-14A22-IgA-Biotin.xls	1221	Luminex Assay 100	Unknown	X36	F12	0	146	146		50	50.0		50.0	35	35.0		35.0		3.1819806		3.1819806	8.30509	8.30509		8.30509							200.0				231	0.066638336	false			113	113	ENV1 (31)					false					02-14A22-IgA-Biotin.srbx	2011-06-21 13:50:00.0	LX10011084403	02-14A22	687.42	16357	Lookup	Human	LabKey	Bioplex	02-14A22-IgA-Biotin.xls	
249320107	2008-06-04 00:00:00.0		9108	40564	02-14A22-IgA-Biotin.xls	1221	Luminex Assay 100	Unknown	X4	B4	0	114	114		844	844.0		844.0	832.75	832.75		832.75		20.85965		20.85965	83.49658	83.49658		83.49658							200.0				133	0.024290713	false			114	114	ENV2 (41)					false					02-14A22-IgA-Biotin.srbx	2011-06-21 13:50:00.0	LX10011084403	02-14A22	687.42	16357	Lookup	Human	LabKey	Bioplex	02-14A22-IgA-Biotin.xls	
249320107	2008-06-04 00:00:00.0		9012	40564	02-14A22-IgA-Biotin.xls	1221	Luminex Assay 100	Unknown	X4	B4	0	114	114		547	547.0		547.0	532	532.0		532.0		7.071068		7.071068	80.20847	80.20847		80.20847							200.0				223	0.012809905	false			113	113	ENV1 (31)					false					02-14A22-IgA-Biotin.srbx	2011-06-21 13:50:00.0	LX10011084403	02-14A22	687.42	16357	Lookup	Human	LabKey	Bioplex	02-14A22-IgA-Biotin.xls	
249320107	2008-06-04 00:00:00.0		9107	40564	02-14A22-IgA-Biotin.xls	1221	Luminex Assay 100	Unknown	X4	A4	0	114	114		873.5	873.5		873.5	862.25	862.25		862.25		20.85965		20.85965	86.00798	86.00798		86.00798							200.0				122	0.024290713	false			114	114	ENV2 (41)					false					02-14A22-IgA-Biotin.srbx	2011-06-21 13:50:00.0	LX10011084403	02-14A22	687.42	16357	Lookup	Human	LabKey	Bioplex	02-14A22-IgA-Biotin.xls	
249320107	2008-06-04 00:00:00.0		9011	40564	02-14A22-IgA-Biotin.xls	1221	Luminex Assay 100	Unknown	X4	A4	0	114	114		557	557.0		557.0	542	542.0		542.0		7.071068		7.071068	81.468	81.468		81.468							200.0				183	0.012809905	false			113	113	ENV1 (31)					false					02-14A22-IgA-Biotin.srbx	2011-06-21 13:50:00.0	LX10011084403	02-14A22	687.42	16357	Lookup	Human	LabKey	Bioplex	02-14A22-IgA-Biotin.xls	
249320107	2008-07-16 00:00:00.0		9020	40564	02-14A22-IgA-Biotin.xls	1221	Luminex Assay 100	Unknown	X8	B8	0	118	118		282.5	282.5		282.5	267.5	267.5		267.5		4.5961943		4.5961943	45.1339	45.1339		45.1339							200.0				196	0.016459066	false			113	113	ENV1 (31)					false					02-14A22-IgA-Biotin.srbx	2011-06-21 13:50:00.0	LX10011084403	02-14A22	687.42	16357	Lookup	Human	LabKey	Bioplex	02-14A22-IgA-Biotin.xls	
249320107	2008-07-16 00:00:00.0		9019	40564	02-14A22-IgA-Biotin.xls	1221	Luminex Assay 100	Unknown	X8	A8	0	118	118		276	276.0		276.0	261	261.0		261.0		4.5961943		4.5961943	44.21534	44.21534		44.21534							200.0				217	0.016459066	false			113	113	ENV1 (31)					false					02-14A22-IgA-Biotin.srbx	2011-06-21 13:50:00.0	LX10011084403	02-14A22	687.42	16357	Lookup	Human	LabKey	Bioplex	02-14A22-IgA-Biotin.xls	
249320107	2008-07-16 00:00:00.0		9115	40564	02-14A22-IgA-Biotin.xls	1221	Luminex Assay 100	Unknown	X8	A8	0	118	118		321	321.0		321.0	309.75	309.75		309.75		19.091883		19.091883	35.99168	35.99168		35.99168							200.0				131	0.057075884	false			114	114	ENV2 (41)					false					02-14A22-IgA-Biotin.srbx	2011-06-21 13:50:00.0	LX10011084403	02-14A22	687.42	16357	Lookup	Human	LabKey	Bioplex	02-14A22-IgA-Biotin.xls	
249320107	2008-07-16 00:00:00.0		9116	40564	02-14A22-IgA-Biotin.xls	1221	Luminex Assay 100	Unknown	X8	B8	0	118	118		348	348.0		348.0	336.75	336.75		336.75		19.091883		19.091883	38.64305	38.64305		38.64305							200.0				159	0.057075884	false			114	114	ENV2 (41)					false					02-14A22-IgA-Biotin.srbx	2011-06-21 13:50:00.0	LX10011084403	02-14A22	687.42	16357	Lookup	Human	LabKey	Bioplex	02-14A22-IgA-Biotin.xls	
249320107	2008-07-30 00:00:00.0		9124	40564	02-14A22-IgA-Biotin.xls	1221	Luminex Assay 100	Unknown	X12	B12	0	122	122		39	39.0		39.0	27.75	27.75		27.75		0.70710677		0.70710677	4.67145	4.67145		4.67145							200.0				133	0.01836641	false			114	114	ENV2 (41)					false					02-14A22-IgA-Biotin.srbx	2011-06-21 13:50:00.0	LX10011084403	02-14A22	687.42	16357	Lookup	Human	LabKey	Bioplex	02-14A22-IgA-Biotin.xls	
249320107	2008-07-30 00:00:00.0		9123	40564	02-14A22-IgA-Biotin.xls	1221	Luminex Assay 100	Unknown	X12	A12	0	122	122		38	38.0		38.0	26.75	26.75		26.75		0.70710677		0.70710677	4.53007	4.53007		4.53007							200.0				130	0.01836641	false			114	114	ENV2 (41)					false					02-14A22-IgA-Biotin.srbx	2011-06-21 13:50:00.0	LX10011084403	02-14A22	687.42	16357	Lookup	Human	LabKey	Bioplex	02-14A22-IgA-Biotin.xls	
249320107	2008-07-30 00:00:00.0		9027	40564	02-14A22-IgA-Biotin.xls	1221	Luminex Assay 100	Unknown	X12	A12	0	122	122		25	25.0		25.0	10	10.0		10.0		0.35355338		0.35355338	2.99551	2.99551		2.99551							200.0				187	0.014002115	false			113	113	ENV1 (31)					false					02-14A22-IgA-Biotin.srbx	2011-06-21 13:50:00.0	LX10011084403	02-14A22	687.42	16357	Lookup	Human	LabKey	Bioplex	02-14A22-IgA-Biotin.xls	
249320107	2008-07-30 00:00:00.0		9028	40564	02-14A22-IgA-Biotin.xls	1221	Luminex Assay 100	Unknown	X12	B12	0	122	122		25.5	25.5		25.5	10.5	10.5		10.5		0.35355338		0.35355338	3.11443	3.11443		3.11443							200.0				196	0.014002115	false			113	113	ENV1 (31)					false					02-14A22-IgA-Biotin.srbx	2011-06-21 13:50:00.0	LX10011084403	02-14A22	687.42	16357	Lookup	Human	LabKey	Bioplex	02-14A22-IgA-Biotin.xls	
249320107	2008-09-17 00:00:00.0		9040	40564	02-14A22-IgA-Biotin.xls	1221	Luminex Assay 100	Unknown	X18	D6	0	128	128		105	105.0		105.0	90	90.0		90.0		2.4748738		2.4748738	18.18297	18.18297		18.18297							200.0				207	0.023183828	false			113	113	ENV1 (31)					false					02-14A22-IgA-Biotin.srbx	2011-06-21 13:50:00.0	LX10011084403	02-14A22	687.42	16357	Lookup	Human	LabKey	Bioplex	02-14A22-IgA-Biotin.xls	
249320107	2008-09-17 00:00:00.0		9039	40564	02-14A22-IgA-Biotin.xls	1221	Luminex Assay 100	Unknown	X18	C6	0	128	128		108.5	108.5		108.5	93.5	93.5		93.5		2.4748738		2.4748738	18.77002	18.77002		18.77002							200.0				182	0.023183828	false			113	113	ENV1 (31)					false					02-14A22-IgA-Biotin.srbx	2011-06-21 13:50:00.0	LX10011084403	02-14A22	687.42	16357	Lookup	Human	LabKey	Bioplex	02-14A22-IgA-Biotin.xls	
249320107	2009-01-06 00:00:00.0		9053	40564	02-14A22-IgA-Biotin.xls	1221	Luminex Assay 100	Unknown	X25	E1	0	135	135		19	19.0		19.0	4	4.0		4.0		0.70710677		0.70710677	1.4745	1.4745		1.4745							200.0				206	0.03822199	false			113	113	ENV1 (31)					false					02-14A22-IgA-Biotin.srbx	2011-06-21 13:50:00.0	LX10011084403	02-14A22	687.42	16357	Lookup	Human	LabKey	Bioplex	02-14A22-IgA-Biotin.xls	
249320107	2009-01-06 00:00:00.0		9054	40564	02-14A22-IgA-Biotin.xls	1221	Luminex Assay 100	Unknown	X25	F1	0	135	135		18	18.0		18.0	3	3.0		3.0		0.70710677		0.70710677	1.19512	1.19512		1.19512							200.0				243	0.03822199	false			113	113	ENV1 (31)					false					02-14A22-IgA-Biotin.srbx	2011-06-21 13:50:00.0	LX10011084403	02-14A22	687.42	16357	Lookup	Human	LabKey	Bioplex	02-14A22-IgA-Biotin.xls	
249320127	2008-07-30 00:00:00.0		9025	40564	02-14A22-IgA-Biotin.xls	1221	Luminex Assay 100	Unknown	X11	A11	0	121	121		30	30.0		30.0	15	15.0		15.0		0.0		0.0	4.14991	4.14991		4.14991							200.0				194	0.0	false			113	113	ENV1 (31)					false					02-14A22-IgA-Biotin.srbx	2011-06-21 13:50:00.0	LX10011084403	02-14A22	687.42	16357	Lookup	Human	LabKey	Bioplex	02-14A22-IgA-Biotin.xls	
249320127	2008-07-30 00:00:00.0		9121	40564	02-14A22-IgA-Biotin.xls	1221	Luminex Assay 100	Unknown	X11	A11	0	121	121		56	56.0		56.0	44.75	44.75		44.75		0.70710677		0.70710677	6.98022	6.98022		6.98022							200.0				115	0.012740662	false			114	114	ENV2 (41)					false					02-14A22-IgA-Biotin.srbx	2011-06-21 13:50:00.0	LX10011084403	02-14A22	687.42	16357	Lookup	Human	LabKey	Bioplex	02-14A22-IgA-Biotin.xls	
249320127	2008-07-30 00:00:00.0		9122	40564	02-14A22-IgA-Biotin.xls	1221	Luminex Assay 100	Unknown	X11	B11	0	121	121		55	55.0		55.0	43.75	43.75		43.75		0.70710677		0.70710677	6.84853	6.84853		6.84853							200.0				143	0.012740662	false			114	114	ENV2 (41)					false					02-14A22-IgA-Biotin.srbx	2011-06-21 13:50:00.0	LX10011084403	02-14A22	687.42	16357	Lookup	Human	LabKey	Bioplex	02-14A22-IgA-Biotin.xls	
249320127	2008-07-30 00:00:00.0		9026	40564	02-14A22-IgA-Biotin.xls	1221	Luminex Assay 100	Unknown	X11	B11	0	121	121		30	30.0		30.0	15	15.0		15.0		0.0		0.0	4.14991	4.14991		4.14991							200.0				201	0.0	false			113	113	ENV1 (31)					false					02-14A22-IgA-Biotin.srbx	2011-06-21 13:50:00.0	LX10011084403	02-14A22	687.42	16357	Lookup	Human	LabKey	Bioplex	02-14A22-IgA-Biotin.xls	
249320127	2008-09-17 00:00:00.0		9038	40564	02-14A22-IgA-Biotin.xls	1221	Luminex Assay 100	Unknown	X17	D5	0	127	127		24	24.0		24.0	9	9.0		9.0		1.4142135		1.4142135	2.75484	2.75484		2.75484							200.0				215	0.05656854	false			113	113	ENV1 (31)					false					02-14A22-IgA-Biotin.srbx	2011-06-21 13:50:00.0	LX10011084403	02-14A22	687.42	16357	Lookup	Human	LabKey	Bioplex	02-14A22-IgA-Biotin.xls	
249320127	2008-09-17 00:00:00.0		9037	40564	02-14A22-IgA-Biotin.xls	1221	Luminex Assay 100	Unknown	X17	C5	0	127	127		26	26.0		26.0	11	11.0		11.0		1.4142135		1.4142135	3.23247	3.23247		3.23247							200.0				212	0.05656854	false			113	113	ENV1 (31)					false					02-14A22-IgA-Biotin.srbx	2011-06-21 13:50:00.0	LX10011084403	02-14A22	687.42	16357	Lookup	Human	LabKey	Bioplex	02-14A22-IgA-Biotin.xls	
249320127	2009-01-06 00:00:00.0		9051	40564	02-14A22-IgA-Biotin.xls	1221	Luminex Assay 100	Unknown	X24	C12	0	134	134		25	25.0		25.0	10	10.0		10.0		1.4142135		1.4142135	2.99551	2.99551		2.99551							200.0				162	0.058925565	false			113	113	ENV1 (31)					false					02-14A22-IgA-Biotin.srbx	2011-06-21 13:50:00.0	LX10011084403	02-14A22	687.42	16357	Lookup	Human	LabKey	Bioplex	02-14A22-IgA-Biotin.xls	
249320127	2009-01-06 00:00:00.0		9052	40564	02-14A22-IgA-Biotin.xls	1221	Luminex Assay 100	Unknown	X24	D12	0	134	134		23	23.0		23.0	8	8.0		8.0		1.4142135		1.4142135	2.51001	2.51001		2.51001							200.0				235	0.058925565	false			113	113	ENV1 (31)					false					02-14A22-IgA-Biotin.srbx	2011-06-21 13:50:00.0	LX10011084403	02-14A22	687.42	16357	Lookup	Human	LabKey	Bioplex	02-14A22-IgA-Biotin.xls	
249320127	2009-02-08 00:00:00.0		9061	40564	02-14A22-IgA-Biotin.xls	1221	Luminex Assay 100	Unknown	X29	E5	0	139	139		20	20.0		20.0	5	5.0		5.0		0.70710677		0.70710677	1.74389	1.74389		1.74389							200.0				192	0.034493014	false			113	113	ENV1 (31)					false					02-14A22-IgA-Biotin.srbx	2011-06-21 13:50:00.0	LX10011084403	02-14A22	687.42	16357	Lookup	Human	LabKey	Bioplex	02-14A22-IgA-Biotin.xls	
249320127	2009-02-08 00:00:00.0		9062	40564	02-14A22-IgA-Biotin.xls	1221	Luminex Assay 100	Unknown	X29	F5	0	139	139		21	21.0		21.0	6	6.0		6.0		0.70710677		0.70710677	2.00541	2.00541		2.00541							200.0				180	0.034493014	false			113	113	ENV1 (31)					false					02-14A22-IgA-Biotin.srbx	2011-06-21 13:50:00.0	LX10011084403	02-14A22	687.42	16357	Lookup	Human	LabKey	Bioplex	02-14A22-IgA-Biotin.xls	
249320127	2009-03-12 00:00:00.0		9064	40564	02-14A22-IgA-Biotin.xls	1221	Luminex Assay 100	Unknown	X30	F6	0	140	140		22	22.0		22.0	7	7.0		7.0		0.70710677		0.70710677	2.26045	2.26045		2.26045							200.0				192	0.03288869	false			113	113	ENV1 (31)					false					02-14A22-IgA-Biotin.srbx	2011-06-21 13:50:00.0	LX10011084403	02-14A22	687.42	16357	Lookup	Human	LabKey	Bioplex	02-14A22-IgA-Biotin.xls	
249320127	2009-03-12 00:00:00.0		9063	40564	02-14A22-IgA-Biotin.xls	1221	Luminex Assay 100	Unknown	X30	E6	0	140	140		21	21.0		21.0	6	6.0		6.0		0.70710677		0.70710677	2.00541	2.00541		2.00541							200.0				257	0.03288869	false			113	113	ENV1 (31)					false					02-14A22-IgA-Biotin.srbx	2011-06-21 13:50:00.0	LX10011084403	02-14A22	687.42	16357	Lookup	Human	LabKey	Bioplex	02-14A22-IgA-Biotin.xls	
249320489	2008-07-30 00:00:00.0		9129	40564	02-14A22-IgA-Biotin.xls	1221	Luminex Assay 100	Unknown	X15	C3	0	125	125		35	35.0		35.0	23.75	23.75		23.75		3.535534		3.535534	4.10117	4.10117		4.10117							200.0				127	0.10878566	false			114	114	ENV2 (41)					false					02-14A22-IgA-Biotin.srbx	2011-06-21 13:50:00.0	LX10011084403	02-14A22	687.42	16357	Lookup	Human	LabKey	Bioplex	02-14A22-IgA-Biotin.xls	
249320489	2008-07-30 00:00:00.0		9033	40564	02-14A22-IgA-Biotin.xls	1221	Luminex Assay 100	Unknown	X15	C3	0	125	125		30	30.0		30.0	15	15.0		15.0		0.0		0.0	4.14991	4.14991		4.14991							200.0				208	0.0	false			113	113	ENV1 (31)					false					02-14A22-IgA-Biotin.srbx	2011-06-21 13:50:00.0	LX10011084403	02-14A22	687.42	16357	Lookup	Human	LabKey	Bioplex	02-14A22-IgA-Biotin.xls	
249320489	2008-07-30 00:00:00.0		9130	40564	02-14A22-IgA-Biotin.xls	1221	Luminex Assay 100	Unknown	X15	D3	0	125	125		30	30.0		30.0	18.75	18.75		18.75		3.535534		3.535534	3.36799	3.36799		3.36799							200.0				180	0.10878566	false			114	114	ENV2 (41)					false					02-14A22-IgA-Biotin.srbx	2011-06-21 13:50:00.0	LX10011084403	02-14A22	687.42	16357	Lookup	Human	LabKey	Bioplex	02-14A22-IgA-Biotin.xls	
249320489	2008-07-30 00:00:00.0		9034	40564	02-14A22-IgA-Biotin.xls	1221	Luminex Assay 100	Unknown	X15	D3	0	125	125		30	30.0		30.0	15	15.0		15.0		0.0		0.0	4.14991	4.14991		4.14991							200.0				241	0.0	false			113	113	ENV1 (31)					false					02-14A22-IgA-Biotin.srbx	2011-06-21 13:50:00.0	LX10011084403	02-14A22	687.42	16357	Lookup	Human	LabKey	Bioplex	02-14A22-IgA-Biotin.xls	
249320489	2008-08-20 00:00:00.0		9041	40564	02-14A22-IgA-Biotin.xls	1221	Luminex Assay 100	Unknown	X19	C7	0	129	129		24	24.0		24.0	9	9.0		9.0		1.4142135		1.4142135	2.75484	2.75484		2.75484							200.0				233	0.061487544	false			113	113	ENV1 (31)					false					02-14A22-IgA-Biotin.srbx	2011-06-21 13:50:00.0	LX10011084403	02-14A22	687.42	16357	Lookup	Human	LabKey	Bioplex	02-14A22-IgA-Biotin.xls	
249320489	2008-08-20 00:00:00.0		9042	40564	02-14A22-IgA-Biotin.xls	1221	Luminex Assay 100	Unknown	X19	D7	0	129	129		22	22.0		22.0	7	7.0		7.0		1.4142135		1.4142135	2.26045	2.26045		2.26045							200.0				223	0.061487544	false			113	113	ENV1 (31)					false					02-14A22-IgA-Biotin.srbx	2011-06-21 13:50:00.0	LX10011084403	02-14A22	687.42	16357	Lookup	Human	LabKey	Bioplex	02-14A22-IgA-Biotin.xls	
249320489	2008-09-26 00:00:00.0		9047	40564	02-14A22-IgA-Biotin.xls	1221	Luminex Assay 100	Unknown	X22	C10	0	132	132		16	16.0		16.0	1	1.0		1.0		0.70710677		0.70710677	0.58921	0.58921		0.58921							200.0				211	0.042854957	false			113	113	ENV1 (31)					false					02-14A22-IgA-Biotin.srbx	2011-06-21 13:50:00.0	LX10011084403	02-14A22	687.42	16357	Lookup	Human	LabKey	Bioplex	02-14A22-IgA-Biotin.xls	
249320489	2008-09-26 00:00:00.0		9048	40564	02-14A22-IgA-Biotin.xls	1221	Luminex Assay 100	Unknown	X22	D10	0	132	132		17	17.0		17.0	2	2.0		2.0		0.70710677		0.70710677	0.90228	0.90228		0.90228							200.0				181	0.042854957	false			113	113	ENV1 (31)					false					02-14A22-IgA-Biotin.srbx	2011-06-21 13:50:00.0	LX10011084403	02-14A22	687.42	16357	Lookup	Human	LabKey	Bioplex	02-14A22-IgA-Biotin.xls	
249320489	2008-12-03 00:00:00.0		9056	40564	02-14A22-IgA-Biotin.xls	1221	Luminex Assay 100	Unknown	X26	F2	0	136	136		1366	1366.0		1366.0	1351	1351.0		1351.0		39.244427		39.244427	174.97461	174.97461		174.97461							200.0				182	0.028157435	false			113	113	ENV1 (31)					false					02-14A22-IgA-Biotin.srbx	2011-06-21 13:50:00.0	LX10011084403	02-14A22	687.42	16357	Lookup	Human	LabKey	Bioplex	02-14A22-IgA-Biotin.xls	
249320489	2008-12-03 00:00:00.0		9055	40564	02-14A22-IgA-Biotin.xls	1221	Luminex Assay 100	Unknown	X26	E2	0	136	136		1421.5	1421.5		1421.5	1406.5	1406.5		1406.5		39.244427		39.244427	180.97256	180.97256		180.97256							200.0				228	0.028157435	false			113	113	ENV1 (31)					false					02-14A22-IgA-Biotin.srbx	2011-06-21 13:50:00.0	LX10011084403	02-14A22	687.42	16357	Lookup	Human	LabKey	Bioplex	02-14A22-IgA-Biotin.xls	
249320489	2009-01-15 00:00:00.0		9060	40564	02-14A22-IgA-Biotin.xls	1221	Luminex Assay 100	Unknown	X28	F4	0	138	138		193.5	193.5		193.5	178.5	178.5		178.5		1.4142135		1.4142135	32.18947	32.18947		32.18947							200.0				194	0.0072710207	false			113	113	ENV1 (31)					false					02-14A22-IgA-Biotin.srbx	2011-06-21 13:50:00.0	LX10011084403	02-14A22	687.42	16357	Lookup	Human	LabKey	Bioplex	02-14A22-IgA-Biotin.xls	
249320489	2009-01-15 00:00:00.0		9059	40564	02-14A22-IgA-Biotin.xls	1221	Luminex Assay 100	Unknown	X28	E4	0	138	138		195.5	195.5		195.5	180.5	180.5		180.5		1.4142135		1.4142135	32.49039	32.49039		32.49039							200.0				190	0.0072710207	false			113	113	ENV1 (31)					false					02-14A22-IgA-Biotin.srbx	2011-06-21 13:50:00.0	LX10011084403	02-14A22	687.42	16357	Lookup	Human	LabKey	Bioplex	02-14A22-IgA-Biotin.xls	
249320897	2008-05-01 00:00:00.0		9007	40564	02-14A22-IgA-Biotin.xls	1221	Luminex Assay 100	Unknown	X2	A2	0	112	112		68	68.0		68.0	53	53.0		53.0		1.4142135		1.4142135	11.70831	11.70831		11.70831							200.0				231	0.021107664	false			113	113	ENV1 (31)					false					02-14A22-IgA-Biotin.srbx	2011-06-21 13:50:00.0	LX10011084403	02-14A22	687.42	16357	Lookup	Human	LabKey	Bioplex	02-14A22-IgA-Biotin.xls	
249320897	2008-05-01 00:00:00.0		9008	40564	02-14A22-IgA-Biotin.xls	1221	Luminex Assay 100	Unknown	X2	B2	0	112	112		66	66.0		66.0	51	51.0		51.0		1.4142135		1.4142135	11.34068	11.34068		11.34068							200.0				232	0.021107664	false			113	113	ENV1 (31)					false					02-14A22-IgA-Biotin.srbx	2011-06-21 13:50:00.0	LX10011084403	02-14A22	687.42	16357	Lookup	Human	LabKey	Bioplex	02-14A22-IgA-Biotin.xls	
249320897	2008-05-01 00:00:00.0		9103	40564	02-14A22-IgA-Biotin.xls	1221	Luminex Assay 100	Unknown	X2	A2	0	112	112		76.5	76.5		76.5	65.25	65.25		65.25		1.0606601		1.0606601	9.59763	9.59763		9.59763							200.0				158	0.013730229	false			114	114	ENV2 (41)					false					02-14A22-IgA-Biotin.srbx	2011-06-21 13:50:00.0	LX10011084403	02-14A22	687.42	16357	Lookup	Human	LabKey	Bioplex	02-14A22-IgA-Biotin.xls	
249320897	2008-05-01 00:00:00.0		9104	40564	02-14A22-IgA-Biotin.xls	1221	Luminex Assay 100	Unknown	X2	B2	0	112	112		78	78.0		78.0	66.75	66.75		66.75		1.0606601		1.0606601	9.7839	9.7839		9.7839							200.0				158	0.013730229	false			114	114	ENV2 (41)					false					02-14A22-IgA-Biotin.srbx	2011-06-21 13:50:00.0	LX10011084403	02-14A22	687.42	16357	Lookup	Human	LabKey	Bioplex	02-14A22-IgA-Biotin.xls	
249320897	2008-06-13 00:00:00.0		9014	40564	02-14A22-IgA-Biotin.xls	1221	Luminex Assay 100	Unknown	X5	B5	0	115	115		18	18.0		18.0	3	3.0		3.0		0.70710677		0.70710677	1.19512	1.19512		1.19512							200.0				206	0.03822199	false			113	113	ENV1 (31)					false					02-14A22-IgA-Biotin.srbx	2011-06-21 13:50:00.0	LX10011084403	02-14A22	687.42	16357	Lookup	Human	LabKey	Bioplex	02-14A22-IgA-Biotin.xls	
249320897	2008-06-13 00:00:00.0		9013	40564	02-14A22-IgA-Biotin.xls	1221	Luminex Assay 100	Unknown	X5	A5	0	115	115		19	19.0		19.0	4	4.0		4.0		0.70710677		0.70710677	1.4745	1.4745		1.4745							200.0				213	0.03822199	false			113	113	ENV1 (31)					false					02-14A22-IgA-Biotin.srbx	2011-06-21 13:50:00.0	LX10011084403	02-14A22	687.42	16357	Lookup	Human	LabKey	Bioplex	02-14A22-IgA-Biotin.xls	
249320897	2008-06-13 00:00:00.0		9110	40564	02-14A22-IgA-Biotin.xls	1221	Luminex Assay 100	Unknown	X5	B5	0	115	115		17	17.0		17.0	5.75	5.75		5.75		0.70710677		0.70710677	1.28819	1.28819		1.28819							200.0				131	0.0404061	false			114	114	ENV2 (41)					false					02-14A22-IgA-Biotin.srbx	2011-06-21 13:50:00.0	LX10011084403	02-14A22	687.42	16357	Lookup	Human	LabKey	Bioplex	02-14A22-IgA-Biotin.xls	
249320897	2008-06-13 00:00:00.0		9109	40564	02-14A22-IgA-Biotin.xls	1221	Luminex Assay 100	Unknown	X5	A5	0	115	115		18	18.0		18.0	6.75	6.75		6.75		0.70710677		0.70710677	1.46266	1.46266		1.46266							200.0				136	0.0404061	false			114	114	ENV2 (41)					false					02-14A22-IgA-Biotin.srbx	2011-06-21 13:50:00.0	LX10011084403	02-14A22	687.42	16357	Lookup	Human	LabKey	Bioplex	02-14A22-IgA-Biotin.xls	
249320897	2008-07-20 00:00:00.0		9118	40564	02-14A22-IgA-Biotin.xls	1221	Luminex Assay 100	Unknown	X9	B9	0	119	119		31	31.0		31.0	19.75	19.75		19.75		0.70710677		0.70710677	3.51669	3.51669		3.51669							200.0				123	0.022447834	false			114	114	ENV2 (41)					false					02-14A22-IgA-Biotin.srbx	2011-06-21 13:50:00.0	LX10011084403	02-14A22	687.42	16357	Lookup	Human	LabKey	Bioplex	02-14A22-IgA-Biotin.xls	
249320897	2008-07-20 00:00:00.0		9117	40564	02-14A22-IgA-Biotin.xls	1221	Luminex Assay 100	Unknown	X9	A9	0	119	119		32	32.0		32.0	20.75	20.75		20.75		0.70710677		0.70710677	3.6643	3.6643		3.6643							200.0				119	0.022447834	false			114	114	ENV2 (41)					false					02-14A22-IgA-Biotin.srbx	2011-06-21 13:50:00.0	LX10011084403	02-14A22	687.42	16357	Lookup	Human	LabKey	Bioplex	02-14A22-IgA-Biotin.xls	
249320897	2008-07-20 00:00:00.0		9021	40564	02-14A22-IgA-Biotin.xls	1221	Luminex Assay 100	Unknown	X9	A9	0	119	119		30	30.0		30.0	15	15.0		15.0		0.70710677		0.70710677	4.14991	4.14991		4.14991							200.0				155	0.023183828	false			113	113	ENV1 (31)					false					02-14A22-IgA-Biotin.srbx	2011-06-21 13:50:00.0	LX10011084403	02-14A22	687.42	16357	Lookup	Human	LabKey	Bioplex	02-14A22-IgA-Biotin.xls	
249320897	2008-07-20 00:00:00.0		9022	40564	02-14A22-IgA-Biotin.xls	1221	Luminex Assay 100	Unknown	X9	B9	0	119	119		31	31.0		31.0	16	16.0		16.0		0.70710677		0.70710677	4.37288	4.37288		4.37288							200.0				189	0.023183828	false			113	113	ENV1 (31)					false					02-14A22-IgA-Biotin.srbx	2011-06-21 13:50:00.0	LX10011084403	02-14A22	687.42	16357	Lookup	Human	LabKey	Bioplex	02-14A22-IgA-Biotin.xls	
249320897	2008-08-14 00:00:00.0		9032	40564	02-14A22-IgA-Biotin.xls	1221	Luminex Assay 100	Unknown	X14	D2	0	124	124		259	259.0		259.0	244	244.0		244.0		0.0		0.0	41.79511	41.79511		41.79511							200.0				197	0.0	false			113	113	ENV1 (31)					false					02-14A22-IgA-Biotin.srbx	2011-06-21 13:50:00.0	LX10011084403	02-14A22	687.42	16357	Lookup	Human	LabKey	Bioplex	02-14A22-IgA-Biotin.xls	
249320897	2008-08-14 00:00:00.0		9031	40564	02-14A22-IgA-Biotin.xls	1221	Luminex Assay 100	Unknown	X14	C2	0	124	124		259	259.0		259.0	244	244.0		244.0		0.0		0.0	41.79511	41.79511		41.79511							200.0				201	0.0	false			113	113	ENV1 (31)					false					02-14A22-IgA-Biotin.srbx	2011-06-21 13:50:00.0	LX10011084403	02-14A22	687.42	16357	Lookup	Human	LabKey	Bioplex	02-14A22-IgA-Biotin.xls	
249320897	2008-08-14 00:00:00.0		9127	40564	02-14A22-IgA-Biotin.xls	1221	Luminex Assay 100	Unknown	X14	C2	0	124	124		720	720.0		720.0	708.75	708.75		708.75		28.991379		28.991379	72.78888	72.78888		72.78888							200.0				152	0.04144586	false			114	114	ENV2 (41)					false					02-14A22-IgA-Biotin.srbx	2011-06-21 13:50:00.0	LX10011084403	02-14A22	687.42	16357	Lookup	Human	LabKey	Bioplex	02-14A22-IgA-Biotin.xls	
249320897	2008-08-14 00:00:00.0		9128	40564	02-14A22-IgA-Biotin.xls	1221	Luminex Assay 100	Unknown	X14	D2	0	124	124		679	679.0		679.0	667.75	667.75		667.75		28.991379		28.991379	69.18914	69.18914		69.18914							200.0				116	0.04144586	false			114	114	ENV2 (41)					false					02-14A22-IgA-Biotin.srbx	2011-06-21 13:50:00.0	LX10011084403	02-14A22	687.42	16357	Lookup	Human	LabKey	Bioplex	02-14A22-IgA-Biotin.xls	
249320897	2008-10-08 00:00:00.0		9050	40564	02-14A22-IgA-Biotin.xls	1221	Luminex Assay 100	Unknown	X23	D11	0	133	133		23	23.0		23.0	8	8.0		8.0		0.35355338		0.35355338	2.51001	2.51001		2.51001							200.0				219	0.015206598	false			113	113	ENV1 (31)					false					02-14A22-IgA-Biotin.srbx	2011-06-21 13:50:00.0	LX10011084403	02-14A22	687.42	16357	Lookup	Human	LabKey	Bioplex	02-14A22-IgA-Biotin.xls	
249320897	2008-10-08 00:00:00.0		9049	40564	02-14A22-IgA-Biotin.xls	1221	Luminex Assay 100	Unknown	X23	C11	0	133	133		23.5	23.5		23.5	8.5	8.5		8.5		0.35355338		0.35355338	2.63298	2.63298		2.63298							200.0				200	0.015206598	false			113	113	ENV1 (31)					false					02-14A22-IgA-Biotin.srbx	2011-06-21 13:50:00.0	LX10011084403	02-14A22	687.42	16357	Lookup	Human	LabKey	Bioplex	02-14A22-IgA-Biotin.xls	
249325717	2008-04-27 00:00:00.0		9101	40564	02-14A22-IgA-Biotin.xls	1221	Luminex Assay 100	Unknown	X1	A1	0	111	111		22.5	22.5		22.5	11.25	11.25		11.25		3.1819806		3.1819806	2.20991	2.20991		2.20991							200.0				120	0.15713485	false			114	114	ENV2 (41)					false					02-14A22-IgA-Biotin.srbx	2011-06-21 13:50:00.0	LX10011084403	02-14A22	687.42	16357	Lookup	Human	LabKey	Bioplex	02-14A22-IgA-Biotin.xls	
249325717	2008-04-27 00:00:00.0		9102	40564	02-14A22-IgA-Biotin.xls	1221	Luminex Assay 100	Unknown	X1	B1	0	111	111		18	18.0		18.0	6.75	6.75		6.75		3.1819806		3.1819806	1.46266	1.46266		1.46266							200.0				138	0.15713485	false			114	114	ENV2 (41)					false					02-14A22-IgA-Biotin.srbx	2011-06-21 13:50:00.0	LX10011084403	02-14A22	687.42	16357	Lookup	Human	LabKey	Bioplex	02-14A22-IgA-Biotin.xls	
249325717	2008-05-21 00:00:00.0		9010	40564	02-14A22-IgA-Biotin.xls	1221	Luminex Assay 100	Unknown	X3	B3	0	113	113		34	34.0		34.0	19	19.0		19.0		0.70710677		0.70710677	5.02923	5.02923		5.02923							200.0				211	0.021107664	false			113	113	ENV1 (31)					false					02-14A22-IgA-Biotin.srbx	2011-06-21 13:50:00.0	LX10011084403	02-14A22	687.42	16357	Lookup	Human	LabKey	Bioplex	02-14A22-IgA-Biotin.xls	
249325717	2008-05-21 00:00:00.0		9009	40564	02-14A22-IgA-Biotin.xls	1221	Luminex Assay 100	Unknown	X3	A3	0	113	113		33	33.0		33.0	18	18.0		18.0		0.70710677		0.70710677	4.8124	4.8124		4.8124							200.0				202	0.021107664	false			113	113	ENV1 (31)					false					02-14A22-IgA-Biotin.srbx	2011-06-21 13:50:00.0	LX10011084403	02-14A22	687.42	16357	Lookup	Human	LabKey	Bioplex	02-14A22-IgA-Biotin.xls	
249325717	2008-05-21 00:00:00.0		9105	40564	02-14A22-IgA-Biotin.xls	1221	Luminex Assay 100	Unknown	X3	A3	0	113	113		55.5	55.5		55.5	44.25	44.25		44.25		0.35355338		0.35355338	6.91443	6.91443		6.91443							200.0				120	0.0063417647	false			114	114	ENV2 (41)					false					02-14A22-IgA-Biotin.srbx	2011-06-21 13:50:00.0	LX10011084403	02-14A22	687.42	16357	Lookup	Human	LabKey	Bioplex	02-14A22-IgA-Biotin.xls	
249325717	2008-05-21 00:00:00.0		9106	40564	02-14A22-IgA-Biotin.xls	1221	Luminex Assay 100	Unknown	X3	B3	0	113	113		56	56.0		56.0	44.75	44.75		44.75		0.35355338		0.35355338	6.98022	6.98022		6.98022							200.0				123	0.0063417647	false			114	114	ENV2 (41)					false					02-14A22-IgA-Biotin.srbx	2011-06-21 13:50:00.0	LX10011084403	02-14A22	687.42	16357	Lookup	Human	LabKey	Bioplex	02-14A22-IgA-Biotin.xls	
249325717	2008-06-28 00:00:00.0		9015	40564	02-14A22-IgA-Biotin.xls	1221	Luminex Assay 100	Unknown	X6	A6	0	116	116		117.5	117.5		117.5	102.5	102.5		102.5		0.35355338		0.35355338	20.26365	20.26365		20.26365							200.0				172	0.0030025765	false			113	113	ENV1 (31)					false					02-14A22-IgA-Biotin.srbx	2011-06-21 13:50:00.0	LX10011084403	02-14A22	687.42	16357	Lookup	Human	LabKey	Bioplex	02-14A22-IgA-Biotin.xls	
249325717	2008-06-28 00:00:00.0		9112	40564	02-14A22-IgA-Biotin.xls	1221	Luminex Assay 100	Unknown	X6	B6	0	116	116		114	114.0		114.0	102.75	102.75		102.75		2.828427		2.828427	14.09808	14.09808		14.09808							200.0				138	0.024382992	false			114	114	ENV2 (41)					false					02-14A22-IgA-Biotin.srbx	2011-06-21 13:50:00.0	LX10011084403	02-14A22	687.42	16357	Lookup	Human	LabKey	Bioplex	02-14A22-IgA-Biotin.xls	
249325717	2008-06-28 00:00:00.0		9111	40564	02-14A22-IgA-Biotin.xls	1221	Luminex Assay 100	Unknown	X6	A6	0	116	116		118	118.0		118.0	106.75	106.75		106.75		2.828427		2.828427	14.56208	14.56208		14.56208							200.0				121	0.024382992	false			114	114	ENV2 (41)					false					02-14A22-IgA-Biotin.srbx	2011-06-21 13:50:00.0	LX10011084403	02-14A22	687.42	16357	Lookup	Human	LabKey	Bioplex	02-14A22-IgA-Biotin.xls	
249325717	2008-06-28 00:00:00.0		9016	40564	02-14A22-IgA-Biotin.xls	1221	Luminex Assay 100	Unknown	X6	B6	0	116	116		118	118.0		118.0	103	103.0		103.0		0.35355338		0.35355338	20.34599	20.34599		20.34599							200.0				225	0.0030025765	false			113	113	ENV1 (31)					false					02-14A22-IgA-Biotin.srbx	2011-06-21 13:50:00.0	LX10011084403	02-14A22	687.42	16357	Lookup	Human	LabKey	Bioplex	02-14A22-IgA-Biotin.xls	
249325717	2008-07-20 00:00:00.0		9023	40564	02-14A22-IgA-Biotin.xls	1221	Luminex Assay 100	Unknown	X10	A10	0	120	120		186	186.0		186.0	171	171.0		171.0		3.1819806		3.1819806	31.05608	31.05608		31.05608							200.0				189	0.0173169	false			113	113	ENV1 (31)					false					02-14A22-IgA-Biotin.srbx	2011-06-21 13:50:00.0	LX10011084403	02-14A22	687.42	16357	Lookup	Human	LabKey	Bioplex	02-14A22-IgA-Biotin.xls	
249325717	2008-07-20 00:00:00.0		9120	40564	02-14A22-IgA-Biotin.xls	1221	Luminex Assay 100	Unknown	X10	B10	0	120	120		235	235.0		235.0	223.75	223.75		223.75		8.485281		8.485281	27.29693	27.29693		27.29693							200.0				111	0.035208635	false			114	114	ENV2 (41)					false					02-14A22-IgA-Biotin.srbx	2011-06-21 13:50:00.0	LX10011084403	02-14A22	687.42	16357	Lookup	Human	LabKey	Bioplex	02-14A22-IgA-Biotin.xls	
249325717	2008-07-20 00:00:00.0		9119	40564	02-14A22-IgA-Biotin.xls	1221	Luminex Assay 100	Unknown	X10	A10	0	120	120		247	247.0		247.0	235.75	235.75		235.75		8.485281		8.485281	28.53637	28.53637		28.53637							200.0				112	0.035208635	false			114	114	ENV2 (41)					false					02-14A22-IgA-Biotin.srbx	2011-06-21 13:50:00.0	LX10011084403	02-14A22	687.42	16357	Lookup	Human	LabKey	Bioplex	02-14A22-IgA-Biotin.xls	
249325717	2008-07-20 00:00:00.0		9024	40564	02-14A22-IgA-Biotin.xls	1221	Luminex Assay 100	Unknown	X10	B10	0	120	120		181.5	181.5		181.5	166.5	166.5		166.5		3.1819806		3.1819806	30.3722	30.3722		30.3722							200.0				196	0.0173169	false			113	113	ENV1 (31)					false					02-14A22-IgA-Biotin.srbx	2011-06-21 13:50:00.0	LX10011084403	02-14A22	687.42	16357	Lookup	Human	LabKey	Bioplex	02-14A22-IgA-Biotin.xls	
249325717	2008-11-23 00:00:00.0		9045	40564	02-14A22-IgA-Biotin.xls	1221	Luminex Assay 100	Unknown	X21	C9	0	131	131		24	24.0		24.0	9	9.0		9.0		2.1213202		2.1213202	2.75484	2.75484		2.75484							200.0				223	0.094280906	false			113	113	ENV1 (31)					false					02-14A22-IgA-Biotin.srbx	2011-06-21 13:50:00.0	LX10011084403	02-14A22	687.42	16357	Lookup	Human	LabKey	Bioplex	02-14A22-IgA-Biotin.xls	
249325717	2008-11-23 00:00:00.0		9046	40564	02-14A22-IgA-Biotin.xls	1221	Luminex Assay 100	Unknown	X21	D9	0	131	131		21	21.0		21.0	6	6.0		6.0		2.1213202		2.1213202	2.00541	2.00541		2.00541							200.0				191	0.094280906	false			113	113	ENV1 (31)					false					02-14A22-IgA-Biotin.srbx	2011-06-21 13:50:00.0	LX10011084403	02-14A22	687.42	16357	Lookup	Human	LabKey	Bioplex	02-14A22-IgA-Biotin.xls	
