<?xml version="1.0" encoding="UTF-8"?>
<datasets metaDataFile="datasets_metadata.xml" xmlns="http://labkey.org/study/xml" xmlns:rep="http://labkey.org/data/xml/reportProps">
  <datasets>
    <dataset name="Luminex Assay 100" id="5018" category="Assays" type="Standard">
      <tags/>
    </dataset>
    <dataset name="Physical Exam" id="5004" category="Reports&amp;Exams" type="Standard">
      <tags>
        <rep:property>
          <rep:propDef name="status" label="Status" type="http://www.w3.org/2001/XMLSchema#string"/>
          <rep:propValue value="None"/>
        </rep:property>
        <rep:property>
          <rep:propDef name="author" label="Author" type="http://www.w3.org/2001/XMLSchema#int"/>
          <rep:propValue value="-1.0"/>
        </rep:property>
      </tags>
    </dataset>
    <dataset name="Demographics" id="5008" demographicData="true" type="Standard">
      <tags/>
    </dataset>
    <dataset name="HIV Test Results" id="5006" category="Tests" type="Standard">
      <tags/>
    </dataset>
    <dataset name="Lab Results" id="5007" category="Tests" type="Standard">
      <tags/>
    </dataset>
    <dataset name="Status Assessment" id="5009" category="Status" type="Standard">
      <tags/>
    </dataset>
    <dataset name="GenericAssay" id="5010" category="Assays" type="Standard">
      <tags>
        <rep:property>
          <rep:propDef name="status" label="Status" type="http://www.w3.org/2001/XMLSchema#string"/>
          <rep:propValue value="Final"/>
        </rep:property>
        <rep:property>
          <rep:propDef name="author" label="Author" type="http://www.w3.org/2001/XMLSchema#int"/>
          <rep:propValue value="0.0"/>
        </rep:property>
      </tags>
    </dataset>
    <dataset name="ELISpotAssay" id="5012" category="Assays" type="Standard">
      <tags>
        <rep:property>
          <rep:propDef name="status" label="Status" type="http://www.w3.org/2001/XMLSchema#string"/>
          <rep:propValue value="Locked"/>
        </rep:property>
        <rep:property>
          <rep:propDef name="author" label="Author" type="http://www.w3.org/2001/XMLSchema#int"/>
          <rep:propValue value="0.0"/>
        </rep:property>
        <rep:property>
          <rep:propDef name="refreshDate" label="RefreshDate" type="http://www.w3.org/2001/XMLSchema#dateTime"/>
          <rep:propValue value="Fri Apr 20 00:00:00 PDT 2012"/>
        </rep:property>
      </tags>
    </dataset>
    <dataset name="NAbAssay" id="5013" category="Assays" type="Standard">
      <tags/>
    </dataset>
    <dataset name="Microarray Test" id="5015" category="Assays" type="Standard">
      <tags/>
    </dataset>
    <dataset name="FileBasedAssay" id="5016" category="Assays" type="Standard">
      <tags>
        <rep:property>
          <rep:propDef name="status" label="Status" type="http://www.w3.org/2001/XMLSchema#string"/>
          <rep:propValue value="Draft"/>
        </rep:property>
        <rep:property>
          <rep:propDef name="author" label="Author" type="http://www.w3.org/2001/XMLSchema#int"/>
          <rep:propValue value="0.0"/>
        </rep:property>
      </tags>
    </dataset>
    <dataset name="Participation and Genetic Consent" id="5017" category="Cons" type="Standard">
      <tags/>
    </dataset>
    <dataset name="Demographics Snapshot" id="5019" category="Reports&amp;Exams" demographicData="true" type="Standard">
      <tags>
        <rep:property>
          <rep:propDef name="status" label="Status" type="http://www.w3.org/2001/XMLSchema#string"/>
          <rep:propValue value="None"/>
        </rep:property>
        <rep:property>
          <rep:propDef name="author" label="Author" type="http://www.w3.org/2001/XMLSchema#int"/>
          <rep:propValue value="-1.0"/>
        </rep:property>
      </tags>
    </dataset>
    <dataset name="Demographics Snap A" id="5020" category="Reports&amp;Exams" demographicData="true" type="Standard">
      <tags>
        <rep:property>
          <rep:propDef name="status" label="Status" type="http://www.w3.org/2001/XMLSchema#string"/>
          <rep:propValue value="None"/>
        </rep:property>
        <rep:property>
          <rep:propDef name="author" label="Author" type="http://www.w3.org/2001/XMLSchema#int"/>
          <rep:propValue value="-1.0"/>
        </rep:property>
      </tags>
    </dataset>
  </datasets>
</datasets>