ParticipantId	date	QCStateLabel	StartDate	Height	Gender	Country	Group	Status	Comments	SequenceNum
249318596	2008-05-17 00:00:00.0		2008-05-17 00:00:00.0	185	m	USA	Group 1: Acute HIV-1	confirmed		-1.0000
249320107	2008-06-04 00:00:00.0		2008-06-04 00:00:00.0	167	f	USA	Group 1: Acute HIV-1	confirmed		-1.0000
249320127	2008-07-31 00:00:00.0		2008-07-30 00:00:00.0	173	f	USA	Group 2: HIV-1 Negative	0	Latex allergy and hayfever.	-1.0000
249320489	2008-07-30 00:00:00.0		2008-07-30 00:00:00.0	174	f	USA	Group 1: Acute HIV-1	confirmed		-1.0000
249320897	2008-05-01 00:00:00.0		2008-05-01 00:00:00.0	165	f	USA	Group 2: HIV-1 Negative	1		-1.0000
249325717	2008-04-27 00:00:00.0		2008-04-27 00:00:00.0	197	m	USA	Group 2: HIV-1 Negative	0		-1.0000
