<?xml version="1.0" encoding="UTF-8"?>
<!--Exported from LabKey Server at http://localhost:8080/labkey/project/NPOD%20Project/My%20Study/begin.view by dave on Fri May 08 14:11:26 PDT 2015-->
<study archiveVersion="15.1" label="nPOD DataShare" timepointType="DATE" subjectNounSingular="nPOD CaseID" subjectNounPlural="nPOD CaseIDs" subjectColumnName="nPODCaseID" investigator="" grant="" species="" alternateIdPrefix="" alternateIdDigits="6" defaultTimepointDuration="500" startDate="2005-01-01-08:00" securityType="ADVANCED_WRITE" xmlns="http://labkey.org/study/xml" xmlns:xsi="http://www.w3.org/2001/XMLSchema-instance">
  <assaySchedule dir="assaySchedule"/>
  <cohorts type="AUTOMATIC" mode="SIMPLE" file="cohorts.xml"/>
  <datasets dir="datasets" file="datasets_manifest.xml">
    <definition file="nPOD.dataset"/>
  </datasets>
  <comments/>
  <specimens dir="specimens" file="nPOD.specimens"/>
  <treatmentData dir="treatmentData"/>
  <visits file="visit_map.xml"/>
  <studyViews dir="views" settings="settings.xml"/>
  <studyDescription rendererType="TEXT_WITH_LINKS">
    <description xsi:nil="true"/>
  </studyDescription>
  <properties dir="properties"/>
</study>