<?xml version="1.0" encoding="UTF-8"?>
<categories xmlns="http://labkey.org/study/xml/viewCategory">
  <category label="Reports" displayOrder="5"/>
  <category label="nPOD V Datasets" displayOrder="8"/>
  <category label="AutoAb Testing" displayOrder="7"/>
  <category label="HLA Typing" displayOrder="4"/>
  <category label="Histopathology" displayOrder="6"/>
  <category label="Terminal Hospitalization Donor Records" displayOrder="3"/>
  <category label="OPPC Lab" displayOrder="1"/>
  <category label="General Donor Information" displayOrder="2"/>
</categories>