<?xml version="1.0" encoding="UTF-8"?>
<!--Exported from LabKey Server at http://localhost:8080/labkey/project/FolderExportTest/Folder%201/begin.view by elvan@labkey.com on Wed Apr 25 12:41:31 PDT 2012-->
<tables xmlns="http://labkey.org/data/xml">
  <table tableName="Reagents" tableDbType="TABLE">
    <columns>
      <column columnName="Key">
        <datatype>integer</datatype>
        <columnTitle>Key</columnTitle>
        <nullable>false</nullable>
        <isHidden>true</isHidden>
        <facetingBehavior>AUTOMATIC</facetingBehavior>
        <isKeyField>true</isKeyField>
        <isAutoInc>true</isAutoInc>
      </column>
      <column columnName="Reagent">
        <datatype>varchar</datatype>
        <columnTitle>Reagent</columnTitle>
        <facetingBehavior>AUTOMATIC</facetingBehavior>
      </column>
    </columns>
    <pkColumnName>Key</pkColumnName>
  </table>
  <table tableName="Technicians" tableDbType="TABLE">
    <columns>
      <column columnName="Key">
        <datatype>integer</datatype>
        <columnTitle>Key</columnTitle>
        <nullable>false</nullable>
        <isHidden>true</isHidden>
        <facetingBehavior>AUTOMATIC</facetingBehavior>
        <isKeyField>true</isKeyField>
        <isAutoInc>true</isAutoInc>
      </column>
      <column columnName="FirstName">
        <datatype>varchar</datatype>
        <columnTitle>First Name</columnTitle>
        <facetingBehavior>AUTOMATIC</facetingBehavior>
      </column>
      <column columnName="LastName">
        <datatype>varchar</datatype>
        <columnTitle>Last Name</columnTitle>
        <facetingBehavior>AUTOMATIC</facetingBehavior>
      </column>
      <column columnName="ID">
        <datatype>integer</datatype>
        <columnTitle>ID</columnTitle>
        <facetingBehavior>AUTOMATIC</facetingBehavior>
      </column>
    </columns>
    <pkColumnName>Key</pkColumnName>
  </table>
  <table tableName="safe list" tableDbType="TABLE">
    <columns>
      <column columnName="Fruit">
        <datatype>varchar</datatype>
        <columnTitle>Fruit</columnTitle>
        <nullable>false</nullable>
        <facetingBehavior>AUTOMATIC</facetingBehavior>
        <isKeyField>true</isKeyField>
      </column>
      <column columnName="Color">
        <datatype>varchar</datatype>
        <columnTitle>Color</columnTitle>
        <isMvEnabled>true</isMvEnabled>
        <facetingBehavior>AUTOMATIC</facetingBehavior>
      </column>
    </columns>
    <pkColumnName>Fruit</pkColumnName>
  </table>
  <table tableName="Lab Machines" tableDbType="TABLE">
    <columns>
      <column columnName="InstrumentID">
        <datatype>varchar</datatype>
        <columnTitle>Instrument ID</columnTitle>
        <nullable>false</nullable>
        <facetingBehavior>AUTOMATIC</facetingBehavior>
        <isKeyField>true</isKeyField>
      </column>
      <column columnName="Name">
        <datatype>varchar</datatype>
        <columnTitle>Name</columnTitle>
        <facetingBehavior>AUTOMATIC</facetingBehavior>
      </column>
      <column columnName="ContactPerson">
        <datatype>varchar</datatype>
        <columnTitle>Contact Person</columnTitle>
        <facetingBehavior>AUTOMATIC</facetingBehavior>
      </column>
    </columns>
    <pkColumnName>InstrumentID</pkColumnName>
  </table>
</tables>