<?xml version="1.0" encoding="UTF-8"?>
<tables xmlns="http://labkey.org/data/xml">
  <table tableName="NAbTest" tableDbType="TABLE">
    <description>Contains up to one row of NAbTest data for each Participant/Visit combination.</description>
    <columns>
      <column columnName="ParticipantId">
        <datatype>varchar</datatype>
        <columnTitle>Participant ID</columnTitle>
        <description>Subject identifier</description>
        <propertyURI>http://cpas.labkey.com/Study#ParticipantId</propertyURI>
        <nullable>false</nullable>
        <importAliases>
          <importAlias>ptid</importAlias>
        </importAliases>
        <fk>
          <fkDbSchema>study</fkDbSchema>
          <fkTable>Participant</fkTable>
          <fkColumnName>ParticipantId</fkColumnName>
        </fk>
        <scale>32</scale>
      </column>
      <column columnName="date">
        <datatype>timestamp</datatype>
        <columnTitle>Date</columnTitle>
        <propertyURI>http://cpas.labkey.com/Study#VisitDate</propertyURI>
        <conceptURI>http://cpas.labkey.com/Study#VisitDate</conceptURI>
        <nullable>false</nullable>
        <formatString>Date</formatString>
      </column>
      <column columnName="test">
        <datatype>varchar</datatype>
        <columnTitle>Test</columnTitle>
        <rangeURI>http://www.w3.org/2001/XMLSchema#string</rangeURI>
        <scale>4000</scale>
      </column>
    </columns>
    <tableTitle>NAbTest</tableTitle>
  </table>
  <table tableName="FlowTest" tableDbType="TABLE">
    <description>Contains up to one row of FlowTest data for each Participant/Visit combination.</description>
    <columns>
      <column columnName="ParticipantId">
        <datatype>varchar</datatype>
        <columnTitle>Participant ID</columnTitle>
        <description>Subject identifier</description>
        <propertyURI>http://cpas.labkey.com/Study#ParticipantId</propertyURI>
        <nullable>false</nullable>
        <importAliases>
          <importAlias>ptid</importAlias>
        </importAliases>
        <fk>
          <fkDbSchema>study</fkDbSchema>
          <fkTable>Participant</fkTable>
          <fkColumnName>ParticipantId</fkColumnName>
        </fk>
        <scale>32</scale>
      </column>
      <column columnName="date">
        <datatype>timestamp</datatype>
        <columnTitle>Date</columnTitle>
        <propertyURI>http://cpas.labkey.com/Study#VisitDate</propertyURI>
        <conceptURI>http://cpas.labkey.com/Study#VisitDate</conceptURI>
        <nullable>false</nullable>
        <formatString>Date</formatString>
      </column>
      <column columnName="test">
        <datatype>varchar</datatype>
        <columnTitle>Test</columnTitle>
        <rangeURI>http://www.w3.org/2001/XMLSchema#string</rangeURI>
        <scale>4000</scale>
      </column>
    </columns>
    <tableTitle>FlowTest</tableTitle>
  </table>
  <table tableName="LuminexTest" tableDbType="TABLE">
    <description>Contains up to one row of LuminexTest data for each Participant/Visit combination.</description>
    <columns>
      <column columnName="ParticipantId">
        <datatype>varchar</datatype>
        <columnTitle>Participant ID</columnTitle>
        <description>Subject identifier</description>
        <propertyURI>http://cpas.labkey.com/Study#ParticipantId</propertyURI>
        <nullable>false</nullable>
        <importAliases>
          <importAlias>ptid</importAlias>
        </importAliases>
        <fk>
          <fkDbSchema>study</fkDbSchema>
          <fkTable>Participant</fkTable>
          <fkColumnName>ParticipantId</fkColumnName>
        </fk>
        <scale>32</scale>
      </column>
      <column columnName="date">
        <datatype>timestamp</datatype>
        <columnTitle>Date</columnTitle>
        <propertyURI>http://cpas.labkey.com/Study#VisitDate</propertyURI>
        <conceptURI>http://cpas.labkey.com/Study#VisitDate</conceptURI>
        <nullable>false</nullable>
        <formatString>Date</formatString>
      </column>
      <column columnName="test">
        <datatype>varchar</datatype>
        <columnTitle>Test</columnTitle>
        <rangeURI>http://www.w3.org/2001/XMLSchema#string</rangeURI>
        <scale>4000</scale>
      </column>
    </columns>
    <tableTitle>LuminexTest</tableTitle>
  </table>
  <table tableName="ELISATest" tableDbType="TABLE">
    <description>Contains up to one row of ELISATest data for each Participant/Visit combination.</description>
    <columns>
      <column columnName="ParticipantId">
        <datatype>varchar</datatype>
        <columnTitle>Participant ID</columnTitle>
        <description>Subject identifier</description>
        <propertyURI>http://cpas.labkey.com/Study#ParticipantId</propertyURI>
        <nullable>false</nullable>
        <importAliases>
          <importAlias>ptid</importAlias>
        </importAliases>
        <fk>
          <fkDbSchema>study</fkDbSchema>
          <fkTable>Participant</fkTable>
          <fkColumnName>ParticipantId</fkColumnName>
        </fk>
        <scale>32</scale>
      </column>
      <column columnName="date">
        <datatype>timestamp</datatype>
        <columnTitle>Date</columnTitle>
        <propertyURI>http://cpas.labkey.com/Study#VisitDate</propertyURI>
        <conceptURI>http://cpas.labkey.com/Study#VisitDate</conceptURI>
        <nullable>false</nullable>
        <formatString>Date</formatString>
      </column>
      <column columnName="test">
        <datatype>varchar</datatype>
        <columnTitle>Test</columnTitle>
        <rangeURI>http://www.w3.org/2001/XMLSchema#string</rangeURI>
        <scale>4000</scale>
      </column>
    </columns>
    <tableTitle>ELISATest</tableTitle>
  </table>
</tables>