<?xml version="1.0" encoding="UTF-8"?>
<!--Exported from LabKey Server at http://localhost:8080/labkey/project/StudyVerifyProject/begin.view by susanh@labkey.com on Fri Apr 24 10:55:59 PDT 2015-->
<folder archiveVersion="15.1" label="StudyVerifyProject" type="normal" title="StudyVerifyProject" xmlns="http://labkey.org/folder/xml" xmlns:ns="http://labkey.org/security/xml" xmlns:rol="http://labkey.org/security/xml/roleAssignment" xmlns:ns1="http://labkey.org/study/xml">
  <folderType name="None">
    <defaultModule>Core</defaultModule>
    <modules>
      <moduleName>Core</moduleName>
    </modules>
  </folderType>
  <searchable>true</searchable>
  <pages file="pages.xml"/>
  <moduleProperties/>
  <groups>
    <ns:group name="Editors" type="project">
      <ns:users>
        <ns:user name="dseditor@studysecurity.test"/>
      </ns:users>
    </ns:group>
    <ns:group name="No Access" type="project">
      <ns:users>
        <ns:user name="dsnone@studysecurity.test"/>
      </ns:users>
    </ns:group>
    <ns:group name="Readers" type="project">
      <ns:users>
        <ns:user name="dsreader@studysecurity.test"/>
      </ns:users>
    </ns:group>
    <ns:group name="The Limited" type="project">
      <ns:users>
        <ns:user name="dslimited@studysecurity.test"/>
      </ns:users>
    </ns:group>
    <ns:group name="Users" type="project"/>
  </groups>
  <roleAssignments>
    <rol:roleAssignment>
      <rol:role name="org.labkey.api.security.roles.ReaderRole"/>
      <rol:groups>
        <ns:group name="Readers" type="project"/>
        <ns:group name="The Limited" type="project"/>
        <ns:group name="No Access" type="project"/>
      </rol:groups>
    </rol:roleAssignment>
    <rol:roleAssignment>
      <rol:role name="org.labkey.api.security.roles.EditorRole"/>
      <rol:groups>
        <ns:group name="Editors" type="project"/>
      </rol:groups>
    </rol:roleAssignment>
  </roleAssignments>
  <wikis dir="wikis"/>
  <notifications>
    <messagesDefault id="2" label="My conversations"/>
    <filesDefault id="512" label="No Email"/>
  </notifications>
  <missingValueIndicators>
    <ns1:missingValueIndicator indicator="Q" label="Data currently under quality control review."/>
    <ns1:missingValueIndicator indicator="N" label="Required field marked by site as 'data not available'."/>
  </missingValueIndicators>
  <subfolders dir="subfolders"/>
</folder>