<?xml version="1.0" encoding="UTF-8"?>
<participantGroups xmlns="http://labkey.org/study/xml/participantGroups">
  <participantCategory label="Medical Status" type="manual" autoUpdate="false" datasetId="0"/>
  <participantCategory label="Gender" type="manual" autoUpdate="false" datasetId="0">
    <group label="Females" categoryLabel="Gender">
      <participantId>249320127</participantId>
      <participantId>249320897</participantId>
      <participantId>249320107</participantId>
      <participantId>249320489</participantId>
    </group>
    <group label="Males" categoryLabel="Gender">
      <participantId>249325717</participantId>
      <participantId>249318596</participantId>
    </group>
  </participantCategory>
  <participantCategory label="Males" type="list" autoUpdate="false" datasetId="0"/>
  <participantCategory label="Females" type="list" autoUpdate="false" datasetId="0"/>
</participantGroups>