<?xml version="1.0" encoding="UTF-8"?>
<!--Exported from LabKey Server at http://localhost:8080/labkey/project/Report%20Dataset%20Notify%20Test/begin.view by dave on Thu Jun 12 13:34:20 PDT 2014-->
<study archiveVersion="14.1" label="Demo Study" timepointType="DATE" subjectNounSingular="Participant" subjectNounPlural="Participants" subjectColumnName="ParticipantId" investigator="Maria Casa, PhD; Carroll Hansen, PhD" grant="The Piehler/Eckels Foundation" species="" alternateIdPrefix="" alternateIdDigits="6" defaultTimepointDuration="1" startDate="2008-01-01-08:00" securityType="ADVANCED_WRITE" xmlns="http://labkey.org/study/xml">
  <assaySchedule dir="assaySchedule"/>
  <cohorts type="AUTOMATIC" mode="SIMPLE" file="cohorts.xml"/>
  <datasets dir="datasets" file="datasets_manifest.xml">
    <definition file="Demo.dataset"/>
  </datasets>
  <comments/>
  <protocolDocs dir="protocolDocs"/>
  <qcStates file="quality_control_states.xml"/>
  <treatmentData dir="treatmentData"/>
  <visits file="visit_map.xml"/>
  <studyViews dir="views" settings="settings.xml"/>
  <studyDescription rendererType="HTML">
    <description><![CDATA[<p><b>CD4 and Lymphocyte Physiology in HIV+ and HIV- Subjects</b></p>  <p>This study tracks CD4 and lymphocyte levels in two cohorts of HIV+ and HIV- participants.  Data was collected on six subjects over three years.</p>]]></description>
  </studyDescription>
  <properties dir="properties"/>
</study>