<?xml version="1.0" encoding="UTF-8"?>
<!--Exported from Release-21-3-Sanity-A at https://release-21-3-sanity-a.lkpoc.labkey.com/ReportDatasetNotifyTest/project-begin.view by danield on Tue Mar 30 14:28:12 PDT 2021-->
<study archiveVersion="21.001" label="Demo Study" timepointType="DATE" subjectNounSingular="Participant" subjectNounPlural="Participants" subjectColumnName="ParticipantId" investigator="Maria Casa, PhD; Carroll Hansen, PhD" grant="The Piehler/Eckels Foundation" species="" alternateIdPrefix="" alternateIdDigits="6" defaultTimepointDuration="1" startDate="2008-01-01-08:00" securityType="ADVANCED_WRITE" xmlns="http://labkey.org/study/xml">
  <assaySchedule dir="assaySchedule"/>
  <cohorts type="AUTOMATIC" mode="SIMPLE" file="cohorts.xml"/>
  <datasets dir="datasets" file="datasets_manifest.xml">
    <definition file="Demo.dataset"/>
  </datasets>
  <comments/>
  <protocolDocs dir="protocolDocs"/>
  <treatmentData dir="treatmentData"/>
  <visits file="visit_map.xml"/>
  <studyViews dir="views" settings="settings.xml"/>
  <studyDescription rendererType="HTML">
    <description><![CDATA[<p><b>CD4 and Lymphocyte Physiology in HIV+ and HIV- Subjects</b></p>  <p>This study tracks CD4 and lymphocyte levels in two cohorts of HIV+ and HIV- participants.  Data was collected on six subjects over three years.</p>]]></description>
  </studyDescription>
  <properties dir="properties"/>
</study>