<?xml version="1.0" encoding="UTF-8"?>
<!--Exported from LabKey Server at http://localhost:8080/labkey/project/StudyVerifyProject/My%20Study/begin.view by susanh@labkey.com on Fri Apr 24 10:55:59 PDT 2015-->
<study archiveVersion="15.1" label="Study 001" timepointType="VISIT" subjectNounSingular="Mouse" subjectNounPlural="Mice" subjectColumnName="MouseId" investigator="" grant="" species="" alternateIdPrefix="" alternateIdDigits="6" defaultTimepointDuration="1" startDate="2009-08-17-07:00" securityType="BASIC_READ" xmlns="http://labkey.org/study/xml" xmlns:xsi="http://www.w3.org/2001/XMLSchema-instance">
  <assaySchedule dir="assaySchedule"/>
  <cohorts type="AUTOMATIC" mode="SIMPLE" datasetId="125" datasetProperty="EVCgroup" file="cohorts.xml"/>
  <datasets dir="datasets" file="datasets_manifest.xml">
    <definition file="Study.dataset"/>
  </datasets>
  <comments/>
  <qcStates file="quality_control_states.xml"/>
  <specimens dir="specimens" settings="specimen_settings.xml" file="Study.specimens"/>
  <treatmentData dir="treatmentData"/>
  <visits file="visit_map.xml"/>
  <studyViews dir="views" settings="settings.xml"/>
  <participantAliasDataset datasetId="5002" aliasProperty="Alt ID" sourceProperty="Source"/>
  <studyDescription rendererType="TEXT_WITH_LINKS">
    <description xsi:nil="true"/>
  </studyDescription>
  <properties dir="properties"/>
</study>