<?xml version="1.0" encoding="UTF-8"?>
<!--Exported from LabKey Software Foundation at https://www.labkey.org/project/home/Study/demo/begin.view by Trey on Mon Mar 14 12:54:19 PDT 2011-->
<tables xmlns="http://labkey.org/data/xml">
  <table tableName="Reagents" tableDbType="TABLE">
    <columns>
      <column columnName="Key">
        <datatype>integer</datatype>
        <columnTitle>Key</columnTitle>
        <nullable>false</nullable>
        <isKeyField>true</isKeyField>
        <isAutoInc>true</isAutoInc>
      </column>
      <column columnName="Reagent">
        <datatype>varchar</datatype>
        <columnTitle>Reagent</columnTitle>
      </column>
    </columns>
    <pkColumnName>Key</pkColumnName>
  </table>
  <table tableName="Technicians" tableDbType="TABLE">
    <columns>
      <column columnName="Key">
        <datatype>integer</datatype>
        <columnTitle>Key</columnTitle>
        <nullable>false</nullable>
        <measure>true</measure>
        <isKeyField>true</isKeyField>
        <isAutoInc>true</isAutoInc>
      </column>
      <column columnName="FirstName">
        <datatype>varchar</datatype>
        <columnTitle>First Name</columnTitle>
      </column>
      <column columnName="LastName">
        <datatype>varchar</datatype>
        <columnTitle>Last Name</columnTitle>
      </column>
      <column columnName="ID">
        <datatype>integer</datatype>
        <columnTitle>ID</columnTitle>
      </column>
    </columns>
    <pkColumnName>Key</pkColumnName>
  </table>
  <table tableName="Lab Machines" tableDbType="TABLE">
    <columns>
      <column columnName="InstrumentID">
        <datatype>varchar</datatype>
        <columnTitle>Instrument ID</columnTitle>
        <nullable>false</nullable>
        <isKeyField>true</isKeyField>
      </column>
      <column columnName="Name">
        <datatype>varchar</datatype>
        <columnTitle>Name</columnTitle>
      </column>
      <column columnName="ContactPerson">
        <datatype>varchar</datatype>
        <columnTitle>Contact Person</columnTitle>
      </column>
    </columns>
    <pkColumnName>InstrumentID</pkColumnName>
  </table>
</tables>