<?xml version="1.0" encoding="UTF-8"?>
<!--Exported from LabKey Server at http://localhost:8080/labkey/project/SearchTest%20Project/Folder%20Apple/begin.view by elvan@labkey.com on Wed Jul 25 12:34:55 PDT 2012-->
<tables xmlns="http://labkey.org/data/xml">
  <table tableName="CustomIndexing" tableDbType="TABLE">
    <columns>
      <column columnName="Key">
        <datatype>integer</datatype>
        <columnTitle>Key</columnTitle>
        <nullable>false</nullable>
        <isHidden>true</isHidden>
        <facetingBehavior>AUTOMATIC</facetingBehavior>
        <isKeyField>true</isKeyField>
        <isAutoInc>true</isAutoInc>
      </column>
      <column columnName="Animal">
        <datatype>varchar</datatype>
        <columnTitle>Animal</columnTitle>
        <facetingBehavior>AUTOMATIC</facetingBehavior>
      </column>
      <column columnName="Name">
        <datatype>varchar</datatype>
        <columnTitle>Name</columnTitle>
        <facetingBehavior>AUTOMATIC</facetingBehavior>
      </column>
    </columns>
    <pkColumnName>Key</pkColumnName>
  </table>
  <table tableName="Indexed as one doc" tableDbType="TABLE">
    <columns>
      <column columnName="Key">
        <datatype>integer</datatype>
        <columnTitle>Key</columnTitle>
        <nullable>false</nullable>
        <isHidden>true</isHidden>
        <facetingBehavior>AUTOMATIC</facetingBehavior>
        <isKeyField>true</isKeyField>
        <isAutoInc>true</isAutoInc>
      </column>
      <column columnName="Animal">
        <datatype>varchar</datatype>
        <columnTitle>Animal</columnTitle>
        <facetingBehavior>AUTOMATIC</facetingBehavior>
      </column>
    </columns>
    <pkColumnName>Key</pkColumnName>
  </table>
  <table tableName="List To Delete" tableDbType="TABLE">
    <columns>
      <column columnName="Key">
        <datatype>integer</datatype>
        <columnTitle>Key</columnTitle>
        <nullable>false</nullable>
        <isHidden>true</isHidden>
        <facetingBehavior>AUTOMATIC</facetingBehavior>
        <isKeyField>true</isKeyField>
        <isAutoInc>true</isAutoInc>
      </column>
      <column columnName="Animal">
        <datatype>varchar</datatype>
        <columnTitle>Animal</columnTitle>
        <facetingBehavior>AUTOMATIC</facetingBehavior>
      </column>
    </columns>
    <pkColumnName>Key</pkColumnName>
  </table>
  <table tableName="List2" tableDbType="TABLE">
    <columns>
      <column columnName="Key">
        <datatype>integer</datatype>
        <columnTitle>Key</columnTitle>
        <nullable>false</nullable>
        <isHidden>true</isHidden>
        <facetingBehavior>AUTOMATIC</facetingBehavior>
        <isKeyField>true</isKeyField>
        <isAutoInc>true</isAutoInc>
      </column>
      <column columnName="Animal">
        <datatype>varchar</datatype>
        <columnTitle>Animal</columnTitle>
        <facetingBehavior>AUTOMATIC</facetingBehavior>
      </column>
      <column columnName="Number">
        <datatype>integer</datatype>
        <columnTitle>Number</columnTitle>
        <measure>false</measure>
        <facetingBehavior>AUTOMATIC</facetingBehavior>
      </column>
    </columns>
    <pkColumnName>Key</pkColumnName>
  </table>
  <table tableName="MetaDataSet" tableDbType="TABLE">
    <columns>
      <column columnName="Key">
        <datatype>integer</datatype>
        <columnTitle>Key</columnTitle>
        <nullable>false</nullable>
        <isHidden>true</isHidden>
        <facetingBehavior>AUTOMATIC</facetingBehavior>
        <isKeyField>true</isKeyField>
        <isAutoInc>true</isAutoInc>
      </column>
      <column columnName="Animal">
        <datatype>varchar</datatype>
        <columnTitle>Turtleduck</columnTitle>
        <facetingBehavior>AUTOMATIC</facetingBehavior>
      </column>
    </columns>
    <pkColumnName>Key</pkColumnName>
  </table>
  <table tableName="List1" tableDbType="TABLE">
    <description>List1 Description</description>
    <columns>
      <column columnName="Key">
        <datatype>integer</datatype>
        <columnTitle>Key</columnTitle>
        <nullable>false</nullable>
        <isHidden>true</isHidden>
        <facetingBehavior>AUTOMATIC</facetingBehavior>
        <isKeyField>true</isKeyField>
        <isAutoInc>true</isAutoInc>
      </column>
      <column columnName="Name">
        <datatype>varchar</datatype>
        <columnTitle>Name</columnTitle>
        <facetingBehavior>AUTOMATIC</facetingBehavior>
      </column>
      <column columnName="Unique ID">
        <datatype>integer</datatype>
        <columnTitle>Unique ID</columnTitle>
        <measure>true</measure>
        <facetingBehavior>AUTOMATIC</facetingBehavior>
      </column>
      <column columnName="Date">
        <datatype>timestamp</datatype>
        <columnTitle>Date</columnTitle>
        <facetingBehavior>AUTOMATIC</facetingBehavior>
      </column>
    </columns>
    <pkColumnName>Key</pkColumnName>
  </table>
</tables>