<?xml version="1.0" encoding="UTF-8"?>
<!--Exported from LabKey Software Foundation at https://www.labkey.org/project/home/Study/demo/begin.view by Trey on Mon Mar 14 12:54:21 PDT 2011-->
<study label="Demo Study" timepointType="DATE" subjectNounSingular="Participant" subjectNounPlural="Participants" subjectColumnName="ParticipantId" startDate="2008-01-01-08:00" securityType="ADVANCED_WRITE" xmlns="http://labkey.org/study/xml">
  <queries dir="queries"/>
  <views dir="views"/>
  <reports dir="reports"/>
  <lists dir="lists"/>
  <visits file="visit_map.xml"/>
  <cohorts type="AUTOMATIC" mode="SIMPLE" datasetId="5008" datasetProperty="Group"/>
  <qcStates showPrivateDataByDefault="false"/>
  <datasets dir="datasets" file="datasets_manifest.xml">
    <definition file="DemoStudy.dataset"/>
  </datasets>
  <specimens repositoryType="ADVANCED" dir="specimens" file="DemoStudy.specimens"/>
  <comments participantCommentDatasetId="5008" participantCommentDatasetProperty="Comments"/>
  <missingValueIndicators>
    <missingValueIndicator indicator="Q" label="Data currently under quality control review."/>
    <missingValueIndicator indicator="N" label="Required field marked by site as 'data not available'."/>
    <missingValueIndicator indicator="UNK" label="Unknown"/>
  </missingValueIndicators>
</study>