<?xml version="1.0" encoding="UTF-8"?>
<participantGroups xmlns="http://labkey.org/study/xml/participantGroups">
  <participantCategory label="Gender" type="manual" autoUpdate="false" datasetId="0">
    <group label="Female" categoryLabel="Gender">
      <participantId>999320016</participantId>
      <participantId>999320529</participantId>
      <participantId>999320541</participantId>
      <participantId>999320576</participantId>
      <participantId>999320590</participantId>
      <participantId>999320613</participantId>
      <participantId>999320638</participantId>
      <participantId>999320646</participantId>
      <participantId>999320671</participantId>
      <participantId>999320695</participantId>
    </group>
    <group label="Male" categoryLabel="Gender">
      <participantId>999320518</participantId>
      <participantId>999320533</participantId>
      <participantId>999320557</participantId>
      <participantId>999320565</participantId>
      <participantId>999320582</participantId>
      <participantId>999320609</participantId>
      <participantId>999320624</participantId>
      <participantId>999320652</participantId>
      <participantId>999320660</participantId>
      <participantId>999320687</participantId>
      <participantId>999320703</participantId>
      <participantId>999320719</participantId>
      <participantId>999321029</participantId>
      <participantId>999321033</participantId>
    </group>
  </participantCategory>
</participantGroups>