Label	StartDate	EndDate	TimepointType	SubjectNounSingular	SubjectNounPlural	SubjectColumnName	Grant	Investigator	Species	ParticipantAliasDatasetId	ParticipantAliasProperty	ParticipantAliasSourceProperty	AssayPlan	Description	DescriptionRendererType	DateBased	LSID
Rollup Test	2008-01-01 00:00:00.0		DATE	Participant	Participants	ParticipantId	The Piehler/Eckels Foundation	Maria Casa, PhD; Carroll Hansen, PhD						"<h3>HIV Disease Progression: A Comparison of ARV Treatment Regimes</h3>

<p>LabKey Server uses a <b>fictional study</b> for its sample data. This imaginary cohort study examines the effects of HIV on the human immune system over two years of data ""collection"".</p>


<p>  <b>Specimen Data.</b> Browse the specimens used in the study.</p>"	HTML	true	urn:lsid:labkey.com:Study.Folder-8154:8154
