<?xml version="1.0" encoding="UTF-8"?>
<!--Exported from LabKey Software Foundation at https://www.labkey.org/project/Staff/cnathe/time%20chart%20testing/Visit%20Based%20Study/begin.view by cnathe on Thu Oct 03 08:51:11 PDT 2013-->
<folder archiveVersion="13.2" label="Visit Based Study" type="normal" title="Visit Based Study" xmlns="http://labkey.org/folder/xml">
  <folderType name="Study">
    <defaultModule>Core</defaultModule>
    <modules>
      <moduleName>Pipeline</moduleName>
      <moduleName>Wiki</moduleName>
      <moduleName>FileContent</moduleName>
      <moduleName>Announcements</moduleName>
      <moduleName>Query</moduleName>
      <moduleName>Core</moduleName>
      <moduleName>Issues</moduleName>
      <moduleName>Study</moduleName>
      <moduleName>Experiment</moduleName>
    </modules>
  </folderType>
  <reports dir="reports"/>
  <study dir="study"/>
</folder>