<?xml version="1.0" encoding="UTF-8"?>
<pages xmlns="http://labkey.org/folder/xml">
  <page index="2" name="DefaultDashboard" propertyString="" hidden="false">
    <webpart>
      <name>Wiki</name>
      <index>1</index>
      <location>!content</location>
      <permanent>false</permanent>
    </webpart>
    <webpart>
      <name>Wiki Table of Contents</name>
      <index>2</index>
      <location>right</location>
      <permanent>false</permanent>
    </webpart>
    <webpart>
      <name>Messages</name>
      <index>3</index>
      <location>!content</location>
      <permanent>false</permanent>
    </webpart>
  </page>
  <page index="3" name="portal.default" propertyString="" hidden="false">
    <webpart>
      <name>Wiki</name>
      <index>1</index>
      <location>!content</location>
      <permanent>false</permanent>
      <properties>
        <property key="legacyPageAdded" value="true"/>
      </properties>
    </webpart>
    <webpart>
      <name>Wiki Table of Contents</name>
      <index>2</index>
      <location>right</location>
      <permanent>false</permanent>
      <properties>
        <property key="legacyPageAdded" value="true"/>
      </properties>
    </webpart>
    <webpart>
      <name>Messages</name>
      <index>3</index>
      <location>!content</location>
      <permanent>false</permanent>
      <properties>
        <property key="legacyPageAdded" value="true"/>
      </properties>
    </webpart>
  </page>
</pages>