<?xml version="1.0" encoding="UTF-8"?>
<!--Exported from LabKey Server at http://localhost:8080/labkey/project/Report%20Dataset%20Notify%20Test/begin.view by dave on Thu Jun 12 13:34:20 PDT 2014-->
<folder archiveVersion="14.1" label="Report Dataset Notify Test" type="normal" title="Report Dataset Notify Test" xmlns="http://labkey.org/folder/xml">
  <queries dir="queries"/>
  <views dir="views"/>
  <reports dir="reports"/>
  <missingValueIndicators>
    <ns:missingValueIndicator indicator="Q" label="Data currently under quality control review." xmlns:ns="http://labkey.org/study/xml"/>
    <ns:missingValueIndicator indicator="N" label="Required field marked by site as 'data not available'." xmlns:ns="http://labkey.org/study/xml"/>
    <ns:missingValueIndicator indicator="UNK" label="Unknown" xmlns:ns="http://labkey.org/study/xml"/>
  </missingValueIndicators>
  <study dir="study"/>
</folder>