<?xml version="1.0" encoding="UTF-8"?>
<pages xmlns="http://labkey.org/folder/xml">
  <page index="4" name="study.DATA_ANALYSIS" propertyString="" hidden="false">
    <webpart>
      <name>Data Views</name>
      <index>1</index>
      <location>!content</location>
      <permanent>false</permanent>
    </webpart>
    <webpart>
      <name>Study Data Tools</name>
      <index>2</index>
      <location>right</location>
      <permanent>false</permanent>
    </webpart>
  </page>
  <page index="2" name="Overview" propertyString="" hidden="false">
    <webpart>
      <name>Study Overview</name>
      <index>1</index>
      <location>!content</location>
      <permanent>false</permanent>
    </webpart>
  </page>
  <page index="3" name="study.PARTICIPANTS" propertyString="" hidden="false">
    <webpart>
      <name>Search</name>
      <index>1</index>
      <location>!content</location>
      <permanent>false</permanent>
    </webpart>
    <webpart>
      <name>Subject List</name>
      <index>2</index>
      <location>!content</location>
      <permanent>false</permanent>
    </webpart>
  </page>
  <page index="5" name="Manage" propertyString="" hidden="false"/>
  <page index="6" name="portal.default" propertyString="" hidden="false">
    <webpart>
      <name>Study Overview</name>
      <index>1</index>
      <location>!content</location>
      <permanent>false</permanent>
      <properties>
        <property key="legacyPageAdded" value="true"/>
      </properties>
    </webpart>
  </page>
</pages>