<?xml version="1.0" encoding="UTF-8"?>
<!--Exported from LabKey Server at http://localhost:8080/labkey/project/My%20Study%20With%20Demo%20Bit/begin.view by dave on Tue Oct 21 12:01:03 PDT 2014-->
<study archiveVersion="14.24" label="Study 001" timepointType="VISIT" subjectNounSingular="Mouse" subjectNounPlural="Mice" subjectColumnName="MouseId" investigator="" grant="" species="" alternateIdPrefix="" alternateIdDigits="6" defaultTimepointDuration="1" startDate="2009-08-17-07:00" securityType="BASIC_READ" xmlns="http://labkey.org/study/xml">
  <datasets dir="datasets" file="datasets_manifest.xml">
    <definition file="Study.dataset"/>
  </datasets>
  <participantAliasDataset datasetId="5002" aliasProperty="Alt ID" sourceProperty="Source"/>
  <studyDescription rendererType="TEXT_WITH_LINKS">
    <description xsi:nil="true" xmlns:xsi="http://www.w3.org/2001/XMLSchema-instance"/>
  </studyDescription>
  <properties dir="properties"/>
</study>