ParticipantId	date	QCStateLabel	ObjectId	ObjectUri	SpecimenLsid	SpecimenLsid.LSID	NormalizedSpotCount	SpotCount	WellgroupName	WellgroupLocation	AntigenID	AntigenName	CellWell	SpecimenLsid.Property.SpecimenID	SpecimenLsid.Property.SampleDescription	SpecimenLsid.Property.VisitID	Run.ProtocolName	Run.LabID	Run.PlateID	Run.TemplateID	Run.ExperimentDate	Run.PlateReader	Run.PlateReader.PlateReader	Run.SubtractBackground	Run.Name	Run.Comments
249318596	2008-09-02 00:00:00.0		29734	urn:lsid:cpas.fhcrc.org:ElispotAssayDataRow.Folder-656:7a8517cf-7af4-102c-ba3f-d104f9cd649f-0%3A0	urn:lsid:cpas.fhcrc.org:Sample.656.ELISpotAssay:OBJECT-Specimen+1-1252010058753	urn:lsid:cpas.fhcrc.org:Sample.656.ELISpotAssay:OBJECT-Specimen+1-1252010058753	0.0	0.0	Specimen 1	(0, 0)	1	Con6 140 CF	40000	526455390.2504.346		2804.0	SOP	MONT	p1277		2009-03-15 00:00:00.0	Zeiss	Zeiss	false	Zeiss_datafile.txt	
249318596	2008-09-02 00:00:00.0		29735	urn:lsid:cpas.fhcrc.org:ElispotAssayDataRow.Folder-656:7a8517cf-7af4-102c-ba3f-d104f9cd649f-1%3A0	urn:lsid:cpas.fhcrc.org:Sample.656.ELISpotAssay:OBJECT-Specimen+1-1252010058753	urn:lsid:cpas.fhcrc.org:Sample.656.ELISpotAssay:OBJECT-Specimen+1-1252010058753	19125.0	765.0	Specimen 1	(1, 0)	2	ConT 140 CF	40000	526455390.2504.346		2804.0	SOP	MONT	p1277		2009-03-15 00:00:00.0	Zeiss	Zeiss	false	Zeiss_datafile.txt	
249318596	2008-09-02 00:00:00.0		29736	urn:lsid:cpas.fhcrc.org:ElispotAssayDataRow.Folder-656:7a8517cf-7af4-102c-ba3f-d104f9cd649f-0%3A1	urn:lsid:cpas.fhcrc.org:Sample.656.ELISpotAssay:OBJECT-Specimen+1-1252010058753	urn:lsid:cpas.fhcrc.org:Sample.656.ELISpotAssay:OBJECT-Specimen+1-1252010058753	125.0	5.0	Specimen 1	(0, 1)	1	Con6 140 CF	40000	526455390.2504.346		2804.0	SOP	MONT	p1277		2009-03-15 00:00:00.0	Zeiss	Zeiss	false	Zeiss_datafile.txt	
249318596	2008-09-02 00:00:00.0		29737	urn:lsid:cpas.fhcrc.org:ElispotAssayDataRow.Folder-656:7a8517cf-7af4-102c-ba3f-d104f9cd649f-1%3A1	urn:lsid:cpas.fhcrc.org:Sample.656.ELISpotAssay:OBJECT-Specimen+1-1252010058753	urn:lsid:cpas.fhcrc.org:Sample.656.ELISpotAssay:OBJECT-Specimen+1-1252010058753	18125.0	725.0	Specimen 1	(1, 1)	2	ConT 140 CF	40000	526455390.2504.346		2804.0	SOP	MONT	p1277		2009-03-15 00:00:00.0	Zeiss	Zeiss	false	Zeiss_datafile.txt	
249318596	2008-09-02 00:00:00.0		29738	urn:lsid:cpas.fhcrc.org:ElispotAssayDataRow.Folder-656:7a8517cf-7af4-102c-ba3f-d104f9cd649f-0%3A2	urn:lsid:cpas.fhcrc.org:Sample.656.ELISpotAssay:OBJECT-Specimen+1-1252010058753	urn:lsid:cpas.fhcrc.org:Sample.656.ELISpotAssay:OBJECT-Specimen+1-1252010058753	50.0	2.0	Specimen 1	(0, 2)	1	Con6 140 CF	40000	526455390.2504.346		2804.0	SOP	MONT	p1277		2009-03-15 00:00:00.0	Zeiss	Zeiss	false	Zeiss_datafile.txt	
249318596	2008-09-02 00:00:00.0		29739	urn:lsid:cpas.fhcrc.org:ElispotAssayDataRow.Folder-656:7a8517cf-7af4-102c-ba3f-d104f9cd649f-1%3A2	urn:lsid:cpas.fhcrc.org:Sample.656.ELISpotAssay:OBJECT-Specimen+1-1252010058753	urn:lsid:cpas.fhcrc.org:Sample.656.ELISpotAssay:OBJECT-Specimen+1-1252010058753	19150.0	766.0	Specimen 1	(1, 2)	2	ConT 140 CF	40000	526455390.2504.346		2804.0	SOP	MONT	p1277		2009-03-15 00:00:00.0	Zeiss	Zeiss	false	Zeiss_datafile.txt	
249318596	2008-09-02 00:00:00.0		29740	urn:lsid:cpas.fhcrc.org:ElispotAssayDataRow.Folder-656:7a8517cf-7af4-102c-ba3f-d104f9cd649f-0%3A3	urn:lsid:cpas.fhcrc.org:Sample.656.ELISpotAssay:OBJECT-Specimen+1-1252010058753	urn:lsid:cpas.fhcrc.org:Sample.656.ELISpotAssay:OBJECT-Specimen+1-1252010058753	50.0	2.0	Specimen 1	(0, 3)	3	ConB 140 CF	40000	526455390.2504.346		2804.0	SOP	MONT	p1277		2009-03-15 00:00:00.0	Zeiss	Zeiss	false	Zeiss_datafile.txt	
249318596	2008-09-02 00:00:00.0		29741	urn:lsid:cpas.fhcrc.org:ElispotAssayDataRow.Folder-656:7a8517cf-7af4-102c-ba3f-d104f9cd649f-1%3A3	urn:lsid:cpas.fhcrc.org:Sample.656.ELISpotAssay:OBJECT-Specimen+1-1252010058753	urn:lsid:cpas.fhcrc.org:Sample.656.ELISpotAssay:OBJECT-Specimen+1-1252010058753	17850.0	714.0	Specimen 1	(1, 3)	4	BaL 120	40000	526455390.2504.346		2804.0	SOP	MONT	p1277		2009-03-15 00:00:00.0	Zeiss	Zeiss	false	Zeiss_datafile.txt	
249318596	2008-09-02 00:00:00.0		29742	urn:lsid:cpas.fhcrc.org:ElispotAssayDataRow.Folder-656:7a8517cf-7af4-102c-ba3f-d104f9cd649f-0%3A4	urn:lsid:cpas.fhcrc.org:Sample.656.ELISpotAssay:OBJECT-Specimen+1-1252010058753	urn:lsid:cpas.fhcrc.org:Sample.656.ELISpotAssay:OBJECT-Specimen+1-1252010058753	25.0	1.0	Specimen 1	(0, 4)	3	ConB 140 CF	40000	526455390.2504.346		2804.0	SOP	MONT	p1277		2009-03-15 00:00:00.0	Zeiss	Zeiss	false	Zeiss_datafile.txt	
249318596	2008-09-02 00:00:00.0		29743	urn:lsid:cpas.fhcrc.org:ElispotAssayDataRow.Folder-656:7a8517cf-7af4-102c-ba3f-d104f9cd649f-1%3A4	urn:lsid:cpas.fhcrc.org:Sample.656.ELISpotAssay:OBJECT-Specimen+1-1252010058753	urn:lsid:cpas.fhcrc.org:Sample.656.ELISpotAssay:OBJECT-Specimen+1-1252010058753	21600.0	864.0	Specimen 1	(1, 4)	4	BaL 120	40000	526455390.2504.346		2804.0	SOP	MONT	p1277		2009-03-15 00:00:00.0	Zeiss	Zeiss	false	Zeiss_datafile.txt	
249318596	2008-09-02 00:00:00.0		29744	urn:lsid:cpas.fhcrc.org:ElispotAssayDataRow.Folder-656:7a8517cf-7af4-102c-ba3f-d104f9cd649f-0%3A5	urn:lsid:cpas.fhcrc.org:Sample.656.ELISpotAssay:OBJECT-Specimen+1-1252010058753	urn:lsid:cpas.fhcrc.org:Sample.656.ELISpotAssay:OBJECT-Specimen+1-1252010058753	0.0	0.0	Specimen 1	(0, 5)	3	ConB 140 CF	40000	526455390.2504.346		2804.0	SOP	MONT	p1277		2009-03-15 00:00:00.0	Zeiss	Zeiss	false	Zeiss_datafile.txt	
249318596	2008-09-02 00:00:00.0		29745	urn:lsid:cpas.fhcrc.org:ElispotAssayDataRow.Folder-656:7a8517cf-7af4-102c-ba3f-d104f9cd649f-1%3A5	urn:lsid:cpas.fhcrc.org:Sample.656.ELISpotAssay:OBJECT-Specimen+1-1252010058753	urn:lsid:cpas.fhcrc.org:Sample.656.ELISpotAssay:OBJECT-Specimen+1-1252010058753	16900.0	676.0	Specimen 1	(1, 5)	4	BaL 120	40000	526455390.2504.346		2804.0	SOP	MONT	p1277		2009-03-15 00:00:00.0	Zeiss	Zeiss	false	Zeiss_datafile.txt	
249318596	2008-09-02 00:00:00.0		29746	urn:lsid:cpas.fhcrc.org:ElispotAssayDataRow.Folder-656:7a8517cf-7af4-102c-ba3f-d104f9cd649f-0%3A6	urn:lsid:cpas.fhcrc.org:Sample.656.ELISpotAssay:OBJECT-Specimen+1-1252010058753	urn:lsid:cpas.fhcrc.org:Sample.656.ELISpotAssay:OBJECT-Specimen+1-1252010058753	17225.0	689.0	Specimen 1	(0, 6)	5	SP62	40000	526455390.2504.346		2804.0	SOP	MONT	p1277		2009-03-15 00:00:00.0	Zeiss	Zeiss	false	Zeiss_datafile.txt	
249318596	2008-09-02 00:00:00.0		29747	urn:lsid:cpas.fhcrc.org:ElispotAssayDataRow.Folder-656:7a8517cf-7af4-102c-ba3f-d104f9cd649f-1%3A6	urn:lsid:cpas.fhcrc.org:Sample.656.ELISpotAssay:OBJECT-Specimen+1-1252010058753	urn:lsid:cpas.fhcrc.org:Sample.656.ELISpotAssay:OBJECT-Specimen+1-1252010058753	23350.0	934.0	Specimen 1	(1, 6)	6	"P24 "	40000	526455390.2504.346		2804.0	SOP	MONT	p1277		2009-03-15 00:00:00.0	Zeiss	Zeiss	false	Zeiss_datafile.txt	
249318596	2008-09-02 00:00:00.0		29748	urn:lsid:cpas.fhcrc.org:ElispotAssayDataRow.Folder-656:7a8517cf-7af4-102c-ba3f-d104f9cd649f-0%3A7	urn:lsid:cpas.fhcrc.org:Sample.656.ELISpotAssay:OBJECT-Specimen+1-1252010058753	urn:lsid:cpas.fhcrc.org:Sample.656.ELISpotAssay:OBJECT-Specimen+1-1252010058753	16025.0	641.0	Specimen 1	(0, 7)	5	SP62	40000	526455390.2504.346		2804.0	SOP	MONT	p1277		2009-03-15 00:00:00.0	Zeiss	Zeiss	false	Zeiss_datafile.txt	
249318596	2008-09-02 00:00:00.0		29749	urn:lsid:cpas.fhcrc.org:ElispotAssayDataRow.Folder-656:7a8517cf-7af4-102c-ba3f-d104f9cd649f-1%3A7	urn:lsid:cpas.fhcrc.org:Sample.656.ELISpotAssay:OBJECT-Specimen+1-1252010058753	urn:lsid:cpas.fhcrc.org:Sample.656.ELISpotAssay:OBJECT-Specimen+1-1252010058753	22550.0	902.0	Specimen 1	(1, 7)	6	"P24 "	40000	526455390.2504.346		2804.0	SOP	MONT	p1277		2009-03-15 00:00:00.0	Zeiss	Zeiss	false	Zeiss_datafile.txt	
249318596	2008-09-02 00:00:00.0		29750	urn:lsid:cpas.fhcrc.org:ElispotAssayDataRow.Folder-656:7a8517cf-7af4-102c-ba3f-d104f9cd649f-0%3A8	urn:lsid:cpas.fhcrc.org:Sample.656.ELISpotAssay:OBJECT-Specimen+1-1252010058753	urn:lsid:cpas.fhcrc.org:Sample.656.ELISpotAssay:OBJECT-Specimen+1-1252010058753	18150.0	726.0	Specimen 1	(0, 8)	5	SP62	40000	526455390.2504.346		2804.0	SOP	MONT	p1277		2009-03-15 00:00:00.0	Zeiss	Zeiss	false	Zeiss_datafile.txt	
249318596	2008-09-02 00:00:00.0		29751	urn:lsid:cpas.fhcrc.org:ElispotAssayDataRow.Folder-656:7a8517cf-7af4-102c-ba3f-d104f9cd649f-1%3A8	urn:lsid:cpas.fhcrc.org:Sample.656.ELISpotAssay:OBJECT-Specimen+1-1252010058753	urn:lsid:cpas.fhcrc.org:Sample.656.ELISpotAssay:OBJECT-Specimen+1-1252010058753	24625.0	985.0	Specimen 1	(1, 8)	6	"P24 "	40000	526455390.2504.346		2804.0	SOP	MONT	p1277		2009-03-15 00:00:00.0	Zeiss	Zeiss	false	Zeiss_datafile.txt	
249318596	2008-09-02 00:00:00.0		29752	urn:lsid:cpas.fhcrc.org:ElispotAssayDataRow.Folder-656:7a8517cf-7af4-102c-ba3f-d104f9cd649f-0%3A9	urn:lsid:cpas.fhcrc.org:Sample.656.ELISpotAssay:OBJECT-Specimen+1-1252010058753	urn:lsid:cpas.fhcrc.org:Sample.656.ELISpotAssay:OBJECT-Specimen+1-1252010058753	18650.0	746.0	Specimen 1	(0, 9)	7	TT	40000	526455390.2504.346		2804.0	SOP	MONT	p1277		2009-03-15 00:00:00.0	Zeiss	Zeiss	false	Zeiss_datafile.txt	
249318596	2008-09-02 00:00:00.0		29753	urn:lsid:cpas.fhcrc.org:ElispotAssayDataRow.Folder-656:7a8517cf-7af4-102c-ba3f-d104f9cd649f-1%3A9	urn:lsid:cpas.fhcrc.org:Sample.656.ELISpotAssay:OBJECT-Specimen+1-1252010058753	urn:lsid:cpas.fhcrc.org:Sample.656.ELISpotAssay:OBJECT-Specimen+1-1252010058753	22525.0	901.0	Specimen 1	(1, 9)	8	KLH	40000	526455390.2504.346		2804.0	SOP	MONT	p1277		2009-03-15 00:00:00.0	Zeiss	Zeiss	false	Zeiss_datafile.txt	
249318596	2008-09-02 00:00:00.0		29754	urn:lsid:cpas.fhcrc.org:ElispotAssayDataRow.Folder-656:7a8517cf-7af4-102c-ba3f-d104f9cd649f-0%3A10	urn:lsid:cpas.fhcrc.org:Sample.656.ELISpotAssay:OBJECT-Specimen+1-1252010058753	urn:lsid:cpas.fhcrc.org:Sample.656.ELISpotAssay:OBJECT-Specimen+1-1252010058753	15525.0	621.0	Specimen 1	(0, 10)	7	TT	40000	526455390.2504.346		2804.0	SOP	MONT	p1277		2009-03-15 00:00:00.0	Zeiss	Zeiss	false	Zeiss_datafile.txt	
249318596	2008-09-02 00:00:00.0		29755	urn:lsid:cpas.fhcrc.org:ElispotAssayDataRow.Folder-656:7a8517cf-7af4-102c-ba3f-d104f9cd649f-1%3A10	urn:lsid:cpas.fhcrc.org:Sample.656.ELISpotAssay:OBJECT-Specimen+1-1252010058753	urn:lsid:cpas.fhcrc.org:Sample.656.ELISpotAssay:OBJECT-Specimen+1-1252010058753	0.0	0.0	Specimen 1	(1, 10)	8	KLH	40000	526455390.2504.346		2804.0	SOP	MONT	p1277		2009-03-15 00:00:00.0	Zeiss	Zeiss	false	Zeiss_datafile.txt	
249318596	2008-09-02 00:00:00.0		29756	urn:lsid:cpas.fhcrc.org:ElispotAssayDataRow.Folder-656:7a8517cf-7af4-102c-ba3f-d104f9cd649f-0%3A11	urn:lsid:cpas.fhcrc.org:Sample.656.ELISpotAssay:OBJECT-Specimen+1-1252010058753	urn:lsid:cpas.fhcrc.org:Sample.656.ELISpotAssay:OBJECT-Specimen+1-1252010058753	18175.0	727.0	Specimen 1	(0, 11)	7	TT	40000	526455390.2504.346		2804.0	SOP	MONT	p1277		2009-03-15 00:00:00.0	Zeiss	Zeiss	false	Zeiss_datafile.txt	
249318596	2008-09-02 00:00:00.0		29757	urn:lsid:cpas.fhcrc.org:ElispotAssayDataRow.Folder-656:7a8517cf-7af4-102c-ba3f-d104f9cd649f-1%3A11	urn:lsid:cpas.fhcrc.org:Sample.656.ELISpotAssay:OBJECT-Specimen+1-1252010058753	urn:lsid:cpas.fhcrc.org:Sample.656.ELISpotAssay:OBJECT-Specimen+1-1252010058753	0.0	0.0	Specimen 1	(1, 11)	8	KLH	40000	526455390.2504.346		2804.0	SOP	MONT	p1277		2009-03-15 00:00:00.0	Zeiss	Zeiss	false	Zeiss_datafile.txt	
249320107	2008-07-30 00:00:00.0		29758	urn:lsid:cpas.fhcrc.org:ElispotAssayDataRow.Folder-656:7a8517cf-7af4-102c-ba3f-d104f9cd649f-2%3A0	urn:lsid:cpas.fhcrc.org:Sample.656.ELISpotAssay:OBJECT-Specimen+2-1252010058753	urn:lsid:cpas.fhcrc.org:Sample.656.ELISpotAssay:OBJECT-Specimen+2-1252010058753	0.0	0.0	Specimen 2	(2, 0)	1	Con6 140 CF	40000	249325717.2404.493		2804.0	SOP	MONT	p1277		2009-03-15 00:00:00.0	Zeiss	Zeiss	false	Zeiss_datafile.txt	
249320107	2008-07-30 00:00:00.0		29759	urn:lsid:cpas.fhcrc.org:ElispotAssayDataRow.Folder-656:7a8517cf-7af4-102c-ba3f-d104f9cd649f-3%3A0	urn:lsid:cpas.fhcrc.org:Sample.656.ELISpotAssay:OBJECT-Specimen+2-1252010058753	urn:lsid:cpas.fhcrc.org:Sample.656.ELISpotAssay:OBJECT-Specimen+2-1252010058753	8250.0	330.0	Specimen 2	(3, 0)	2	ConT 140 CF	40000	249325717.2404.493		2804.0	SOP	MONT	p1277		2009-03-15 00:00:00.0	Zeiss	Zeiss	false	Zeiss_datafile.txt	
249320107	2008-07-30 00:00:00.0		29760	urn:lsid:cpas.fhcrc.org:ElispotAssayDataRow.Folder-656:7a8517cf-7af4-102c-ba3f-d104f9cd649f-2%3A1	urn:lsid:cpas.fhcrc.org:Sample.656.ELISpotAssay:OBJECT-Specimen+2-1252010058753	urn:lsid:cpas.fhcrc.org:Sample.656.ELISpotAssay:OBJECT-Specimen+2-1252010058753	50.0	2.0	Specimen 2	(2, 1)	1	Con6 140 CF	40000	249325717.2404.493		2804.0	SOP	MONT	p1277		2009-03-15 00:00:00.0	Zeiss	Zeiss	false	Zeiss_datafile.txt	
249320107	2008-07-30 00:00:00.0		29761	urn:lsid:cpas.fhcrc.org:ElispotAssayDataRow.Folder-656:7a8517cf-7af4-102c-ba3f-d104f9cd649f-3%3A1	urn:lsid:cpas.fhcrc.org:Sample.656.ELISpotAssay:OBJECT-Specimen+2-1252010058753	urn:lsid:cpas.fhcrc.org:Sample.656.ELISpotAssay:OBJECT-Specimen+2-1252010058753	7900.0	316.0	Specimen 2	(3, 1)	2	ConT 140 CF	40000	249325717.2404.493		2804.0	SOP	MONT	p1277		2009-03-15 00:00:00.0	Zeiss	Zeiss	false	Zeiss_datafile.txt	
249320107	2008-07-30 00:00:00.0		29762	urn:lsid:cpas.fhcrc.org:ElispotAssayDataRow.Folder-656:7a8517cf-7af4-102c-ba3f-d104f9cd649f-2%3A2	urn:lsid:cpas.fhcrc.org:Sample.656.ELISpotAssay:OBJECT-Specimen+2-1252010058753	urn:lsid:cpas.fhcrc.org:Sample.656.ELISpotAssay:OBJECT-Specimen+2-1252010058753	50.0	2.0	Specimen 2	(2, 2)	1	Con6 140 CF	40000	249325717.2404.493		2804.0	SOP	MONT	p1277		2009-03-15 00:00:00.0	Zeiss	Zeiss	false	Zeiss_datafile.txt	
249320107	2008-07-30 00:00:00.0		29763	urn:lsid:cpas.fhcrc.org:ElispotAssayDataRow.Folder-656:7a8517cf-7af4-102c-ba3f-d104f9cd649f-3%3A2	urn:lsid:cpas.fhcrc.org:Sample.656.ELISpotAssay:OBJECT-Specimen+2-1252010058753	urn:lsid:cpas.fhcrc.org:Sample.656.ELISpotAssay:OBJECT-Specimen+2-1252010058753	7675.0	307.0	Specimen 2	(3, 2)	2	ConT 140 CF	40000	249325717.2404.493		2804.0	SOP	MONT	p1277		2009-03-15 00:00:00.0	Zeiss	Zeiss	false	Zeiss_datafile.txt	
249320107	2008-07-30 00:00:00.0		29764	urn:lsid:cpas.fhcrc.org:ElispotAssayDataRow.Folder-656:7a8517cf-7af4-102c-ba3f-d104f9cd649f-2%3A3	urn:lsid:cpas.fhcrc.org:Sample.656.ELISpotAssay:OBJECT-Specimen+2-1252010058753	urn:lsid:cpas.fhcrc.org:Sample.656.ELISpotAssay:OBJECT-Specimen+2-1252010058753	50.0	2.0	Specimen 2	(2, 3)	3	ConB 140 CF	40000	249325717.2404.493		2804.0	SOP	MONT	p1277		2009-03-15 00:00:00.0	Zeiss	Zeiss	false	Zeiss_datafile.txt	
249320107	2008-07-30 00:00:00.0		29765	urn:lsid:cpas.fhcrc.org:ElispotAssayDataRow.Folder-656:7a8517cf-7af4-102c-ba3f-d104f9cd649f-3%3A3	urn:lsid:cpas.fhcrc.org:Sample.656.ELISpotAssay:OBJECT-Specimen+2-1252010058753	urn:lsid:cpas.fhcrc.org:Sample.656.ELISpotAssay:OBJECT-Specimen+2-1252010058753	8850.0	354.0	Specimen 2	(3, 3)	4	BaL 120	40000	249325717.2404.493		2804.0	SOP	MONT	p1277		2009-03-15 00:00:00.0	Zeiss	Zeiss	false	Zeiss_datafile.txt	
249320107	2008-07-30 00:00:00.0		29766	urn:lsid:cpas.fhcrc.org:ElispotAssayDataRow.Folder-656:7a8517cf-7af4-102c-ba3f-d104f9cd649f-2%3A4	urn:lsid:cpas.fhcrc.org:Sample.656.ELISpotAssay:OBJECT-Specimen+2-1252010058753	urn:lsid:cpas.fhcrc.org:Sample.656.ELISpotAssay:OBJECT-Specimen+2-1252010058753	25.0	1.0	Specimen 2	(2, 4)	3	ConB 140 CF	40000	249325717.2404.493		2804.0	SOP	MONT	p1277		2009-03-15 00:00:00.0	Zeiss	Zeiss	false	Zeiss_datafile.txt	
249320107	2008-07-30 00:00:00.0		29767	urn:lsid:cpas.fhcrc.org:ElispotAssayDataRow.Folder-656:7a8517cf-7af4-102c-ba3f-d104f9cd649f-3%3A4	urn:lsid:cpas.fhcrc.org:Sample.656.ELISpotAssay:OBJECT-Specimen+2-1252010058753	urn:lsid:cpas.fhcrc.org:Sample.656.ELISpotAssay:OBJECT-Specimen+2-1252010058753	10000.0	400.0	Specimen 2	(3, 4)	4	BaL 120	40000	249325717.2404.493		2804.0	SOP	MONT	p1277		2009-03-15 00:00:00.0	Zeiss	Zeiss	false	Zeiss_datafile.txt	
249320107	2008-07-30 00:00:00.0		29768	urn:lsid:cpas.fhcrc.org:ElispotAssayDataRow.Folder-656:7a8517cf-7af4-102c-ba3f-d104f9cd649f-2%3A5	urn:lsid:cpas.fhcrc.org:Sample.656.ELISpotAssay:OBJECT-Specimen+2-1252010058753	urn:lsid:cpas.fhcrc.org:Sample.656.ELISpotAssay:OBJECT-Specimen+2-1252010058753	75.0	3.0	Specimen 2	(2, 5)	3	ConB 140 CF	40000	249325717.2404.493		2804.0	SOP	MONT	p1277		2009-03-15 00:00:00.0	Zeiss	Zeiss	false	Zeiss_datafile.txt	
249320107	2008-07-30 00:00:00.0		29769	urn:lsid:cpas.fhcrc.org:ElispotAssayDataRow.Folder-656:7a8517cf-7af4-102c-ba3f-d104f9cd649f-3%3A5	urn:lsid:cpas.fhcrc.org:Sample.656.ELISpotAssay:OBJECT-Specimen+2-1252010058753	urn:lsid:cpas.fhcrc.org:Sample.656.ELISpotAssay:OBJECT-Specimen+2-1252010058753	9525.0	381.0	Specimen 2	(3, 5)	4	BaL 120	40000	249325717.2404.493		2804.0	SOP	MONT	p1277		2009-03-15 00:00:00.0	Zeiss	Zeiss	false	Zeiss_datafile.txt	
249320107	2008-07-30 00:00:00.0		29770	urn:lsid:cpas.fhcrc.org:ElispotAssayDataRow.Folder-656:7a8517cf-7af4-102c-ba3f-d104f9cd649f-2%3A6	urn:lsid:cpas.fhcrc.org:Sample.656.ELISpotAssay:OBJECT-Specimen+2-1252010058753	urn:lsid:cpas.fhcrc.org:Sample.656.ELISpotAssay:OBJECT-Specimen+2-1252010058753	12450.0	498.0	Specimen 2	(2, 6)	5	SP62	40000	249325717.2404.493		2804.0	SOP	MONT	p1277		2009-03-15 00:00:00.0	Zeiss	Zeiss	false	Zeiss_datafile.txt	
249320107	2008-07-30 00:00:00.0		29771	urn:lsid:cpas.fhcrc.org:ElispotAssayDataRow.Folder-656:7a8517cf-7af4-102c-ba3f-d104f9cd649f-3%3A6	urn:lsid:cpas.fhcrc.org:Sample.656.ELISpotAssay:OBJECT-Specimen+2-1252010058753	urn:lsid:cpas.fhcrc.org:Sample.656.ELISpotAssay:OBJECT-Specimen+2-1252010058753	25575.0	1023.0	Specimen 2	(3, 6)	6	"P24 "	40000	249325717.2404.493		2804.0	SOP	MONT	p1277		2009-03-15 00:00:00.0	Zeiss	Zeiss	false	Zeiss_datafile.txt	
249320107	2008-07-30 00:00:00.0		29772	urn:lsid:cpas.fhcrc.org:ElispotAssayDataRow.Folder-656:7a8517cf-7af4-102c-ba3f-d104f9cd649f-2%3A7	urn:lsid:cpas.fhcrc.org:Sample.656.ELISpotAssay:OBJECT-Specimen+2-1252010058753	urn:lsid:cpas.fhcrc.org:Sample.656.ELISpotAssay:OBJECT-Specimen+2-1252010058753	12400.0	496.0	Specimen 2	(2, 7)	5	SP62	40000	249325717.2404.493		2804.0	SOP	MONT	p1277		2009-03-15 00:00:00.0	Zeiss	Zeiss	false	Zeiss_datafile.txt	
249320107	2008-07-30 00:00:00.0		29773	urn:lsid:cpas.fhcrc.org:ElispotAssayDataRow.Folder-656:7a8517cf-7af4-102c-ba3f-d104f9cd649f-3%3A7	urn:lsid:cpas.fhcrc.org:Sample.656.ELISpotAssay:OBJECT-Specimen+2-1252010058753	urn:lsid:cpas.fhcrc.org:Sample.656.ELISpotAssay:OBJECT-Specimen+2-1252010058753	25525.0	1021.0	Specimen 2	(3, 7)	6	"P24 "	40000	249325717.2404.493		2804.0	SOP	MONT	p1277		2009-03-15 00:00:00.0	Zeiss	Zeiss	false	Zeiss_datafile.txt	
249320107	2008-07-30 00:00:00.0		29774	urn:lsid:cpas.fhcrc.org:ElispotAssayDataRow.Folder-656:7a8517cf-7af4-102c-ba3f-d104f9cd649f-2%3A8	urn:lsid:cpas.fhcrc.org:Sample.656.ELISpotAssay:OBJECT-Specimen+2-1252010058753	urn:lsid:cpas.fhcrc.org:Sample.656.ELISpotAssay:OBJECT-Specimen+2-1252010058753	11400.0	456.0	Specimen 2	(2, 8)	5	SP62	40000	249325717.2404.493		2804.0	SOP	MONT	p1277		2009-03-15 00:00:00.0	Zeiss	Zeiss	false	Zeiss_datafile.txt	
249320107	2008-07-30 00:00:00.0		29775	urn:lsid:cpas.fhcrc.org:ElispotAssayDataRow.Folder-656:7a8517cf-7af4-102c-ba3f-d104f9cd649f-3%3A8	urn:lsid:cpas.fhcrc.org:Sample.656.ELISpotAssay:OBJECT-Specimen+2-1252010058753	urn:lsid:cpas.fhcrc.org:Sample.656.ELISpotAssay:OBJECT-Specimen+2-1252010058753	25700.0	1028.0	Specimen 2	(3, 8)	6	"P24 "	40000	249325717.2404.493		2804.0	SOP	MONT	p1277		2009-03-15 00:00:00.0	Zeiss	Zeiss	false	Zeiss_datafile.txt	
249320107	2008-07-30 00:00:00.0		29776	urn:lsid:cpas.fhcrc.org:ElispotAssayDataRow.Folder-656:7a8517cf-7af4-102c-ba3f-d104f9cd649f-2%3A9	urn:lsid:cpas.fhcrc.org:Sample.656.ELISpotAssay:OBJECT-Specimen+2-1252010058753	urn:lsid:cpas.fhcrc.org:Sample.656.ELISpotAssay:OBJECT-Specimen+2-1252010058753	11975.0	479.0	Specimen 2	(2, 9)	7	TT	40000	249325717.2404.493		2804.0	SOP	MONT	p1277		2009-03-15 00:00:00.0	Zeiss	Zeiss	false	Zeiss_datafile.txt	
249320107	2008-07-30 00:00:00.0		29777	urn:lsid:cpas.fhcrc.org:ElispotAssayDataRow.Folder-656:7a8517cf-7af4-102c-ba3f-d104f9cd649f-3%3A9	urn:lsid:cpas.fhcrc.org:Sample.656.ELISpotAssay:OBJECT-Specimen+2-1252010058753	urn:lsid:cpas.fhcrc.org:Sample.656.ELISpotAssay:OBJECT-Specimen+2-1252010058753	26575.0	1063.0	Specimen 2	(3, 9)	8	KLH	40000	249325717.2404.493		2804.0	SOP	MONT	p1277		2009-03-15 00:00:00.0	Zeiss	Zeiss	false	Zeiss_datafile.txt	
249320107	2008-07-30 00:00:00.0		29778	urn:lsid:cpas.fhcrc.org:ElispotAssayDataRow.Folder-656:7a8517cf-7af4-102c-ba3f-d104f9cd649f-2%3A10	urn:lsid:cpas.fhcrc.org:Sample.656.ELISpotAssay:OBJECT-Specimen+2-1252010058753	urn:lsid:cpas.fhcrc.org:Sample.656.ELISpotAssay:OBJECT-Specimen+2-1252010058753	11000.0	440.0	Specimen 2	(2, 10)	7	TT	40000	249325717.2404.493		2804.0	SOP	MONT	p1277		2009-03-15 00:00:00.0	Zeiss	Zeiss	false	Zeiss_datafile.txt	
249320107	2008-07-30 00:00:00.0		29779	urn:lsid:cpas.fhcrc.org:ElispotAssayDataRow.Folder-656:7a8517cf-7af4-102c-ba3f-d104f9cd649f-3%3A10	urn:lsid:cpas.fhcrc.org:Sample.656.ELISpotAssay:OBJECT-Specimen+2-1252010058753	urn:lsid:cpas.fhcrc.org:Sample.656.ELISpotAssay:OBJECT-Specimen+2-1252010058753	0.0	0.0	Specimen 2	(3, 10)	8	KLH	40000	249325717.2404.493		2804.0	SOP	MONT	p1277		2009-03-15 00:00:00.0	Zeiss	Zeiss	false	Zeiss_datafile.txt	
249320107	2008-07-30 00:00:00.0		29780	urn:lsid:cpas.fhcrc.org:ElispotAssayDataRow.Folder-656:7a8517cf-7af4-102c-ba3f-d104f9cd649f-2%3A11	urn:lsid:cpas.fhcrc.org:Sample.656.ELISpotAssay:OBJECT-Specimen+2-1252010058753	urn:lsid:cpas.fhcrc.org:Sample.656.ELISpotAssay:OBJECT-Specimen+2-1252010058753	9325.0	373.0	Specimen 2	(2, 11)	7	TT	40000	249325717.2404.493		2804.0	SOP	MONT	p1277		2009-03-15 00:00:00.0	Zeiss	Zeiss	false	Zeiss_datafile.txt	
249320107	2008-07-30 00:00:00.0		29781	urn:lsid:cpas.fhcrc.org:ElispotAssayDataRow.Folder-656:7a8517cf-7af4-102c-ba3f-d104f9cd649f-3%3A11	urn:lsid:cpas.fhcrc.org:Sample.656.ELISpotAssay:OBJECT-Specimen+2-1252010058753	urn:lsid:cpas.fhcrc.org:Sample.656.ELISpotAssay:OBJECT-Specimen+2-1252010058753	0.0	0.0	Specimen 2	(3, 11)	8	KLH	40000	249325717.2404.493		2804.0	SOP	MONT	p1277		2009-03-15 00:00:00.0	Zeiss	Zeiss	false	Zeiss_datafile.txt	
249320127	2009-01-06 00:00:00.0		29782	urn:lsid:cpas.fhcrc.org:ElispotAssayDataRow.Folder-656:7a8517cf-7af4-102c-ba3f-d104f9cd649f-4%3A0	urn:lsid:cpas.fhcrc.org:Sample.656.ELISpotAssay:OBJECT-Specimen+3-1252010058753	urn:lsid:cpas.fhcrc.org:Sample.656.ELISpotAssay:OBJECT-Specimen+3-1252010058753	325.0	13.0	Specimen 3	(4, 0)	1	Con6 140 CF	40000	249320619.2604.640		2804.0	SOP	MONT	p1277		2009-03-15 00:00:00.0	Zeiss	Zeiss	false	Zeiss_datafile.txt	
249320127	2009-01-06 00:00:00.0		29783	urn:lsid:cpas.fhcrc.org:ElispotAssayDataRow.Folder-656:7a8517cf-7af4-102c-ba3f-d104f9cd649f-5%3A0	urn:lsid:cpas.fhcrc.org:Sample.656.ELISpotAssay:OBJECT-Specimen+3-1252010058753	urn:lsid:cpas.fhcrc.org:Sample.656.ELISpotAssay:OBJECT-Specimen+3-1252010058753	13075.0	523.0	Specimen 3	(5, 0)	2	ConT 140 CF	40000	249320619.2604.640		2804.0	SOP	MONT	p1277		2009-03-15 00:00:00.0	Zeiss	Zeiss	false	Zeiss_datafile.txt	
249320127	2009-01-06 00:00:00.0		29784	urn:lsid:cpas.fhcrc.org:ElispotAssayDataRow.Folder-656:7a8517cf-7af4-102c-ba3f-d104f9cd649f-4%3A1	urn:lsid:cpas.fhcrc.org:Sample.656.ELISpotAssay:OBJECT-Specimen+3-1252010058753	urn:lsid:cpas.fhcrc.org:Sample.656.ELISpotAssay:OBJECT-Specimen+3-1252010058753	575.0	23.0	Specimen 3	(4, 1)	1	Con6 140 CF	40000	249320619.2604.640		2804.0	SOP	MONT	p1277		2009-03-15 00:00:00.0	Zeiss	Zeiss	false	Zeiss_datafile.txt	
249320127	2009-01-06 00:00:00.0		29785	urn:lsid:cpas.fhcrc.org:ElispotAssayDataRow.Folder-656:7a8517cf-7af4-102c-ba3f-d104f9cd649f-5%3A1	urn:lsid:cpas.fhcrc.org:Sample.656.ELISpotAssay:OBJECT-Specimen+3-1252010058753	urn:lsid:cpas.fhcrc.org:Sample.656.ELISpotAssay:OBJECT-Specimen+3-1252010058753	14775.0	591.0	Specimen 3	(5, 1)	2	ConT 140 CF	40000	249320619.2604.640		2804.0	SOP	MONT	p1277		2009-03-15 00:00:00.0	Zeiss	Zeiss	false	Zeiss_datafile.txt	
249320127	2009-01-06 00:00:00.0		29786	urn:lsid:cpas.fhcrc.org:ElispotAssayDataRow.Folder-656:7a8517cf-7af4-102c-ba3f-d104f9cd649f-4%3A2	urn:lsid:cpas.fhcrc.org:Sample.656.ELISpotAssay:OBJECT-Specimen+3-1252010058753	urn:lsid:cpas.fhcrc.org:Sample.656.ELISpotAssay:OBJECT-Specimen+3-1252010058753	475.0	19.0	Specimen 3	(4, 2)	1	Con6 140 CF	40000	249320619.2604.640		2804.0	SOP	MONT	p1277		2009-03-15 00:00:00.0	Zeiss	Zeiss	false	Zeiss_datafile.txt	
249320127	2009-01-06 00:00:00.0		29787	urn:lsid:cpas.fhcrc.org:ElispotAssayDataRow.Folder-656:7a8517cf-7af4-102c-ba3f-d104f9cd649f-5%3A2	urn:lsid:cpas.fhcrc.org:Sample.656.ELISpotAssay:OBJECT-Specimen+3-1252010058753	urn:lsid:cpas.fhcrc.org:Sample.656.ELISpotAssay:OBJECT-Specimen+3-1252010058753	15075.0	603.0	Specimen 3	(5, 2)	2	ConT 140 CF	40000	249320619.2604.640		2804.0	SOP	MONT	p1277		2009-03-15 00:00:00.0	Zeiss	Zeiss	false	Zeiss_datafile.txt	
249320127	2009-01-06 00:00:00.0		29788	urn:lsid:cpas.fhcrc.org:ElispotAssayDataRow.Folder-656:7a8517cf-7af4-102c-ba3f-d104f9cd649f-4%3A3	urn:lsid:cpas.fhcrc.org:Sample.656.ELISpotAssay:OBJECT-Specimen+3-1252010058753	urn:lsid:cpas.fhcrc.org:Sample.656.ELISpotAssay:OBJECT-Specimen+3-1252010058753	250.0	10.0	Specimen 3	(4, 3)	3	ConB 140 CF	40000	249320619.2604.640		2804.0	SOP	MONT	p1277		2009-03-15 00:00:00.0	Zeiss	Zeiss	false	Zeiss_datafile.txt	
249320127	2009-01-06 00:00:00.0		29789	urn:lsid:cpas.fhcrc.org:ElispotAssayDataRow.Folder-656:7a8517cf-7af4-102c-ba3f-d104f9cd649f-5%3A3	urn:lsid:cpas.fhcrc.org:Sample.656.ELISpotAssay:OBJECT-Specimen+3-1252010058753	urn:lsid:cpas.fhcrc.org:Sample.656.ELISpotAssay:OBJECT-Specimen+3-1252010058753	15525.0	621.0	Specimen 3	(5, 3)	4	BaL 120	40000	249320619.2604.640		2804.0	SOP	MONT	p1277		2009-03-15 00:00:00.0	Zeiss	Zeiss	false	Zeiss_datafile.txt	
249320127	2009-01-06 00:00:00.0		29790	urn:lsid:cpas.fhcrc.org:ElispotAssayDataRow.Folder-656:7a8517cf-7af4-102c-ba3f-d104f9cd649f-4%3A4	urn:lsid:cpas.fhcrc.org:Sample.656.ELISpotAssay:OBJECT-Specimen+3-1252010058753	urn:lsid:cpas.fhcrc.org:Sample.656.ELISpotAssay:OBJECT-Specimen+3-1252010058753	600.0	24.0	Specimen 3	(4, 4)	3	ConB 140 CF	40000	249320619.2604.640		2804.0	SOP	MONT	p1277		2009-03-15 00:00:00.0	Zeiss	Zeiss	false	Zeiss_datafile.txt	
249320127	2009-01-06 00:00:00.0		29791	urn:lsid:cpas.fhcrc.org:ElispotAssayDataRow.Folder-656:7a8517cf-7af4-102c-ba3f-d104f9cd649f-5%3A4	urn:lsid:cpas.fhcrc.org:Sample.656.ELISpotAssay:OBJECT-Specimen+3-1252010058753	urn:lsid:cpas.fhcrc.org:Sample.656.ELISpotAssay:OBJECT-Specimen+3-1252010058753	14725.0	589.0	Specimen 3	(5, 4)	4	BaL 120	40000	249320619.2604.640		2804.0	SOP	MONT	p1277		2009-03-15 00:00:00.0	Zeiss	Zeiss	false	Zeiss_datafile.txt	
249320127	2009-01-06 00:00:00.0		29792	urn:lsid:cpas.fhcrc.org:ElispotAssayDataRow.Folder-656:7a8517cf-7af4-102c-ba3f-d104f9cd649f-4%3A5	urn:lsid:cpas.fhcrc.org:Sample.656.ELISpotAssay:OBJECT-Specimen+3-1252010058753	urn:lsid:cpas.fhcrc.org:Sample.656.ELISpotAssay:OBJECT-Specimen+3-1252010058753	450.0	18.0	Specimen 3	(4, 5)	3	ConB 140 CF	40000	249320619.2604.640		2804.0	SOP	MONT	p1277		2009-03-15 00:00:00.0	Zeiss	Zeiss	false	Zeiss_datafile.txt	
249320127	2009-01-06 00:00:00.0		29793	urn:lsid:cpas.fhcrc.org:ElispotAssayDataRow.Folder-656:7a8517cf-7af4-102c-ba3f-d104f9cd649f-5%3A5	urn:lsid:cpas.fhcrc.org:Sample.656.ELISpotAssay:OBJECT-Specimen+3-1252010058753	urn:lsid:cpas.fhcrc.org:Sample.656.ELISpotAssay:OBJECT-Specimen+3-1252010058753	14850.0	594.0	Specimen 3	(5, 5)	4	BaL 120	40000	249320619.2604.640		2804.0	SOP	MONT	p1277		2009-03-15 00:00:00.0	Zeiss	Zeiss	false	Zeiss_datafile.txt	
249320127	2009-01-06 00:00:00.0		29794	urn:lsid:cpas.fhcrc.org:ElispotAssayDataRow.Folder-656:7a8517cf-7af4-102c-ba3f-d104f9cd649f-4%3A6	urn:lsid:cpas.fhcrc.org:Sample.656.ELISpotAssay:OBJECT-Specimen+3-1252010058753	urn:lsid:cpas.fhcrc.org:Sample.656.ELISpotAssay:OBJECT-Specimen+3-1252010058753	9325.0	373.0	Specimen 3	(4, 6)	5	SP62	40000	249320619.2604.640		2804.0	SOP	MONT	p1277		2009-03-15 00:00:00.0	Zeiss	Zeiss	false	Zeiss_datafile.txt	
249320127	2009-01-06 00:00:00.0		29795	urn:lsid:cpas.fhcrc.org:ElispotAssayDataRow.Folder-656:7a8517cf-7af4-102c-ba3f-d104f9cd649f-5%3A6	urn:lsid:cpas.fhcrc.org:Sample.656.ELISpotAssay:OBJECT-Specimen+3-1252010058753	urn:lsid:cpas.fhcrc.org:Sample.656.ELISpotAssay:OBJECT-Specimen+3-1252010058753	21875.0	875.0	Specimen 3	(5, 6)	6	"P24 "	40000	249320619.2604.640		2804.0	SOP	MONT	p1277		2009-03-15 00:00:00.0	Zeiss	Zeiss	false	Zeiss_datafile.txt	
249320127	2009-01-06 00:00:00.0		29796	urn:lsid:cpas.fhcrc.org:ElispotAssayDataRow.Folder-656:7a8517cf-7af4-102c-ba3f-d104f9cd649f-4%3A7	urn:lsid:cpas.fhcrc.org:Sample.656.ELISpotAssay:OBJECT-Specimen+3-1252010058753	urn:lsid:cpas.fhcrc.org:Sample.656.ELISpotAssay:OBJECT-Specimen+3-1252010058753	9500.0	380.0	Specimen 3	(4, 7)	5	SP62	40000	249320619.2604.640		2804.0	SOP	MONT	p1277		2009-03-15 00:00:00.0	Zeiss	Zeiss	false	Zeiss_datafile.txt	
249320127	2009-01-06 00:00:00.0		29797	urn:lsid:cpas.fhcrc.org:ElispotAssayDataRow.Folder-656:7a8517cf-7af4-102c-ba3f-d104f9cd649f-5%3A7	urn:lsid:cpas.fhcrc.org:Sample.656.ELISpotAssay:OBJECT-Specimen+3-1252010058753	urn:lsid:cpas.fhcrc.org:Sample.656.ELISpotAssay:OBJECT-Specimen+3-1252010058753	21750.0	870.0	Specimen 3	(5, 7)	6	"P24 "	40000	249320619.2604.640		2804.0	SOP	MONT	p1277		2009-03-15 00:00:00.0	Zeiss	Zeiss	false	Zeiss_datafile.txt	
249320127	2009-01-06 00:00:00.0		29798	urn:lsid:cpas.fhcrc.org:ElispotAssayDataRow.Folder-656:7a8517cf-7af4-102c-ba3f-d104f9cd649f-4%3A8	urn:lsid:cpas.fhcrc.org:Sample.656.ELISpotAssay:OBJECT-Specimen+3-1252010058753	urn:lsid:cpas.fhcrc.org:Sample.656.ELISpotAssay:OBJECT-Specimen+3-1252010058753	9250.0	370.0	Specimen 3	(4, 8)	5	SP62	40000	249320619.2604.640		2804.0	SOP	MONT	p1277		2009-03-15 00:00:00.0	Zeiss	Zeiss	false	Zeiss_datafile.txt	
249320127	2009-01-06 00:00:00.0		29799	urn:lsid:cpas.fhcrc.org:ElispotAssayDataRow.Folder-656:7a8517cf-7af4-102c-ba3f-d104f9cd649f-5%3A8	urn:lsid:cpas.fhcrc.org:Sample.656.ELISpotAssay:OBJECT-Specimen+3-1252010058753	urn:lsid:cpas.fhcrc.org:Sample.656.ELISpotAssay:OBJECT-Specimen+3-1252010058753	21725.0	869.0	Specimen 3	(5, 8)	6	"P24 "	40000	249320619.2604.640		2804.0	SOP	MONT	p1277		2009-03-15 00:00:00.0	Zeiss	Zeiss	false	Zeiss_datafile.txt	
249320127	2009-01-06 00:00:00.0		29800	urn:lsid:cpas.fhcrc.org:ElispotAssayDataRow.Folder-656:7a8517cf-7af4-102c-ba3f-d104f9cd649f-4%3A9	urn:lsid:cpas.fhcrc.org:Sample.656.ELISpotAssay:OBJECT-Specimen+3-1252010058753	urn:lsid:cpas.fhcrc.org:Sample.656.ELISpotAssay:OBJECT-Specimen+3-1252010058753	9525.0	381.0	Specimen 3	(4, 9)	7	TT	40000	249320619.2604.640		2804.0	SOP	MONT	p1277		2009-03-15 00:00:00.0	Zeiss	Zeiss	false	Zeiss_datafile.txt	
249320127	2009-01-06 00:00:00.0		29801	urn:lsid:cpas.fhcrc.org:ElispotAssayDataRow.Folder-656:7a8517cf-7af4-102c-ba3f-d104f9cd649f-5%3A9	urn:lsid:cpas.fhcrc.org:Sample.656.ELISpotAssay:OBJECT-Specimen+3-1252010058753	urn:lsid:cpas.fhcrc.org:Sample.656.ELISpotAssay:OBJECT-Specimen+3-1252010058753	22325.0	893.0	Specimen 3	(5, 9)	8	KLH	40000	249320619.2604.640		2804.0	SOP	MONT	p1277		2009-03-15 00:00:00.0	Zeiss	Zeiss	false	Zeiss_datafile.txt	
249320127	2009-01-06 00:00:00.0		29802	urn:lsid:cpas.fhcrc.org:ElispotAssayDataRow.Folder-656:7a8517cf-7af4-102c-ba3f-d104f9cd649f-4%3A10	urn:lsid:cpas.fhcrc.org:Sample.656.ELISpotAssay:OBJECT-Specimen+3-1252010058753	urn:lsid:cpas.fhcrc.org:Sample.656.ELISpotAssay:OBJECT-Specimen+3-1252010058753	10800.0	432.0	Specimen 3	(4, 10)	7	TT	40000	249320619.2604.640		2804.0	SOP	MONT	p1277		2009-03-15 00:00:00.0	Zeiss	Zeiss	false	Zeiss_datafile.txt	
249320127	2009-01-06 00:00:00.0		29803	urn:lsid:cpas.fhcrc.org:ElispotAssayDataRow.Folder-656:7a8517cf-7af4-102c-ba3f-d104f9cd649f-5%3A10	urn:lsid:cpas.fhcrc.org:Sample.656.ELISpotAssay:OBJECT-Specimen+3-1252010058753	urn:lsid:cpas.fhcrc.org:Sample.656.ELISpotAssay:OBJECT-Specimen+3-1252010058753	0.0	0.0	Specimen 3	(5, 10)	8	KLH	40000	249320619.2604.640		2804.0	SOP	MONT	p1277		2009-03-15 00:00:00.0	Zeiss	Zeiss	false	Zeiss_datafile.txt	
249320127	2009-01-06 00:00:00.0		29804	urn:lsid:cpas.fhcrc.org:ElispotAssayDataRow.Folder-656:7a8517cf-7af4-102c-ba3f-d104f9cd649f-4%3A11	urn:lsid:cpas.fhcrc.org:Sample.656.ELISpotAssay:OBJECT-Specimen+3-1252010058753	urn:lsid:cpas.fhcrc.org:Sample.656.ELISpotAssay:OBJECT-Specimen+3-1252010058753	10750.0	430.0	Specimen 3	(4, 11)	7	TT	40000	249320619.2604.640		2804.0	SOP	MONT	p1277		2009-03-15 00:00:00.0	Zeiss	Zeiss	false	Zeiss_datafile.txt	
249320127	2009-01-06 00:00:00.0		29805	urn:lsid:cpas.fhcrc.org:ElispotAssayDataRow.Folder-656:7a8517cf-7af4-102c-ba3f-d104f9cd649f-5%3A11	urn:lsid:cpas.fhcrc.org:Sample.656.ELISpotAssay:OBJECT-Specimen+3-1252010058753	urn:lsid:cpas.fhcrc.org:Sample.656.ELISpotAssay:OBJECT-Specimen+3-1252010058753	0.0	0.0	Specimen 3	(5, 11)	8	KLH	40000	249320619.2604.640		2804.0	SOP	MONT	p1277		2009-03-15 00:00:00.0	Zeiss	Zeiss	false	Zeiss_datafile.txt	
249320489	2008-12-03 00:00:00.0		29806	urn:lsid:cpas.fhcrc.org:ElispotAssayDataRow.Folder-656:7a8517cf-7af4-102c-ba3f-d104f9cd649f-6%3A0	urn:lsid:cpas.fhcrc.org:Sample.656.ELISpotAssay:OBJECT-Specimen+4-1252010058753	urn:lsid:cpas.fhcrc.org:Sample.656.ELISpotAssay:OBJECT-Specimen+4-1252010058753	25.0	1.0	Specimen 4	(6, 0)	1	Con6 140 CF	40000	249328595.2604.530		2804.0	SOP	MONT	p1277		2009-03-15 00:00:00.0	Zeiss	Zeiss	false	Zeiss_datafile.txt	
249320489	2008-12-03 00:00:00.0		29807	urn:lsid:cpas.fhcrc.org:ElispotAssayDataRow.Folder-656:7a8517cf-7af4-102c-ba3f-d104f9cd649f-7%3A0	urn:lsid:cpas.fhcrc.org:Sample.656.ELISpotAssay:OBJECT-Specimen+4-1252010058753	urn:lsid:cpas.fhcrc.org:Sample.656.ELISpotAssay:OBJECT-Specimen+4-1252010058753	14150.0	566.0	Specimen 4	(7, 0)	2	ConT 140 CF	40000	249328595.2604.530		2804.0	SOP	MONT	p1277		2009-03-15 00:00:00.0	Zeiss	Zeiss	false	Zeiss_datafile.txt	
249320489	2008-12-03 00:00:00.0		29808	urn:lsid:cpas.fhcrc.org:ElispotAssayDataRow.Folder-656:7a8517cf-7af4-102c-ba3f-d104f9cd649f-6%3A1	urn:lsid:cpas.fhcrc.org:Sample.656.ELISpotAssay:OBJECT-Specimen+4-1252010058753	urn:lsid:cpas.fhcrc.org:Sample.656.ELISpotAssay:OBJECT-Specimen+4-1252010058753	350.0	14.0	Specimen 4	(6, 1)	1	Con6 140 CF	40000	249328595.2604.530		2804.0	SOP	MONT	p1277		2009-03-15 00:00:00.0	Zeiss	Zeiss	false	Zeiss_datafile.txt	
249320489	2008-12-03 00:00:00.0		29809	urn:lsid:cpas.fhcrc.org:ElispotAssayDataRow.Folder-656:7a8517cf-7af4-102c-ba3f-d104f9cd649f-7%3A1	urn:lsid:cpas.fhcrc.org:Sample.656.ELISpotAssay:OBJECT-Specimen+4-1252010058753	urn:lsid:cpas.fhcrc.org:Sample.656.ELISpotAssay:OBJECT-Specimen+4-1252010058753	14550.0	582.0	Specimen 4	(7, 1)	2	ConT 140 CF	40000	249328595.2604.530		2804.0	SOP	MONT	p1277		2009-03-15 00:00:00.0	Zeiss	Zeiss	false	Zeiss_datafile.txt	
249320489	2008-12-03 00:00:00.0		29810	urn:lsid:cpas.fhcrc.org:ElispotAssayDataRow.Folder-656:7a8517cf-7af4-102c-ba3f-d104f9cd649f-6%3A2	urn:lsid:cpas.fhcrc.org:Sample.656.ELISpotAssay:OBJECT-Specimen+4-1252010058753	urn:lsid:cpas.fhcrc.org:Sample.656.ELISpotAssay:OBJECT-Specimen+4-1252010058753	150.0	6.0	Specimen 4	(6, 2)	1	Con6 140 CF	40000	249328595.2604.530		2804.0	SOP	MONT	p1277		2009-03-15 00:00:00.0	Zeiss	Zeiss	false	Zeiss_datafile.txt	
249320489	2008-12-03 00:00:00.0		29811	urn:lsid:cpas.fhcrc.org:ElispotAssayDataRow.Folder-656:7a8517cf-7af4-102c-ba3f-d104f9cd649f-7%3A2	urn:lsid:cpas.fhcrc.org:Sample.656.ELISpotAssay:OBJECT-Specimen+4-1252010058753	urn:lsid:cpas.fhcrc.org:Sample.656.ELISpotAssay:OBJECT-Specimen+4-1252010058753	6425.0	257.0	Specimen 4	(7, 2)	2	ConT 140 CF	40000	249328595.2604.530		2804.0	SOP	MONT	p1277		2009-03-15 00:00:00.0	Zeiss	Zeiss	false	Zeiss_datafile.txt	
249320489	2008-12-03 00:00:00.0		29812	urn:lsid:cpas.fhcrc.org:ElispotAssayDataRow.Folder-656:7a8517cf-7af4-102c-ba3f-d104f9cd649f-6%3A3	urn:lsid:cpas.fhcrc.org:Sample.656.ELISpotAssay:OBJECT-Specimen+4-1252010058753	urn:lsid:cpas.fhcrc.org:Sample.656.ELISpotAssay:OBJECT-Specimen+4-1252010058753	25.0	1.0	Specimen 4	(6, 3)	3	ConB 140 CF	40000	249328595.2604.530		2804.0	SOP	MONT	p1277		2009-03-15 00:00:00.0	Zeiss	Zeiss	false	Zeiss_datafile.txt	
249320489	2008-12-03 00:00:00.0		29813	urn:lsid:cpas.fhcrc.org:ElispotAssayDataRow.Folder-656:7a8517cf-7af4-102c-ba3f-d104f9cd649f-7%3A3	urn:lsid:cpas.fhcrc.org:Sample.656.ELISpotAssay:OBJECT-Specimen+4-1252010058753	urn:lsid:cpas.fhcrc.org:Sample.656.ELISpotAssay:OBJECT-Specimen+4-1252010058753	15975.0	639.0	Specimen 4	(7, 3)	4	BaL 120	40000	249328595.2604.530		2804.0	SOP	MONT	p1277		2009-03-15 00:00:00.0	Zeiss	Zeiss	false	Zeiss_datafile.txt	
249320489	2008-12-03 00:00:00.0		29814	urn:lsid:cpas.fhcrc.org:ElispotAssayDataRow.Folder-656:7a8517cf-7af4-102c-ba3f-d104f9cd649f-6%3A4	urn:lsid:cpas.fhcrc.org:Sample.656.ELISpotAssay:OBJECT-Specimen+4-1252010058753	urn:lsid:cpas.fhcrc.org:Sample.656.ELISpotAssay:OBJECT-Specimen+4-1252010058753	50.0	2.0	Specimen 4	(6, 4)	3	ConB 140 CF	40000	249328595.2604.530		2804.0	SOP	MONT	p1277		2009-03-15 00:00:00.0	Zeiss	Zeiss	false	Zeiss_datafile.txt	
249320489	2008-12-03 00:00:00.0		29815	urn:lsid:cpas.fhcrc.org:ElispotAssayDataRow.Folder-656:7a8517cf-7af4-102c-ba3f-d104f9cd649f-7%3A4	urn:lsid:cpas.fhcrc.org:Sample.656.ELISpotAssay:OBJECT-Specimen+4-1252010058753	urn:lsid:cpas.fhcrc.org:Sample.656.ELISpotAssay:OBJECT-Specimen+4-1252010058753	14325.0	573.0	Specimen 4	(7, 4)	4	BaL 120	40000	249328595.2604.530		2804.0	SOP	MONT	p1277		2009-03-15 00:00:00.0	Zeiss	Zeiss	false	Zeiss_datafile.txt	
249320489	2008-12-03 00:00:00.0		29816	urn:lsid:cpas.fhcrc.org:ElispotAssayDataRow.Folder-656:7a8517cf-7af4-102c-ba3f-d104f9cd649f-6%3A5	urn:lsid:cpas.fhcrc.org:Sample.656.ELISpotAssay:OBJECT-Specimen+4-1252010058753	urn:lsid:cpas.fhcrc.org:Sample.656.ELISpotAssay:OBJECT-Specimen+4-1252010058753	25.0	1.0	Specimen 4	(6, 5)	3	ConB 140 CF	40000	249328595.2604.530		2804.0	SOP	MONT	p1277		2009-03-15 00:00:00.0	Zeiss	Zeiss	false	Zeiss_datafile.txt	
249320489	2008-12-03 00:00:00.0		29817	urn:lsid:cpas.fhcrc.org:ElispotAssayDataRow.Folder-656:7a8517cf-7af4-102c-ba3f-d104f9cd649f-7%3A5	urn:lsid:cpas.fhcrc.org:Sample.656.ELISpotAssay:OBJECT-Specimen+4-1252010058753	urn:lsid:cpas.fhcrc.org:Sample.656.ELISpotAssay:OBJECT-Specimen+4-1252010058753	2850.0	114.0	Specimen 4	(7, 5)	4	BaL 120	40000	249328595.2604.530		2804.0	SOP	MONT	p1277		2009-03-15 00:00:00.0	Zeiss	Zeiss	false	Zeiss_datafile.txt	
249320489	2008-12-03 00:00:00.0		29818	urn:lsid:cpas.fhcrc.org:ElispotAssayDataRow.Folder-656:7a8517cf-7af4-102c-ba3f-d104f9cd649f-6%3A6	urn:lsid:cpas.fhcrc.org:Sample.656.ELISpotAssay:OBJECT-Specimen+4-1252010058753	urn:lsid:cpas.fhcrc.org:Sample.656.ELISpotAssay:OBJECT-Specimen+4-1252010058753	5075.0	203.0	Specimen 4	(6, 6)	5	SP62	40000	249328595.2604.530		2804.0	SOP	MONT	p1277		2009-03-15 00:00:00.0	Zeiss	Zeiss	false	Zeiss_datafile.txt	
249320489	2008-12-03 00:00:00.0		29819	urn:lsid:cpas.fhcrc.org:ElispotAssayDataRow.Folder-656:7a8517cf-7af4-102c-ba3f-d104f9cd649f-7%3A6	urn:lsid:cpas.fhcrc.org:Sample.656.ELISpotAssay:OBJECT-Specimen+4-1252010058753	urn:lsid:cpas.fhcrc.org:Sample.656.ELISpotAssay:OBJECT-Specimen+4-1252010058753	18400.0	736.0	Specimen 4	(7, 6)	6	"P24 "	40000	249328595.2604.530		2804.0	SOP	MONT	p1277		2009-03-15 00:00:00.0	Zeiss	Zeiss	false	Zeiss_datafile.txt	
249320489	2008-12-03 00:00:00.0		29820	urn:lsid:cpas.fhcrc.org:ElispotAssayDataRow.Folder-656:7a8517cf-7af4-102c-ba3f-d104f9cd649f-6%3A7	urn:lsid:cpas.fhcrc.org:Sample.656.ELISpotAssay:OBJECT-Specimen+4-1252010058753	urn:lsid:cpas.fhcrc.org:Sample.656.ELISpotAssay:OBJECT-Specimen+4-1252010058753	6225.0	249.0	Specimen 4	(6, 7)	5	SP62	40000	249328595.2604.530		2804.0	SOP	MONT	p1277		2009-03-15 00:00:00.0	Zeiss	Zeiss	false	Zeiss_datafile.txt	
249320489	2008-12-03 00:00:00.0		29821	urn:lsid:cpas.fhcrc.org:ElispotAssayDataRow.Folder-656:7a8517cf-7af4-102c-ba3f-d104f9cd649f-7%3A7	urn:lsid:cpas.fhcrc.org:Sample.656.ELISpotAssay:OBJECT-Specimen+4-1252010058753	urn:lsid:cpas.fhcrc.org:Sample.656.ELISpotAssay:OBJECT-Specimen+4-1252010058753	23075.0	923.0	Specimen 4	(7, 7)	6	"P24 "	40000	249328595.2604.530		2804.0	SOP	MONT	p1277		2009-03-15 00:00:00.0	Zeiss	Zeiss	false	Zeiss_datafile.txt	
249320489	2008-12-03 00:00:00.0		29822	urn:lsid:cpas.fhcrc.org:ElispotAssayDataRow.Folder-656:7a8517cf-7af4-102c-ba3f-d104f9cd649f-6%3A8	urn:lsid:cpas.fhcrc.org:Sample.656.ELISpotAssay:OBJECT-Specimen+4-1252010058753	urn:lsid:cpas.fhcrc.org:Sample.656.ELISpotAssay:OBJECT-Specimen+4-1252010058753	5575.0	223.0	Specimen 4	(6, 8)	5	SP62	40000	249328595.2604.530		2804.0	SOP	MONT	p1277		2009-03-15 00:00:00.0	Zeiss	Zeiss	false	Zeiss_datafile.txt	
249320489	2008-12-03 00:00:00.0		29823	urn:lsid:cpas.fhcrc.org:ElispotAssayDataRow.Folder-656:7a8517cf-7af4-102c-ba3f-d104f9cd649f-7%3A8	urn:lsid:cpas.fhcrc.org:Sample.656.ELISpotAssay:OBJECT-Specimen+4-1252010058753	urn:lsid:cpas.fhcrc.org:Sample.656.ELISpotAssay:OBJECT-Specimen+4-1252010058753	11225.0	449.0	Specimen 4	(7, 8)	6	"P24 "	40000	249328595.2604.530		2804.0	SOP	MONT	p1277		2009-03-15 00:00:00.0	Zeiss	Zeiss	false	Zeiss_datafile.txt	
249320489	2008-12-03 00:00:00.0		29824	urn:lsid:cpas.fhcrc.org:ElispotAssayDataRow.Folder-656:7a8517cf-7af4-102c-ba3f-d104f9cd649f-6%3A9	urn:lsid:cpas.fhcrc.org:Sample.656.ELISpotAssay:OBJECT-Specimen+4-1252010058753	urn:lsid:cpas.fhcrc.org:Sample.656.ELISpotAssay:OBJECT-Specimen+4-1252010058753	5600.0	224.0	Specimen 4	(6, 9)	7	TT	40000	249328595.2604.530		2804.0	SOP	MONT	p1277		2009-03-15 00:00:00.0	Zeiss	Zeiss	false	Zeiss_datafile.txt	
249320489	2008-12-03 00:00:00.0		29825	urn:lsid:cpas.fhcrc.org:ElispotAssayDataRow.Folder-656:7a8517cf-7af4-102c-ba3f-d104f9cd649f-7%3A9	urn:lsid:cpas.fhcrc.org:Sample.656.ELISpotAssay:OBJECT-Specimen+4-1252010058753	urn:lsid:cpas.fhcrc.org:Sample.656.ELISpotAssay:OBJECT-Specimen+4-1252010058753	13925.0	557.0	Specimen 4	(7, 9)	8	KLH	40000	249328595.2604.530		2804.0	SOP	MONT	p1277		2009-03-15 00:00:00.0	Zeiss	Zeiss	false	Zeiss_datafile.txt	
249320489	2008-12-03 00:00:00.0		29826	urn:lsid:cpas.fhcrc.org:ElispotAssayDataRow.Folder-656:7a8517cf-7af4-102c-ba3f-d104f9cd649f-6%3A10	urn:lsid:cpas.fhcrc.org:Sample.656.ELISpotAssay:OBJECT-Specimen+4-1252010058753	urn:lsid:cpas.fhcrc.org:Sample.656.ELISpotAssay:OBJECT-Specimen+4-1252010058753	5675.0	227.0	Specimen 4	(6, 10)	7	TT	40000	249328595.2604.530		2804.0	SOP	MONT	p1277		2009-03-15 00:00:00.0	Zeiss	Zeiss	false	Zeiss_datafile.txt	
249320489	2008-12-03 00:00:00.0		29827	urn:lsid:cpas.fhcrc.org:ElispotAssayDataRow.Folder-656:7a8517cf-7af4-102c-ba3f-d104f9cd649f-7%3A10	urn:lsid:cpas.fhcrc.org:Sample.656.ELISpotAssay:OBJECT-Specimen+4-1252010058753	urn:lsid:cpas.fhcrc.org:Sample.656.ELISpotAssay:OBJECT-Specimen+4-1252010058753	75.0	3.0	Specimen 4	(7, 10)	8	KLH	40000	249328595.2604.530		2804.0	SOP	MONT	p1277		2009-03-15 00:00:00.0	Zeiss	Zeiss	false	Zeiss_datafile.txt	
249320489	2008-12-03 00:00:00.0		29828	urn:lsid:cpas.fhcrc.org:ElispotAssayDataRow.Folder-656:7a8517cf-7af4-102c-ba3f-d104f9cd649f-6%3A11	urn:lsid:cpas.fhcrc.org:Sample.656.ELISpotAssay:OBJECT-Specimen+4-1252010058753	urn:lsid:cpas.fhcrc.org:Sample.656.ELISpotAssay:OBJECT-Specimen+4-1252010058753	4925.0	197.0	Specimen 4	(6, 11)	7	TT	40000	249328595.2604.530		2804.0	SOP	MONT	p1277		2009-03-15 00:00:00.0	Zeiss	Zeiss	false	Zeiss_datafile.txt	
249320489	2008-12-03 00:00:00.0		29829	urn:lsid:cpas.fhcrc.org:ElispotAssayDataRow.Folder-656:7a8517cf-7af4-102c-ba3f-d104f9cd649f-7%3A11	urn:lsid:cpas.fhcrc.org:Sample.656.ELISpotAssay:OBJECT-Specimen+4-1252010058753	urn:lsid:cpas.fhcrc.org:Sample.656.ELISpotAssay:OBJECT-Specimen+4-1252010058753	0.0	0.0	Specimen 4	(7, 11)	8	KLH	40000	249328595.2604.530		2804.0	SOP	MONT	p1277		2009-03-15 00:00:00.0	Zeiss	Zeiss	false	Zeiss_datafile.txt	
