ParticipantId	date	QCStateLabel	RowId	ObjectUri	SpecimenLsid	SpecimenLsid.LSID	FitError	WellGroupName	AUC_Poly	PositiveAUC_Poly	AUC_4pl	PositiveAUC_4pl	AUC_5pl	PositiveAUC_5pl	SpecimenLsid.Property.SpecimenID	SpecimenLsid.Property.VisitID	SpecimenLsid.Property.SampleDescription	SpecimenLsid.Property.InitialDilution	SpecimenLsid.Property.Factor	SpecimenLsid.Property.Method	Cutoff50.Point	Cutoff80.Point	Run.Cutoff1	Run.Cutoff2	Run.Cutoff3	Run.VirusName	Run.VirusID	Run.HostCell	Run.StudyName	Run.ExperimentPerformer	Run.ExperimentID	Run.IncubationTime	Run.PlateNumber	Run.ExperimentDate	Run.FileID	Run.LockYAxis	Run.CurveFitMethod	Run.Name	Run.Comments
249318596	2008-09-02 00:00:00.0		36	urn:lsid:cpas.fhcrc.org:AssayRunNabDataRow.Folder-656:7a8520ae-7af4-102c-ba3f-d104f9cd649f-Specimen+1	urn:lsid:cpas.fhcrc.org:Sample.656.NAbAssay:OBJECT-Specimen+1-1252015588751	urn:lsid:cpas.fhcrc.org:Sample.656.NAbAssay:OBJECT-Specimen+1-1252015588751	4.6768026	Specimen 1	0.22286531	0.230439	0.20997502	0.22581153	0.2238286	0.23785216	526455390.2504.346	2804.0		20.0	3.0	Dilution	102.71205	25.865227	50	80		HIV-1	P392	T	Demo	Elizabeth	Nab32	30	1		NAbresults2	false	Five Parameter	NAb1	
249320107	2008-07-30 00:00:00.0		37	urn:lsid:cpas.fhcrc.org:AssayRunNabDataRow.Folder-656:7a8520ae-7af4-102c-ba3f-d104f9cd649f-Specimen+2	urn:lsid:cpas.fhcrc.org:Sample.656.NAbAssay:OBJECT-Specimen+2-1252015588751	urn:lsid:cpas.fhcrc.org:Sample.656.NAbAssay:OBJECT-Specimen+2-1252015588751	4.134906	Specimen 2	0.36353526	0.3944896	0.32765153	0.35967246	0.37242928	0.40505147	249325717.2404.493	2804.0		20.0	3.0	Dilution	399.76233	131.65433	50	80		HIV-1	P392	T	Demo	Elizabeth	Nab32	30	1		NAbresults2	false	Five Parameter	NAb1	
249320127	2009-01-06 00:00:00.0		38	urn:lsid:cpas.fhcrc.org:AssayRunNabDataRow.Folder-656:7a8520ae-7af4-102c-ba3f-d104f9cd649f-Specimen+3	urn:lsid:cpas.fhcrc.org:Sample.656.NAbAssay:OBJECT-Specimen+3-1252015588751	urn:lsid:cpas.fhcrc.org:Sample.656.NAbAssay:OBJECT-Specimen+3-1252015588751	3.434254	Specimen 3	0.4788787	0.4788787	0.48333037	0.48333037	0.47675234	0.47675234	249320619.2604.640	2804.0		20.0	3.0	Dilution	688.2636	142.48991	50	80		HIV-1	P392	T	Demo	Elizabeth	Nab32	30	1		NAbresults2	false	Five Parameter	NAb1	
249320489	2008-12-03 00:00:00.0		39	urn:lsid:cpas.fhcrc.org:AssayRunNabDataRow.Folder-656:7a8520ae-7af4-102c-ba3f-d104f9cd649f-Specimen+4	urn:lsid:cpas.fhcrc.org:Sample.656.NAbAssay:OBJECT-Specimen+4-1252015588751	urn:lsid:cpas.fhcrc.org:Sample.656.NAbAssay:OBJECT-Specimen+4-1252015588751	4.45788	Specimen 4	0.54052806	0.54052806	0.56757456	0.56757456	0.5466808	0.5466808	249328595.2604.530	2804.0		20.0	3.0	Dilution	1644.2207	194.68642	50	80		HIV-1	P392	T	Demo	Elizabeth	Nab32	30	1		NAbresults2	false	Five Parameter	NAb1	
249320897	2008-07-20 00:00:00.0		40	urn:lsid:cpas.fhcrc.org:AssayRunNabDataRow.Folder-656:7a8520ae-7af4-102c-ba3f-d104f9cd649f-Specimen+5	urn:lsid:cpas.fhcrc.org:Sample.656.NAbAssay:OBJECT-Specimen+5-1252015588751	urn:lsid:cpas.fhcrc.org:Sample.656.NAbAssay:OBJECT-Specimen+5-1252015588751	2.9391522	Specimen 5	0.3746373	0.38920864	0.36808696	0.3811452	0.37767917	0.38952944	526455350.4404.456	2804.0		20.0	3.0	Dilution	407.51926	149.05115	50	80		HIV-1	P392	T	Demo	Elizabeth	Nab32	30	1		NAbresults2	false	Five Parameter	NAb1	
