ParticipantId	date	QCStateLabel	StartDate	Country	Language	Gender	TreatmentGroup	Group	Status	Comments	Height	SequenceNum
101344	2008-04-27 00:00:00.0	Not Yet Reviewed	2008-04-27 00:00:00.0	Germany	English	f	No ARV	Group 1: Acute HIV-1				-1.0
103505	2008-04-24 00:00:00.0	Not Yet Reviewed	2008-04-24 00:00:00.0	Germany	French	f	ARV	Group 1: Acute HIV-1				-1.0
103866	2008-04-21 00:00:00.0	Not Yet Reviewed	2008-04-21 00:00:00.0	USA	German	m	Natural Controller	Group 1: Acute HIV-1			69	-1.0
107201	2008-05-22 00:00:00.0	Not Yet Reviewed	2008-05-22 00:00:00.0	USA	Spanish	f		Group 2: HIV-1 Negative				-1.0
110349	2008-04-28 00:00:00.0	Not Yet Reviewed	2008-04-28 00:00:00.0	USA	French	m		Group 2: HIV-1 Negative			62	-1.0
119180	2008-04-20 00:00:00.0	Not Yet Reviewed	2008-04-20 00:00:00.0	USA	English	f	No ARV	Group 1: Acute HIV-1			72	-1.0
120043	2008-04-24 00:00:00.0	Not Yet Reviewed	2008-04-24 00:00:00.0	Germany	English	m		Group 1: Acute HIV-1				-1.0
121933	2008-04-27 00:00:00.0	Not Yet Reviewed	2008-04-27 00:00:00.0	USA	French	m		Group 1: Acute HIV-1				-1.0
125478	2008-04-28 00:00:00.0	Not Yet Reviewed	2008-04-28 00:00:00.0	USA	English	m	ARV	Group 1: Acute HIV-1			74	-1.0
128902	2008-04-29 00:00:00.0	Not Yet Reviewed	2008-04-29 00:00:00.0	USA	German	f		Group 2: HIV-1 Negative			57	-1.0
133428	2008-04-14 00:00:00.0		2008-04-14 00:00:00.0	USA		m	ARV	Group 1: Acute HIV-1			64	2.0080414E7
138488	2008-04-19 00:00:00.0		2008-04-19 00:00:00.0	USA		f		Group 2: HIV-1 Negative			59	2.0080419E7
140163	2008-06-04 00:00:00.0	Not Yet Reviewed	2008-06-04 00:00:00.0	USA	German	f	ARV	Group 1: Acute HIV-1	confirmed		70	-1.0
144740	2008-04-29 00:00:00.0	Not Yet Reviewed	2008-04-29 00:00:00.0	Germany	German	m		Group 2: HIV-1 Negative			65	-1.0
150489	2008-04-30 00:00:00.0		2008-04-30 00:00:00.0	USA		m	ARV	Group 1: Acute HIV-1			59	-1.0
150817	2008-04-17 00:00:00.0		2008-04-17 00:00:00.0	Germany		f	ARV	Group 1: Acute HIV-1			66	-1.0
151224	2008-04-13 00:00:00.0		2008-04-13 00:00:00.0	Germany		f	Natural Controller	Group 1: Acute HIV-1			67	2.0080413E7
154864	2008-04-16 00:00:00.0	Not Yet Reviewed	2008-04-16 00:00:00.0	USA	German	f	Natural Controller	Group 1: Acute HIV-1			63	-1.0
155805	2008-04-23 00:00:00.0		2008-04-23 00:00:00.0	USA		m	No ARV	Group 1: Acute HIV-1			61	2.0080423E7
160386	2008-04-17 00:00:00.0		2008-04-17 00:00:00.0	Germany		f	Natural Controller	Group 1: Acute HIV-1			57	2.0080417E7
165074	2008-04-15 00:00:00.0		2008-04-15 00:00:00.0	Germany		f	Natural Controller	Group 1: Acute HIV-1			67	2.0080415E7
166726	2008-04-30 00:00:00.0		2008-04-30 00:00:00.0	Germany		f	ARV	Group 1: Acute HIV-1			60	2.008043E7
167572	2008-04-21 00:00:00.0		2008-04-21 00:00:00.0	USA		f	No ARV	Group 1: Acute HIV-1			59	2.0080421E7
172476	2008-04-23 00:00:00.0	Not Yet Reviewed	2008-04-23 00:00:00.0	USA	French	f	Natural Controller	Group 1: Acute HIV-1			63	-1.0
174815	2008-04-29 00:00:00.0	Not Yet Reviewed	2008-04-29 00:00:00.0	USA	French	m	No ARV	Group 1: Acute HIV-1			72	-1.0
175318	2008-04-29 00:00:00.0		2008-04-29 00:00:00.0	USA		f		Group 2: HIV-1 Negative			61	2.0080429E7
175603	2008-04-19 00:00:00.0	Not Yet Reviewed	2008-04-19 00:00:00.0	Germany	German	m	No ARV	Group 1: Acute HIV-1			70	-1.0
185014	2008-04-28 00:00:00.0		2008-04-28 00:00:00.0	USA		m	No ARV	Group 1: Acute HIV-1			70	-1.0
186899	2008-04-26 00:00:00.0		2008-04-26 00:00:00.0	USA		f	No ARV	Group 1: Acute HIV-1		latex allergy	63	2.0080426E7
191927	2008-04-15 00:00:00.0		2008-04-15 00:00:00.0	Uganda		f	ARV	Group 1: Acute HIV-1			62	-1.0
194389	2008-04-21 00:00:00.0		2008-04-21 00:00:00.0	Germany		f		Group 2: HIV-1 Negative			63	2.0080421E7
209005	2008-04-20 00:00:00.0		2008-04-20 00:00:00.0	Uganda		m	No ARV	Group 1: Acute HIV-1			73	2.008042E7
211137	2008-04-30 00:00:00.0		2008-04-30 00:00:00.0	Germany		m	No ARV	Group 1: Acute HIV-1			70	-1.0
213932	2008-04-17 00:00:00.0		2008-04-17 00:00:00.0	USA		m	No ARV	Group 1: Acute HIV-1			76	-1.0
214659	2008-04-19 00:00:00.0		2008-04-19 00:00:00.0	USA		f		Group 2: HIV-1 Negative			64	2.0080419E7
219304	2008-04-28 00:00:00.0		2008-04-28 00:00:00.0	Germany		m		Group 2: HIV-1 Negative			70	2.0080428E7
220376	2008-04-19 00:00:00.0		2008-04-19 00:00:00.0	Uganda		f	No ARV	Group 1: Acute HIV-1			62	-1.0
225338	2008-04-18 00:00:00.0		2008-04-18 00:00:00.0	USA		f		Group 2: HIV-1 Negative			61	2.0080418E7
226423	2008-04-17 00:00:00.0		2008-04-17 00:00:00.0	USA		f	No ARV	Group 1: Acute HIV-1			61	2.0080417E7
234482	2008-04-16 00:00:00.0		2008-04-16 00:00:00.0	Uganda		f	ARV	Group 1: Acute HIV-1			59	2.0080416E7
237773	2008-04-18 00:00:00.0		2008-04-18 00:00:00.0	USA		m	ARV	Group 1: Acute HIV-1			68	2.0080418E7
246655	2008-04-23 00:00:00.0		2008-04-23 00:00:00.0	USA		f	Natural Controller	Group 1: Acute HIV-1			65	-1.0
247837	2008-04-25 00:00:00.0		2008-04-25 00:00:00.0	Uganda		f	No ARV	Group 1: Acute HIV-1			61	2.0080425E7
249318596	2008-05-17 00:00:00.0		2008-05-17 00:00:00.0	USA		m	No ARV	Group 1: Acute HIV-1	confirmed		72	-1.0
249320107	2008-06-04 00:00:00.0		2008-06-04 00:00:00.0	USA		f	ARV	Group 1: Acute HIV-1	confirmed		64	-1.0
249320127	2008-07-30 00:00:00.0		2008-07-30 00:00:00.0	USA		f		Group 2: HIV-1 Negative	0	Latex allergy.	67	-1.0
249320489	2008-07-30 00:00:00.0		2008-07-30 00:00:00.0	USA		f	No ARV	Group 1: Acute HIV-1	confirmed		70	-1.0
249320897	2008-05-01 00:00:00.0		2008-05-01 00:00:00.0	USA		f		Group 2: HIV-1 Negative	0		65	-1.0
249325717	2008-04-27 00:00:00.0		2008-04-27 00:00:00.0	USA		m		Group 2: HIV-1 Negative	0		73	-1.0
253361	2008-04-26 00:00:00.0	Not Yet Reviewed	2008-04-26 00:00:00.0	Germany	German	f		Group 2: HIV-1 Negative			63	-1.0
260191	2008-04-13 00:00:00.0		2008-04-13 00:00:00.0	USA		f		Group 2: HIV-1 Negative			61	2.0080413E7
260345	2008-04-24 00:00:00.0		2008-04-24 00:00:00.0	USA		f		Group 2: HIV-1 Negative			57	2.0080424E7
261964	2008-04-16 00:00:00.0		2008-04-16 00:00:00.0	Uganda		f	No ARV	Group 1: Acute HIV-1			63	2.0080416E7
262427	2008-04-26 00:00:00.0		2008-04-26 00:00:00.0	Uganda		f	No ARV	Group 1: Acute HIV-1			67	2.0080426E7
266574	2008-04-30 00:00:00.0		2008-04-30 00:00:00.0	Uganda		f	No ARV	Group 1: Acute HIV-1			71	-1.0
266626	2008-04-29 00:00:00.0		2008-04-29 00:00:00.0	USA		m		Group 2: HIV-1 Negative			73	2.0080429E7
276005	2008-04-24 00:00:00.0		2008-04-24 00:00:00.0	USA		f	No ARV	Group 1: Acute HIV-1			59	2.0080424E7
276366	2008-04-22 00:00:00.0		2008-04-22 00:00:00.0	USA		f		Group 2: HIV-1 Negative			63	2.0080422E7
278261	2008-04-04 00:00:00.0		2008-04-04 00:00:00.0	USA		f	Natural Controller	Group 1: Acute HIV-1			58	2.0080404E7
278889	2008-04-23 00:00:00.0		2008-04-23 00:00:00.0	USA		m	No ARV	Group 1: Acute HIV-1			75	2.0080423E7
291080	2008-04-17 00:00:00.0		2008-04-17 00:00:00.0	Uganda		f	No ARV	Group 1: Acute HIV-1			64	2.0080417E7
293749	2008-04-17 00:00:00.0		2008-04-17 00:00:00.0	USA		m	No ARV	Group 1: Acute HIV-1			75	2.0080417E7
294997	2008-04-29 00:00:00.0		2008-04-29 00:00:00.0	Uganda		f	No ARV	Group 1: Acute HIV-1			67	2.0080429E7
296663	2008-04-26 00:00:00.0		2008-04-26 00:00:00.0	USA		m	ARV	Group 1: Acute HIV-1			71	-1.0
298529	2008-04-26 00:00:00.0		2008-04-26 00:00:00.0	Germany		m	ARV	Group 1: Acute HIV-1			75	-1.0
303553	2008-04-16 00:00:00.0		2008-04-16 00:00:00.0	USA		m	Natural Controller	Group 1: Acute HIV-1			67	2.0080416E7
309880	2008-04-29 00:00:00.0	Not Yet Reviewed	2008-04-29 00:00:00.0	Germany	German	m	No ARV	Group 1: Acute HIV-1			70	-1.0
313696	2008-04-15 00:00:00.0		2008-04-15 00:00:00.0	Uganda		f	ARV	Group 1: Acute HIV-1			62	-1.0
334829	2008-04-16 00:00:00.0		2008-04-16 00:00:00.0	USA		f	ARV	Group 1: Acute HIV-1			60	2.0080416E7
338283	2008-04-25 00:00:00.0		2008-04-25 00:00:00.0	Uganda		f	No ARV	Group 1: Acute HIV-1			63	2.0080425E7
338626	2008-04-24 00:00:00.0		2008-04-24 00:00:00.0	USA		m		Group 2: HIV-1 Negative			63	2.0080424E7
342490	2008-04-26 00:00:00.0		2008-04-26 00:00:00.0	USA		f	ARV	Group 1: Acute HIV-1			59	2.0080426E7
350836	2008-04-30 00:00:00.0		2008-04-30 00:00:00.0	USA		f		Group 2: HIV-1 Negative			58	2.008043E7
355570	2008-04-21 00:00:00.0		2008-04-21 00:00:00.0	USA		f		Group 2: HIV-1 Negative			60	2.0080421E7
359263	2008-04-27 00:00:00.0		2008-04-27 00:00:00.0	USA		f	No ARV	Group 1: Acute HIV-1			58	2.0080427E7
363892	2008-04-23 00:00:00.0		2008-04-23 00:00:00.0	Uganda		f	No ARV	Group 1: Acute HIV-1			61	2.0080423E7
370820	2008-04-13 00:00:00.0		2008-04-13 00:00:00.0	Uganda		f	No ARV	Group 1: Acute HIV-1			63	2.0080413E7
376375	2008-04-18 00:00:00.0		2008-04-18 00:00:00.0	USA		m	No ARV	Group 1: Acute HIV-1			59	-1.0
387549	2008-04-23 00:00:00.0	Not Yet Reviewed	2008-04-23 00:00:00.0	USA	Spanish	f	Natural Controller	Group 1: Acute HIV-1			64	-1.0
400869	2008-04-28 00:00:00.0		2008-04-28 00:00:00.0	USA		m	ARV	Group 1: Acute HIV-1			65	-1.0
402519	2008-04-13 00:00:00.0	Not Yet Reviewed	2008-04-13 00:00:00.0	USA	Spanish	f		Group 2: HIV-1 Negative			63	-1.0
404357	2008-04-28 00:00:00.0	Not Yet Reviewed	2008-04-28 00:00:00.0	Uganda	French	m	No ARV	Group 1: Acute HIV-1			76	-1.0
410356	2008-04-30 00:00:00.0		2008-04-30 00:00:00.0	Germany		f	ARV	Group 1: Acute HIV-1			65	2.008043E7
410494	2008-04-21 00:00:00.0		2008-04-21 00:00:00.0	USA		m	No ARV	Group 1: Acute HIV-1			57	-1.0
414592	2008-04-29 00:00:00.0		2008-04-29 00:00:00.0	USA		m	ARV	Group 1: Acute HIV-1			65	-1.0
417919	2008-04-29 00:00:00.0		2008-04-29 00:00:00.0	USA		m	No ARV	Group 1: Acute HIV-1			62	-1.0
419314	2008-04-26 00:00:00.0		2008-04-26 00:00:00.0	Uganda		f	No ARV	Group 1: Acute HIV-1		latex allergy	61	2.0080426E7
421288	2008-04-30 00:00:00.0		2008-04-30 00:00:00.0	USA		m	No ARV	Group 1: Acute HIV-1			70	-1.0
421449	2008-04-15 00:00:00.0		2008-04-15 00:00:00.0	Germany		f	ARV	Group 1: Acute HIV-1			63	2.0080415E7
428313	2008-04-16 00:00:00.0		2008-04-16 00:00:00.0	USA		m	Natural Controller	Group 1: Acute HIV-1			72	-1.0
429000	2008-04-21 00:00:00.0		2008-04-21 00:00:00.0	USA		f		Group 2: HIV-1 Negative			64	2.0080421E7
438693	2008-04-17 00:00:00.0		2008-04-17 00:00:00.0	Uganda		f	No ARV	Group 1: Acute HIV-1			60	2.0080417E7
440204	2008-04-13 00:00:00.0		2008-04-13 00:00:00.0	USA		m	No ARV	Group 1: Acute HIV-1			61	2.0080413E7
446258	2008-04-22 00:00:00.0		2008-04-22 00:00:00.0	Germany		f	ARV	Group 1: Acute HIV-1			60	2.0080422E7
447563	2008-04-23 00:00:00.0		2008-04-23 00:00:00.0	Germany		m	No ARV	Group 1: Acute HIV-1			72	2.0080423E7
448754	2008-04-28 00:00:00.0		2008-04-28 00:00:00.0	USA		m	No ARV	Group 1: Acute HIV-1			75	-1.0
455585	2008-04-26 00:00:00.0		2008-04-26 00:00:00.0	Uganda		f	ARV	Group 1: Acute HIV-1			63	2.0080426E7
464322	2008-04-27 00:00:00.0		2008-04-27 00:00:00.0	USA		f	ARV	Group 1: Acute HIV-1			63	2.0080427E7
466498	2008-04-22 00:00:00.0		2008-04-22 00:00:00.0	USA		m	No ARV	Group 1: Acute HIV-1			68	-1.0
467823	2008-04-26 00:00:00.0		2008-04-26 00:00:00.0	USA		m	No ARV	Group 1: Acute HIV-1			70	2.0080426E7
468193	2008-04-17 00:00:00.0		2008-04-17 00:00:00.0	Germany		f	Natural Controller	Group 1: Acute HIV-1			57	2.0080417E7
485071	2008-04-24 00:00:00.0		2008-04-24 00:00:00.0	USA		m	Natural Controller	Group 1: Acute HIV-1			69	-1.0
488194	2008-04-25 00:00:00.0		2008-04-25 00:00:00.0	USA		m	ARV	Group 1: Acute HIV-1			65	-1.0
489209	2008-04-27 00:00:00.0		2008-04-27 00:00:00.0	USA		f		Group 2: HIV-1 Negative			63	2.0080427E7
499665	2008-04-26 00:00:00.0		2008-04-26 00:00:00.0	Germany		m		Group 2: HIV-1 Negative			65	2.0080426E7
503322	2008-04-29 00:00:00.0		2008-04-29 00:00:00.0	USA		f		Group 2: HIV-1 Negative			63	2.0080429E7
504987	2008-04-25 00:00:00.0	Not Yet Reviewed	2008-04-25 00:00:00.0	USA	English	f	ARV	Group 1: Acute HIV-1			63	-1.0
506620	2008-04-17 00:00:00.0	Not Yet Reviewed	2008-04-17 00:00:00.0	Uganda	French	f	ARV	Group 1: Acute HIV-1			63	-1.0
515895	2008-04-24 00:00:00.0		2008-04-24 00:00:00.0	USA		m	ARV	Group 1: Acute HIV-1			64	2.0080424E7
516014	2008-04-19 00:00:00.0		2008-04-19 00:00:00.0	Germany		m	No ARV	Group 1: Acute HIV-1			68	-1.0
517158	2008-04-25 00:00:00.0		2008-04-25 00:00:00.0	USA		f		Group 2: HIV-1 Negative			63	2.0080425E7
522469	2008-04-23 00:00:00.0		2008-04-23 00:00:00.0	USA		m		Group 2: HIV-1 Negative			68	2.0080423E7
531200	2008-04-26 00:00:00.0		2008-04-26 00:00:00.0	Uganda		f	ARV	Group 1: Acute HIV-1			59	2.0080426E7
537893	2008-04-14 00:00:00.0		2008-04-14 00:00:00.0	USA		f	ARV	Group 1: Acute HIV-1			60	2.0080414E7
545388	2008-04-14 00:00:00.0		2008-04-14 00:00:00.0	USA		f		Group 2: HIV-1 Negative			58	2.0080414E7
546923	2008-04-27 00:00:00.0		2008-04-27 00:00:00.0	Uganda		f	No ARV	Group 1: Acute HIV-1			60	2.0080427E7
548300	2008-04-13 00:00:00.0		2008-04-13 00:00:00.0	USA		f	Natural Controller	Group 1: Acute HIV-1			64	2.0080413E7
549040	2008-04-23 00:00:00.0	Not Yet Reviewed	2008-04-23 00:00:00.0	Germany	German	f	ARV	Group 1: Acute HIV-1			60	-1.0
549056	2008-04-21 00:00:00.0		2008-04-21 00:00:00.0	USA		f		Group 2: HIV-1 Negative			57	2.0080421E7
559579	2008-04-21 00:00:00.0		2008-04-21 00:00:00.0	Germany		f		Group 2: HIV-1 Negative			63	2.0080421E7
571006	2008-04-24 00:00:00.0		2008-04-24 00:00:00.0	USA		m		Group 2: HIV-1 Negative			68	2.0080424E7
575282	2008-04-14 00:00:00.0		2008-04-14 00:00:00.0	Uganda		f	No ARV	Group 1: Acute HIV-1			63	2.0080414E7
580975	2008-04-20 00:00:00.0		2008-04-20 00:00:00.0	Uganda		f	ARV	Group 1: Acute HIV-1			63	2.008042E7
583371	2008-04-17 00:00:00.0	Not Yet Reviewed	2008-04-17 00:00:00.0	Uganda	English	m	No ARV	Group 1: Acute HIV-1			65	-1.0
590540	2008-07-30 00:00:00.0		2008-07-30 00:00:00.0	USA		f	ARV	Group 1: Acute HIV-1	confirmed		68	2.008073E7
596107	2008-04-30 00:00:00.0		2008-04-30 00:00:00.0	Germany		f	ARV	Group 1: Acute HIV-1			63	2.008043E7
601599	2008-04-14 00:00:00.0		2008-04-14 00:00:00.0	Uganda		f	No ARV	Group 1: Acute HIV-1			64	2.0080414E7
606636	2008-04-13 00:00:00.0	Not Yet Reviewed	2008-04-13 00:00:00.0	USA	Spanish	f		Group 2: HIV-1 Negative			57	-1.0
611367	2008-04-16 00:00:00.0		2008-04-16 00:00:00.0	Uganda		m	No ARV	Group 1: Acute HIV-1			67	-1.0
618139	2008-04-17 00:00:00.0		2008-04-17 00:00:00.0	USA		m		Group 2: HIV-1 Negative			73	2.0080417E7
621081	2008-04-17 00:00:00.0		2008-04-17 00:00:00.0	Germany		m	No ARV	Group 1: Acute HIV-1			71	-1.0
623207	2008-04-18 00:00:00.0	Not Yet Reviewed	2008-04-18 00:00:00.0	USA	English	f		Group 2: HIV-1 Negative			59	-1.0
623532	2008-04-25 00:00:00.0		2008-04-25 00:00:00.0	Uganda		f	No ARV	Group 1: Acute HIV-1			58	-1.0
624271	2008-04-16 00:00:00.0		2008-04-16 00:00:00.0	USA		f		Group 2: HIV-1 Negative			63	2.0080416E7
628105	2008-04-17 00:00:00.0		2008-04-17 00:00:00.0	USA		f	ARV	Group 1: Acute HIV-1			59	2.0080417E7
634026	2008-04-19 00:00:00.0		2008-04-19 00:00:00.0	Germany		f		Group 2: HIV-1 Negative			66	2.0080419E7
640383	2008-04-20 00:00:00.0		2008-04-20 00:00:00.0	USA		f		Group 2: HIV-1 Negative			59	2.008042E7
643385	2008-04-29 00:00:00.0		2008-04-29 00:00:00.0	USA		m	No ARV	Group 1: Acute HIV-1			68	2.0080429E7
644273	2008-04-29 00:00:00.0		2008-04-29 00:00:00.0	USA		f		Group 2: HIV-1 Negative			61	2.0080429E7
646231	2008-04-14 00:00:00.0		2008-04-14 00:00:00.0	Germany		m	No ARV	Group 1: Acute HIV-1			72	2.0080414E7
649471	2008-04-27 00:00:00.0		2008-04-27 00:00:00.0	USA		m	No ARV	Group 1: Acute HIV-1			63	2.0080427E7
654122	2008-04-17 00:00:00.0		2008-04-17 00:00:00.0	Germany		m		Group 2: HIV-1 Negative			65	2.0080417E7
655210	2008-07-30 00:00:00.0		2008-07-30 00:00:00.0	USA		f		Group 2: HIV-1 Negative	0	Latex allergy.	66	-1.0
658421	2008-04-25 00:00:00.0		2008-04-25 00:00:00.0	USA		f	No ARV	Group 1: Acute HIV-1		latex allergy	63	2.0080425E7
669804	2008-04-30 00:00:00.0		2008-04-30 00:00:00.0	USA		m	No ARV	Group 1: Acute HIV-1			72	2.008043E7
669848	2008-04-29 00:00:00.0		2008-04-29 00:00:00.0	Germany		f	ARV	Group 1: Acute HIV-1			65	2.0080429E7
685928	2008-04-22 00:00:00.0		2008-04-22 00:00:00.0	Germany		f	ARV	Group 1: Acute HIV-1			63	2.0080422E7
692782	2008-04-29 00:00:00.0		2008-04-29 00:00:00.0	Germany		f	No ARV	Group 1: Acute HIV-1			71	-1.0
699582	2008-04-24 00:00:00.0		2008-04-24 00:00:00.0	Uganda		f	No ARV	Group 1: Acute HIV-1		latex allergy	61	2.0080424E7
699605	2008-04-21 00:00:00.0		2008-04-21 00:00:00.0	USA		f	No ARV	Group 1: Acute HIV-1			58	2.0080421E7
704172	2008-04-14 00:00:00.0		2008-04-14 00:00:00.0	USA		f		Group 2: HIV-1 Negative			63	2.0080414E7
713519	2008-04-13 00:00:00.0		2008-04-13 00:00:00.0	Uganda		m	No ARV	Group 1: Acute HIV-1			67	-1.0
715073	2008-04-29 00:00:00.0		2008-04-29 00:00:00.0	Germany		f	No ARV	Group 1: Acute HIV-1			67	2.0080429E7
719019	2008-04-19 00:00:00.0		2008-04-19 00:00:00.0	USA		m		Group 2: HIV-1 Negative			64	2.0080419E7
723645	2008-04-26 00:00:00.0		2008-04-26 00:00:00.0	USA		f	ARV	Group 1: Acute HIV-1			59	2.0080426E7
732771	2008-04-24 00:00:00.0	Not Yet Reviewed	2008-04-24 00:00:00.0	USA	English	m	No ARV	Group 1: Acute HIV-1			70	-1.0
733136	2008-04-27 00:00:00.0		2008-04-27 00:00:00.0	USA		m		Group 2: HIV-1 Negative	0		71	-1.0
734984	2008-04-30 00:00:00.0	Not Yet Reviewed	2008-04-30 00:00:00.0	Uganda	English	f	No ARV	Group 1: Acute HIV-1			60	-1.0
735716	2008-04-20 00:00:00.0		2008-04-20 00:00:00.0	Germany		f		Group 2: HIV-1 Negative			66	2.008042E7
743020	2008-04-22 00:00:00.0		2008-04-22 00:00:00.0	USA		f	Natural Controller	Group 1: Acute HIV-1			64	2.0080422E7
745886	2008-04-26 00:00:00.0		2008-04-26 00:00:00.0	USA		m		Group 2: HIV-1 Negative			68	-1.0
747759	2008-04-25 00:00:00.0		2008-04-25 00:00:00.0	USA		m	Natural Controller	Group 1: Acute HIV-1			67	2.0080425E7
753399	2008-04-16 00:00:00.0		2008-04-16 00:00:00.0	Germany		f		Group 2: HIV-1 Negative			66	2.0080416E7
761326	2008-04-23 00:00:00.0		2008-04-23 00:00:00.0	Germany		f	No ARV	Group 1: Acute HIV-1			67	2.0080423E7
774224	2008-05-17 00:00:00.0		2008-05-17 00:00:00.0	USA		m	No ARV	Group 1: Acute HIV-1	confirmed		71	-1.0
786635	2008-04-13 00:00:00.0		2008-04-13 00:00:00.0	Uganda		m	No ARV	Group 1: Acute HIV-1			65	-1.0
791296	2008-04-29 00:00:00.0		2008-04-29 00:00:00.0	USA		f		Group 2: HIV-1 Negative			63	2.0080429E7
793226	2008-04-21 00:00:00.0		2008-04-21 00:00:00.0	USA		f		Group 2: HIV-1 Negative			61	2.0080421E7
797386	2008-04-18 00:00:00.0		2008-04-18 00:00:00.0	USA		f	No ARV	Group 1: Acute HIV-1			58	2.0080418E7
797796	2008-04-27 00:00:00.0		2008-04-27 00:00:00.0	USA		m	ARV	Group 1: Acute HIV-1			68	2.0080427E7
799183	2008-04-15 00:00:00.0		2008-04-15 00:00:00.0	Germany		f	Natural Controller	Group 1: Acute HIV-1			67	2.0080415E7
802673	2008-04-29 00:00:00.0		2008-04-29 00:00:00.0	USA		f	No ARV	Group 1: Acute HIV-1		latex allergy	63	2.0080429E7
804056	2008-04-19 00:00:00.0		2008-04-19 00:00:00.0	USA		m		Group 2: HIV-1 Negative			68	2.0080419E7
808476	2008-04-22 00:00:00.0		2008-04-22 00:00:00.0	USA		f		Group 2: HIV-1 Negative			60	2.0080422E7
808957	2008-04-30 00:00:00.0		2008-04-30 00:00:00.0	USA		m		Group 2: HIV-1 Negative			68	-1.0
809402	2008-04-20 00:00:00.0		2008-04-20 00:00:00.0	Germany		m		Group 2: HIV-1 Negative			70	2.008042E7
818845	2008-04-30 00:00:00.0		2008-04-30 00:00:00.0	USA		f	ARV	Group 1: Acute HIV-1			59	2.008043E7
825388	2008-04-21 00:00:00.0		2008-04-21 00:00:00.0	USA		f		Group 2: HIV-1 Negative			57	2.0080421E7
831874	2008-04-15 00:00:00.0		2008-04-15 00:00:00.0	USA		m	Natural Controller	Group 1: Acute HIV-1			69	-1.0
834335	2008-04-16 00:00:00.0		2008-04-16 00:00:00.0	USA		f		Group 2: HIV-1 Negative			58	2.0080416E7
845912	2008-04-22 00:00:00.0		2008-04-22 00:00:00.0	USA		m	No ARV	Group 1: Acute HIV-1			70	2.0080422E7
848164	2008-04-27 00:00:00.0		2008-04-27 00:00:00.0	USA		m	No ARV	Group 1: Acute HIV-1			68	2.0080427E7
849715	2008-04-26 00:00:00.0		2008-04-26 00:00:00.0	Germany		m	No ARV	Group 1: Acute HIV-1			73	-1.0
852498	2008-04-20 00:00:00.0		2008-04-20 00:00:00.0	USA		m	No ARV	Group 1: Acute HIV-1			75	2.008042E7
857726	2008-04-24 00:00:00.0		2008-04-24 00:00:00.0	Uganda		f	No ARV	Group 1: Acute HIV-1			66	-1.0
858088	2008-04-25 00:00:00.0	Not Yet Reviewed	2008-04-25 00:00:00.0	Uganda	English	f	ARV	Group 1: Acute HIV-1			63	-1.0
864528	2008-04-28 00:00:00.0	Not Yet Reviewed	2008-04-28 00:00:00.0	Germany	German	f	ARV	Group 1: Acute HIV-1			60	-1.0
871099	2008-04-26 00:00:00.0		2008-04-26 00:00:00.0	USA		f		Group 2: HIV-1 Negative			60	2.0080426E7
871200	2008-04-18 00:00:00.0		2008-04-18 00:00:00.0	Germany		f	ARV	Group 1: Acute HIV-1			65	2.0080418E7
872307	2008-04-15 00:00:00.0		2008-04-15 00:00:00.0	Germany		f		Group 2: HIV-1 Negative			63	2.0080415E7
875833	2008-04-24 00:00:00.0		2008-04-24 00:00:00.0	USA		f	Natural Controller	Group 1: Acute HIV-1			58	2.0080424E7
879994	2008-04-20 00:00:00.0		2008-04-20 00:00:00.0	USA		m		Group 2: HIV-1 Negative			64	2.008042E7
881928	2008-04-30 00:00:00.0		2008-04-30 00:00:00.0	USA		m	No ARV	Group 1: Acute HIV-1			70	2.008043E7
884682	2008-04-27 00:00:00.0		2008-04-27 00:00:00.0	USA		f	No ARV	Group 1: Acute HIV-1			61	2.0080427E7
886148	2008-04-22 00:00:00.0		2008-04-22 00:00:00.0	Germany		m	ARV	Group 1: Acute HIV-1			65	-1.0
886672	2008-04-20 00:00:00.0		2008-04-20 00:00:00.0	USA		m	ARV	Group 1: Acute HIV-1			57	-1.0
894045	2008-04-26 00:00:00.0		2008-04-26 00:00:00.0	USA		f	Natural Controller	Group 1: Acute HIV-1			58	2.0080426E7
895249	2008-04-14 00:00:00.0		2008-04-14 00:00:00.0	Uganda		f	No ARV	Group 1: Acute HIV-1		latex allergy	61	2.0080414E7
898552	2008-04-25 00:00:00.0		2008-04-25 00:00:00.0	USA		m	No ARV	Group 1: Acute HIV-1			75	-1.0
905414	2008-04-27 00:00:00.0		2008-04-27 00:00:00.0	USA		m		Group 2: HIV-1 Negative			64	2.0080427E7
907086	2008-04-18 00:00:00.0		2008-04-18 00:00:00.0	Germany		f	ARV	Group 1: Acute HIV-1			60	2.0080418E7
907491	2008-04-23 00:00:00.0		2008-04-23 00:00:00.0	Germany		m	No ARV	Group 1: Acute HIV-1			71	-1.0
917083	2008-04-30 00:00:00.0		2008-04-30 00:00:00.0	USA		m	ARV	Group 1: Acute HIV-1			64	2.008043E7
923345	2008-04-25 00:00:00.0		2008-04-25 00:00:00.0	USA		f		Group 2: HIV-1 Negative			63	2.0080425E7
924287	2008-05-01 00:00:00.0		2008-05-01 00:00:00.0	USA		f		Group 2: HIV-1 Negative	0		65	2.0080501E7
925490	2008-04-16 00:00:00.0		2008-04-16 00:00:00.0	USA		f		Group 2: HIV-1 Negative			61	2.0080416E7
927033	2008-04-20 00:00:00.0		2008-04-20 00:00:00.0	Germany		f		Group 2: HIV-1 Negative			71	-1.0
931680	2008-04-21 00:00:00.0		2008-04-21 00:00:00.0	Germany		f	Natural Controller	Group 1: Acute HIV-1			57	2.0080421E7
933142	2008-04-18 00:00:00.0		2008-04-18 00:00:00.0	USA		f	No ARV	Group 1: Acute HIV-1			57	2.0080418E7
941855	2008-04-25 00:00:00.0		2008-04-25 00:00:00.0	USA		f	No ARV	Group 1: Acute HIV-1			57	2.0080425E7
943301	2008-04-13 00:00:00.0		2008-04-13 00:00:00.0	USA		m		Group 2: HIV-1 Negative			68	-1.0
952513	2008-04-23 00:00:00.0		2008-04-23 00:00:00.0	USA		f	ARV	Group 1: Acute HIV-1			59	2.0080423E7
958542	2008-04-16 00:00:00.0		2008-04-16 00:00:00.0	USA		f	No ARV	Group 1: Acute HIV-1			66	-1.0
958905	2008-04-13 00:00:00.0		2008-04-13 00:00:00.0	USA		f	ARV	Group 1: Acute HIV-1			63	2.0080413E7
967527	2008-04-30 00:00:00.0		2008-04-30 00:00:00.0	Uganda		f	ARV	Group 1: Acute HIV-1			59	2.008043E7
968259	2008-04-26 00:00:00.0		2008-04-26 00:00:00.0	Uganda		f	No ARV	Group 1: Acute HIV-1			61	2.0080426E7
973245	2008-04-15 00:00:00.0		2008-04-15 00:00:00.0	USA		m	ARV	Group 1: Acute HIV-1			68	2.0080415E7
985508	2008-04-23 00:00:00.0		2008-04-23 00:00:00.0	USA		m		Group 2: HIV-1 Negative			63	2.0080423E7
985866	2008-04-13 00:00:00.0		2008-04-13 00:00:00.0	USA		m	ARV	Group 1: Acute HIV-1			60	-1.0
995123	2008-04-18 00:00:00.0		2008-04-18 00:00:00.0	Germany		m	ARV	Group 1: Acute HIV-1			65	-1.0
995839	2008-04-26 00:00:00.0		2008-04-26 00:00:00.0	USA		f	No ARV	Group 1: Acute HIV-1			57	2.0080426E7
996250	2008-04-23 00:00:00.0		2008-04-23 00:00:00.0	USA		m	No ARV	Group 1: Acute HIV-1			72	2.0080423E7
