<?xml version="1.0" encoding="UTF-8"?>
<cohorts xmlns="http://labkey.org/study/xml">
  <cohort label="Group 1: Acute HIV-1" enrolled="true">
    <id>101344</id>
    <id>103505</id>
    <id>103866</id>
    <id>119180</id>
    <id>120043</id>
    <id>121933</id>
    <id>125478</id>
    <id>133428</id>
    <id>140163</id>
    <id>150489</id>
    <id>150817</id>
    <id>151224</id>
    <id>154864</id>
    <id>155805</id>
    <id>160386</id>
    <id>165074</id>
    <id>166726</id>
    <id>167572</id>
    <id>172476</id>
    <id>174815</id>
    <id>175603</id>
    <id>185014</id>
    <id>186899</id>
    <id>191927</id>
    <id>209005</id>
    <id>211137</id>
    <id>213932</id>
    <id>220376</id>
    <id>226423</id>
    <id>234482</id>
    <id>237773</id>
    <id>246655</id>
    <id>247837</id>
    <id>249318596</id>
    <id>249320107</id>
    <id>249320489</id>
    <id>261964</id>
    <id>262427</id>
    <id>266574</id>
    <id>276005</id>
    <id>278261</id>
    <id>278889</id>
    <id>291080</id>
    <id>293749</id>
    <id>294997</id>
    <id>296663</id>
    <id>298529</id>
    <id>303553</id>
    <id>309880</id>
    <id>313696</id>
    <id>334829</id>
    <id>338283</id>
    <id>342490</id>
    <id>359263</id>
    <id>363892</id>
    <id>370820</id>
    <id>376375</id>
    <id>387549</id>
    <id>400869</id>
    <id>404357</id>
    <id>410356</id>
    <id>410494</id>
    <id>414592</id>
    <id>417919</id>
    <id>419314</id>
    <id>421288</id>
    <id>421449</id>
    <id>428313</id>
    <id>438693</id>
    <id>440204</id>
    <id>446258</id>
    <id>447563</id>
    <id>448754</id>
    <id>455585</id>
    <id>464322</id>
    <id>466498</id>
    <id>467823</id>
    <id>468193</id>
    <id>485071</id>
    <id>488194</id>
    <id>504987</id>
    <id>506620</id>
    <id>515895</id>
    <id>516014</id>
    <id>531200</id>
    <id>537893</id>
    <id>546923</id>
    <id>548300</id>
    <id>549040</id>
    <id>575282</id>
    <id>580975</id>
    <id>583371</id>
    <id>590540</id>
    <id>596107</id>
    <id>601599</id>
    <id>611367</id>
    <id>621081</id>
    <id>623532</id>
    <id>628105</id>
    <id>643385</id>
    <id>646231</id>
    <id>649471</id>
    <id>658421</id>
    <id>669804</id>
    <id>669848</id>
    <id>685928</id>
    <id>692782</id>
    <id>699582</id>
    <id>699605</id>
    <id>713519</id>
    <id>715073</id>
    <id>723645</id>
    <id>732771</id>
    <id>734984</id>
    <id>743020</id>
    <id>747759</id>
    <id>761326</id>
    <id>774224</id>
    <id>786635</id>
    <id>797386</id>
    <id>797796</id>
    <id>799183</id>
    <id>802673</id>
    <id>818845</id>
    <id>831874</id>
    <id>845912</id>
    <id>848164</id>
    <id>849715</id>
    <id>852498</id>
    <id>857726</id>
    <id>858088</id>
    <id>864528</id>
    <id>871200</id>
    <id>875833</id>
    <id>881928</id>
    <id>884682</id>
    <id>886148</id>
    <id>886672</id>
    <id>894045</id>
    <id>895249</id>
    <id>898552</id>
    <id>907086</id>
    <id>907491</id>
    <id>917083</id>
    <id>931680</id>
    <id>933142</id>
    <id>941855</id>
    <id>952513</id>
    <id>958542</id>
    <id>958905</id>
    <id>967527</id>
    <id>968259</id>
    <id>973245</id>
    <id>985866</id>
    <id>995123</id>
    <id>995839</id>
    <id>996250</id>
  </cohort>
  <cohort label="Group 2: HIV-1 Negative" enrolled="true">
    <id>107201</id>
    <id>110349</id>
    <id>128902</id>
    <id>138488</id>
    <id>144740</id>
    <id>175318</id>
    <id>194389</id>
    <id>214659</id>
    <id>219304</id>
    <id>225338</id>
    <id>249320127</id>
    <id>249320897</id>
    <id>249325717</id>
    <id>253361</id>
    <id>260191</id>
    <id>260345</id>
    <id>266626</id>
    <id>276366</id>
    <id>338626</id>
    <id>350836</id>
    <id>355570</id>
    <id>402519</id>
    <id>429000</id>
    <id>489209</id>
    <id>499665</id>
    <id>503322</id>
    <id>517158</id>
    <id>522469</id>
    <id>545388</id>
    <id>549056</id>
    <id>559579</id>
    <id>571006</id>
    <id>606636</id>
    <id>618139</id>
    <id>623207</id>
    <id>624271</id>
    <id>634026</id>
    <id>640383</id>
    <id>644273</id>
    <id>654122</id>
    <id>655210</id>
    <id>704172</id>
    <id>719019</id>
    <id>733136</id>
    <id>735716</id>
    <id>745886</id>
    <id>753399</id>
    <id>791296</id>
    <id>793226</id>
    <id>804056</id>
    <id>808476</id>
    <id>808957</id>
    <id>809402</id>
    <id>825388</id>
    <id>834335</id>
    <id>871099</id>
    <id>872307</id>
    <id>879994</id>
    <id>905414</id>
    <id>923345</id>
    <id>924287</id>
    <id>925490</id>
    <id>927033</id>
    <id>943301</id>
    <id>985508</id>
  </cohort>
</cohorts>