<?xml version="1.0" encoding="UTF-8"?>
<participantGroups xmlns="http://labkey.org/study/xml/participantGroups">
  <participantCategory label="Medical Status" type="manual" autoUpdate="false" datasetId="0"/>
  <participantCategory label="Males" type="list" autoUpdate="false" datasetId="0"/>
  <participantCategory label="Gender" type="manual" autoUpdate="false" datasetId="0">
    <group label="Female" categoryLabel="Gender">
      <participantId>101344</participantId>
      <participantId>103505</participantId>
      <participantId>107201</participantId>
      <participantId>119180</participantId>
      <participantId>128902</participantId>
      <participantId>138488</participantId>
      <participantId>140163</participantId>
      <participantId>150817</participantId>
      <participantId>151224</participantId>
      <participantId>154864</participantId>
      <participantId>160386</participantId>
      <participantId>165074</participantId>
      <participantId>166726</participantId>
      <participantId>167572</participantId>
      <participantId>172476</participantId>
      <participantId>175318</participantId>
      <participantId>186899</participantId>
      <participantId>191927</participantId>
      <participantId>194389</participantId>
      <participantId>214659</participantId>
      <participantId>220376</participantId>
      <participantId>225338</participantId>
      <participantId>226423</participantId>
      <participantId>234482</participantId>
      <participantId>246655</participantId>
      <participantId>247837</participantId>
      <participantId>249320107</participantId>
      <participantId>249320127</participantId>
      <participantId>249320489</participantId>
      <participantId>249320897</participantId>
      <participantId>253361</participantId>
      <participantId>260191</participantId>
      <participantId>260345</participantId>
      <participantId>261964</participantId>
      <participantId>262427</participantId>
      <participantId>266574</participantId>
      <participantId>276005</participantId>
      <participantId>276366</participantId>
      <participantId>278261</participantId>
      <participantId>291080</participantId>
      <participantId>294997</participantId>
      <participantId>313696</participantId>
      <participantId>334829</participantId>
      <participantId>338283</participantId>
      <participantId>342490</participantId>
      <participantId>350836</participantId>
      <participantId>355570</participantId>
      <participantId>359263</participantId>
      <participantId>363892</participantId>
      <participantId>370820</participantId>
      <participantId>387549</participantId>
      <participantId>402519</participantId>
      <participantId>410356</participantId>
      <participantId>419314</participantId>
      <participantId>421449</participantId>
      <participantId>429000</participantId>
      <participantId>438693</participantId>
      <participantId>446258</participantId>
      <participantId>455585</participantId>
      <participantId>464322</participantId>
      <participantId>468193</participantId>
      <participantId>489209</participantId>
      <participantId>503322</participantId>
      <participantId>504987</participantId>
      <participantId>506620</participantId>
      <participantId>517158</participantId>
      <participantId>531200</participantId>
      <participantId>537893</participantId>
      <participantId>545388</participantId>
      <participantId>546923</participantId>
      <participantId>548300</participantId>
      <participantId>549040</participantId>
      <participantId>549056</participantId>
      <participantId>559579</participantId>
      <participantId>575282</participantId>
      <participantId>580975</participantId>
      <participantId>590540</participantId>
      <participantId>596107</participantId>
      <participantId>601599</participantId>
      <participantId>606636</participantId>
      <participantId>623207</participantId>
      <participantId>623532</participantId>
      <participantId>624271</participantId>
      <participantId>628105</participantId>
      <participantId>634026</participantId>
      <participantId>640383</participantId>
      <participantId>644273</participantId>
      <participantId>655210</participantId>
      <participantId>658421</participantId>
      <participantId>669848</participantId>
      <participantId>685928</participantId>
      <participantId>692782</participantId>
      <participantId>699582</participantId>
      <participantId>699605</participantId>
      <participantId>704172</participantId>
      <participantId>715073</participantId>
      <participantId>723645</participantId>
      <participantId>734984</participantId>
      <participantId>735716</participantId>
      <participantId>743020</participantId>
      <participantId>753399</participantId>
      <participantId>761326</participantId>
      <participantId>791296</participantId>
      <participantId>793226</participantId>
      <participantId>797386</participantId>
      <participantId>799183</participantId>
      <participantId>802673</participantId>
      <participantId>808476</participantId>
      <participantId>818845</participantId>
      <participantId>825388</participantId>
      <participantId>834335</participantId>
      <participantId>857726</participantId>
      <participantId>858088</participantId>
      <participantId>864528</participantId>
      <participantId>871099</participantId>
      <participantId>871200</participantId>
      <participantId>872307</participantId>
      <participantId>875833</participantId>
      <participantId>884682</participantId>
      <participantId>894045</participantId>
      <participantId>895249</participantId>
      <participantId>907086</participantId>
      <participantId>923345</participantId>
      <participantId>924287</participantId>
      <participantId>925490</participantId>
      <participantId>927033</participantId>
      <participantId>931680</participantId>
      <participantId>933142</participantId>
      <participantId>941855</participantId>
      <participantId>952513</participantId>
      <participantId>958542</participantId>
      <participantId>958905</participantId>
      <participantId>967527</participantId>
      <participantId>968259</participantId>
      <participantId>995839</participantId>
    </group>
    <group label="Male" categoryLabel="Gender">
      <participantId>103866</participantId>
      <participantId>110349</participantId>
      <participantId>120043</participantId>
      <participantId>121933</participantId>
      <participantId>125478</participantId>
      <participantId>133428</participantId>
      <participantId>144740</participantId>
      <participantId>150489</participantId>
      <participantId>155805</participantId>
      <participantId>174815</participantId>
      <participantId>175603</participantId>
      <participantId>185014</participantId>
      <participantId>209005</participantId>
      <participantId>211137</participantId>
      <participantId>213932</participantId>
      <participantId>219304</participantId>
      <participantId>237773</participantId>
      <participantId>249318596</participantId>
      <participantId>249325717</participantId>
      <participantId>266626</participantId>
      <participantId>278889</participantId>
      <participantId>293749</participantId>
      <participantId>296663</participantId>
      <participantId>298529</participantId>
      <participantId>303553</participantId>
      <participantId>309880</participantId>
      <participantId>338626</participantId>
      <participantId>376375</participantId>
      <participantId>400869</participantId>
      <participantId>404357</participantId>
      <participantId>410494</participantId>
      <participantId>414592</participantId>
      <participantId>417919</participantId>
      <participantId>421288</participantId>
      <participantId>428313</participantId>
      <participantId>440204</participantId>
      <participantId>447563</participantId>
      <participantId>448754</participantId>
      <participantId>466498</participantId>
      <participantId>467823</participantId>
      <participantId>485071</participantId>
      <participantId>488194</participantId>
      <participantId>499665</participantId>
      <participantId>515895</participantId>
      <participantId>516014</participantId>
      <participantId>522469</participantId>
      <participantId>571006</participantId>
      <participantId>583371</participantId>
      <participantId>611367</participantId>
      <participantId>618139</participantId>
      <participantId>621081</participantId>
      <participantId>643385</participantId>
      <participantId>646231</participantId>
      <participantId>649471</participantId>
      <participantId>654122</participantId>
      <participantId>669804</participantId>
      <participantId>713519</participantId>
      <participantId>719019</participantId>
      <participantId>732771</participantId>
      <participantId>733136</participantId>
      <participantId>745886</participantId>
      <participantId>747759</participantId>
      <participantId>774224</participantId>
      <participantId>786635</participantId>
      <participantId>797796</participantId>
      <participantId>804056</participantId>
      <participantId>808957</participantId>
      <participantId>809402</participantId>
      <participantId>831874</participantId>
      <participantId>845912</participantId>
      <participantId>848164</participantId>
      <participantId>849715</participantId>
      <participantId>852498</participantId>
      <participantId>879994</participantId>
      <participantId>881928</participantId>
      <participantId>886148</participantId>
      <participantId>886672</participantId>
      <participantId>898552</participantId>
      <participantId>905414</participantId>
      <participantId>907491</participantId>
      <participantId>917083</participantId>
      <participantId>943301</participantId>
      <participantId>973245</participantId>
      <participantId>985508</participantId>
      <participantId>985866</participantId>
      <participantId>995123</participantId>
      <participantId>996250</participantId>
    </group>
  </participantCategory>
  <participantCategory label="Treatment Group" type="manual" autoUpdate="false" datasetId="0">
    <group label="HIV+ / No ARV Treatment" categoryLabel="Treatment Group">
      <participantId>119180</participantId>
      <participantId>155805</participantId>
      <participantId>167572</participantId>
      <participantId>174815</participantId>
      <participantId>175603</participantId>
      <participantId>185014</participantId>
      <participantId>186899</participantId>
      <participantId>209005</participantId>
      <participantId>211137</participantId>
      <participantId>213932</participantId>
      <participantId>220376</participantId>
      <participantId>226423</participantId>
      <participantId>247837</participantId>
      <participantId>249318596</participantId>
      <participantId>249320489</participantId>
      <participantId>261964</participantId>
      <participantId>262427</participantId>
      <participantId>266574</participantId>
      <participantId>276005</participantId>
      <participantId>278889</participantId>
      <participantId>291080</participantId>
      <participantId>293749</participantId>
      <participantId>294997</participantId>
      <participantId>309880</participantId>
      <participantId>338283</participantId>
      <participantId>359263</participantId>
      <participantId>363892</participantId>
      <participantId>370820</participantId>
      <participantId>376375</participantId>
      <participantId>404357</participantId>
      <participantId>410494</participantId>
      <participantId>417919</participantId>
      <participantId>419314</participantId>
      <participantId>421288</participantId>
      <participantId>438693</participantId>
      <participantId>440204</participantId>
      <participantId>447563</participantId>
      <participantId>448754</participantId>
      <participantId>466498</participantId>
      <participantId>467823</participantId>
      <participantId>516014</participantId>
      <participantId>546923</participantId>
      <participantId>575282</participantId>
      <participantId>583371</participantId>
      <participantId>601599</participantId>
      <participantId>611367</participantId>
      <participantId>621081</participantId>
      <participantId>623532</participantId>
      <participantId>643385</participantId>
      <participantId>646231</participantId>
      <participantId>649471</participantId>
      <participantId>658421</participantId>
      <participantId>669804</participantId>
      <participantId>692782</participantId>
      <participantId>699582</participantId>
      <participantId>699605</participantId>
      <participantId>713519</participantId>
      <participantId>715073</participantId>
      <participantId>732771</participantId>
      <participantId>734984</participantId>
      <participantId>761326</participantId>
      <participantId>774224</participantId>
      <participantId>786635</participantId>
      <participantId>797386</participantId>
      <participantId>802673</participantId>
      <participantId>845912</participantId>
      <participantId>848164</participantId>
      <participantId>849715</participantId>
      <participantId>852498</participantId>
      <participantId>857726</participantId>
      <participantId>881928</participantId>
      <participantId>884682</participantId>
      <participantId>895249</participantId>
      <participantId>898552</participantId>
      <participantId>907491</participantId>
      <participantId>933142</participantId>
      <participantId>941855</participantId>
      <participantId>958542</participantId>
      <participantId>968259</participantId>
      <participantId>995839</participantId>
      <participantId>996250</participantId>
    </group>
    <group label="HIV+ / Natural Controller" categoryLabel="Treatment Group">
      <participantId>103866</participantId>
      <participantId>151224</participantId>
      <participantId>154864</participantId>
      <participantId>160386</participantId>
      <participantId>165074</participantId>
      <participantId>172476</participantId>
      <participantId>246655</participantId>
      <participantId>278261</participantId>
      <participantId>303553</participantId>
      <participantId>387549</participantId>
      <participantId>428313</participantId>
      <participantId>468193</participantId>
      <participantId>485071</participantId>
      <participantId>548300</participantId>
      <participantId>743020</participantId>
      <participantId>747759</participantId>
      <participantId>799183</participantId>
      <participantId>831874</participantId>
      <participantId>875833</participantId>
      <participantId>894045</participantId>
      <participantId>931680</participantId>
    </group>
    <group label="HIV+ / ARV Treatment" categoryLabel="Treatment Group">
      <participantId>125478</participantId>
      <participantId>133428</participantId>
      <participantId>140163</participantId>
      <participantId>150489</participantId>
      <participantId>150817</participantId>
      <participantId>166726</participantId>
      <participantId>191927</participantId>
      <participantId>234482</participantId>
      <participantId>237773</participantId>
      <participantId>249320107</participantId>
      <participantId>296663</participantId>
      <participantId>298529</participantId>
      <participantId>313696</participantId>
      <participantId>334829</participantId>
      <participantId>342490</participantId>
      <participantId>400869</participantId>
      <participantId>410356</participantId>
      <participantId>414592</participantId>
      <participantId>421449</participantId>
      <participantId>446258</participantId>
      <participantId>455585</participantId>
      <participantId>464322</participantId>
      <participantId>488194</participantId>
      <participantId>504987</participantId>
      <participantId>506620</participantId>
      <participantId>515895</participantId>
      <participantId>531200</participantId>
      <participantId>537893</participantId>
      <participantId>549040</participantId>
      <participantId>580975</participantId>
      <participantId>590540</participantId>
      <participantId>596107</participantId>
      <participantId>628105</participantId>
      <participantId>669848</participantId>
      <participantId>685928</participantId>
      <participantId>723645</participantId>
      <participantId>797796</participantId>
      <participantId>818845</participantId>
      <participantId>858088</participantId>
      <participantId>864528</participantId>
      <participantId>871200</participantId>
      <participantId>886148</participantId>
      <participantId>886672</participantId>
      <participantId>907086</participantId>
      <participantId>917083</participantId>
      <participantId>952513</participantId>
      <participantId>958905</participantId>
      <participantId>967527</participantId>
      <participantId>973245</participantId>
      <participantId>985866</participantId>
      <participantId>995123</participantId>
    </group>
    <group label="HIV- / No ARV Treatment" categoryLabel="Treatment Group">
      <participantId>110349</participantId>
      <participantId>128902</participantId>
      <participantId>138488</participantId>
      <participantId>144740</participantId>
      <participantId>175318</participantId>
      <participantId>194389</participantId>
      <participantId>214659</participantId>
      <participantId>219304</participantId>
      <participantId>225338</participantId>
      <participantId>249320127</participantId>
      <participantId>249320897</participantId>
      <participantId>249325717</participantId>
      <participantId>253361</participantId>
      <participantId>260191</participantId>
      <participantId>260345</participantId>
      <participantId>266626</participantId>
      <participantId>276366</participantId>
      <participantId>338626</participantId>
      <participantId>350836</participantId>
      <participantId>355570</participantId>
      <participantId>402519</participantId>
      <participantId>429000</participantId>
      <participantId>489209</participantId>
      <participantId>499665</participantId>
      <participantId>503322</participantId>
      <participantId>517158</participantId>
      <participantId>522469</participantId>
      <participantId>545388</participantId>
      <participantId>549056</participantId>
      <participantId>559579</participantId>
      <participantId>571006</participantId>
      <participantId>606636</participantId>
      <participantId>618139</participantId>
      <participantId>623207</participantId>
      <participantId>624271</participantId>
      <participantId>634026</participantId>
      <participantId>640383</participantId>
      <participantId>644273</participantId>
      <participantId>654122</participantId>
      <participantId>655210</participantId>
      <participantId>704172</participantId>
      <participantId>719019</participantId>
      <participantId>733136</participantId>
      <participantId>735716</participantId>
      <participantId>745886</participantId>
      <participantId>753399</participantId>
      <participantId>791296</participantId>
      <participantId>793226</participantId>
      <participantId>804056</participantId>
      <participantId>808476</participantId>
      <participantId>808957</participantId>
      <participantId>809402</participantId>
      <participantId>825388</participantId>
      <participantId>834335</participantId>
      <participantId>871099</participantId>
      <participantId>872307</participantId>
      <participantId>879994</participantId>
      <participantId>905414</participantId>
      <participantId>923345</participantId>
      <participantId>924287</participantId>
      <participantId>925490</participantId>
      <participantId>927033</participantId>
      <participantId>943301</participantId>
      <participantId>985508</participantId>
    </group>
  </participantCategory>
  <participantCategory label="Females" type="list" autoUpdate="false" datasetId="0"/>
  <participantCategory label="Country" type="manual" autoUpdate="false" datasetId="0">
    <group label="Germany" categoryLabel="Country">
      <participantId>144740</participantId>
      <participantId>150817</participantId>
      <participantId>151224</participantId>
      <participantId>160386</participantId>
      <participantId>165074</participantId>
      <participantId>166726</participantId>
      <participantId>175603</participantId>
      <participantId>194389</participantId>
      <participantId>211137</participantId>
      <participantId>219304</participantId>
      <participantId>253361</participantId>
      <participantId>298529</participantId>
      <participantId>309880</participantId>
      <participantId>410356</participantId>
      <participantId>421449</participantId>
      <participantId>446258</participantId>
      <participantId>447563</participantId>
      <participantId>468193</participantId>
      <participantId>499665</participantId>
      <participantId>516014</participantId>
      <participantId>549040</participantId>
      <participantId>559579</participantId>
      <participantId>596107</participantId>
      <participantId>621081</participantId>
      <participantId>634026</participantId>
      <participantId>646231</participantId>
      <participantId>654122</participantId>
      <participantId>669848</participantId>
      <participantId>685928</participantId>
      <participantId>692782</participantId>
      <participantId>715073</participantId>
      <participantId>735716</participantId>
      <participantId>753399</participantId>
      <participantId>761326</participantId>
      <participantId>799183</participantId>
      <participantId>809402</participantId>
      <participantId>849715</participantId>
      <participantId>864528</participantId>
      <participantId>871200</participantId>
      <participantId>872307</participantId>
      <participantId>886148</participantId>
      <participantId>907086</participantId>
      <participantId>907491</participantId>
      <participantId>927033</participantId>
      <participantId>931680</participantId>
      <participantId>995123</participantId>
    </group>
    <group label="Uganda" categoryLabel="Country">
      <participantId>191927</participantId>
      <participantId>209005</participantId>
      <participantId>220376</participantId>
      <participantId>234482</participantId>
      <participantId>247837</participantId>
      <participantId>261964</participantId>
      <participantId>262427</participantId>
      <participantId>266574</participantId>
      <participantId>291080</participantId>
      <participantId>294997</participantId>
      <participantId>313696</participantId>
      <participantId>338283</participantId>
      <participantId>363892</participantId>
      <participantId>370820</participantId>
      <participantId>404357</participantId>
      <participantId>419314</participantId>
      <participantId>438693</participantId>
      <participantId>455585</participantId>
      <participantId>506620</participantId>
      <participantId>531200</participantId>
      <participantId>546923</participantId>
      <participantId>575282</participantId>
      <participantId>580975</participantId>
      <participantId>583371</participantId>
      <participantId>601599</participantId>
      <participantId>611367</participantId>
      <participantId>623532</participantId>
      <participantId>699582</participantId>
      <participantId>713519</participantId>
      <participantId>734984</participantId>
      <participantId>786635</participantId>
      <participantId>857726</participantId>
      <participantId>858088</participantId>
      <participantId>895249</participantId>
      <participantId>967527</participantId>
      <participantId>968259</participantId>
    </group>
    <group label="USA" categoryLabel="Country">
      <participantId>103866</participantId>
      <participantId>110349</participantId>
      <participantId>119180</participantId>
      <participantId>125478</participantId>
      <participantId>128902</participantId>
      <participantId>133428</participantId>
      <participantId>138488</participantId>
      <participantId>140163</participantId>
      <participantId>150489</participantId>
      <participantId>154864</participantId>
      <participantId>155805</participantId>
      <participantId>167572</participantId>
      <participantId>172476</participantId>
      <participantId>174815</participantId>
      <participantId>175318</participantId>
      <participantId>185014</participantId>
      <participantId>186899</participantId>
      <participantId>213932</participantId>
      <participantId>214659</participantId>
      <participantId>225338</participantId>
      <participantId>226423</participantId>
      <participantId>237773</participantId>
      <participantId>246655</participantId>
      <participantId>249318596</participantId>
      <participantId>249320107</participantId>
      <participantId>249320127</participantId>
      <participantId>249320489</participantId>
      <participantId>249320897</participantId>
      <participantId>249325717</participantId>
      <participantId>260191</participantId>
      <participantId>260345</participantId>
      <participantId>266626</participantId>
      <participantId>276005</participantId>
      <participantId>276366</participantId>
      <participantId>278261</participantId>
      <participantId>278889</participantId>
      <participantId>293749</participantId>
      <participantId>296663</participantId>
      <participantId>303553</participantId>
      <participantId>334829</participantId>
      <participantId>338626</participantId>
      <participantId>342490</participantId>
      <participantId>350836</participantId>
      <participantId>355570</participantId>
      <participantId>359263</participantId>
      <participantId>376375</participantId>
      <participantId>387549</participantId>
      <participantId>400869</participantId>
      <participantId>402519</participantId>
      <participantId>410494</participantId>
      <participantId>414592</participantId>
      <participantId>417919</participantId>
      <participantId>421288</participantId>
      <participantId>428313</participantId>
      <participantId>429000</participantId>
      <participantId>440204</participantId>
      <participantId>448754</participantId>
      <participantId>464322</participantId>
      <participantId>466498</participantId>
      <participantId>467823</participantId>
      <participantId>485071</participantId>
      <participantId>488194</participantId>
      <participantId>489209</participantId>
      <participantId>503322</participantId>
      <participantId>504987</participantId>
      <participantId>515895</participantId>
      <participantId>517158</participantId>
      <participantId>522469</participantId>
      <participantId>537893</participantId>
      <participantId>545388</participantId>
      <participantId>548300</participantId>
      <participantId>549056</participantId>
      <participantId>571006</participantId>
      <participantId>590540</participantId>
      <participantId>606636</participantId>
      <participantId>618139</participantId>
      <participantId>623207</participantId>
      <participantId>624271</participantId>
      <participantId>628105</participantId>
      <participantId>640383</participantId>
      <participantId>643385</participantId>
      <participantId>644273</participantId>
      <participantId>649471</participantId>
      <participantId>655210</participantId>
      <participantId>658421</participantId>
      <participantId>669804</participantId>
      <participantId>699605</participantId>
      <participantId>704172</participantId>
      <participantId>719019</participantId>
      <participantId>723645</participantId>
      <participantId>732771</participantId>
      <participantId>733136</participantId>
      <participantId>743020</participantId>
      <participantId>745886</participantId>
      <participantId>747759</participantId>
      <participantId>774224</participantId>
      <participantId>791296</participantId>
      <participantId>793226</participantId>
      <participantId>797386</participantId>
      <participantId>797796</participantId>
      <participantId>802673</participantId>
      <participantId>804056</participantId>
      <participantId>808476</participantId>
      <participantId>808957</participantId>
      <participantId>818845</participantId>
      <participantId>825388</participantId>
      <participantId>831874</participantId>
      <participantId>834335</participantId>
      <participantId>845912</participantId>
      <participantId>848164</participantId>
      <participantId>852498</participantId>
      <participantId>871099</participantId>
      <participantId>875833</participantId>
      <participantId>879994</participantId>
      <participantId>881928</participantId>
      <participantId>884682</participantId>
      <participantId>886672</participantId>
      <participantId>894045</participantId>
      <participantId>898552</participantId>
      <participantId>905414</participantId>
      <participantId>917083</participantId>
      <participantId>923345</participantId>
      <participantId>924287</participantId>
      <participantId>925490</participantId>
      <participantId>933142</participantId>
      <participantId>941855</participantId>
      <participantId>943301</participantId>
      <participantId>952513</participantId>
      <participantId>958542</participantId>
      <participantId>958905</participantId>
      <participantId>973245</participantId>
      <participantId>985508</participantId>
      <participantId>985866</participantId>
      <participantId>995839</participantId>
      <participantId>996250</participantId>
    </group>
  </participantCategory>
</participantGroups>