<?xml version="1.0" encoding="UTF-8"?>
<!--Exported from LabKey Server at http://localhost:8080/labkey/project/SpecimenCustomizeProject/My%20Study/begin.view by dave on Wed Apr 30 12:06:46 PDT 2014-->
<study archiveVersion="14.1" label="Rollup Test" timepointType="DATE" subjectNounSingular="Participant" subjectNounPlural="Participants" subjectColumnName="ParticipantId" investigator="Maria Casa, PhD; Carroll Hansen, PhD" grant="The Piehler/Eckels Foundation" species="" alternateIdPrefix="Demo" alternateIdDigits="6" defaultTimepointDuration="28" startDate="2008-01-01-08:00" securityType="ADVANCED_WRITE" xmlns="http://labkey.org/study/xml">
  <assaySchedule dir="assaySchedule"/>
  <cohorts type="AUTOMATIC" mode="SIMPLE" datasetId="5008" datasetProperty="Group" file="cohorts.xml"/>
  <datasets dir="datasets" file="datasets_manifest.xml">
    <definition file="Rollup.dataset"/>
  </datasets>
  <comments/>
  <qcStates file="quality_control_states.xml"/>
  <specimens dir="specimens" settings="specimen_settings.xml"/>
  <treatmentData dir="treatmentData"/>
  <visits file="visit_map.xml"/>
  <studyViews dir="views" settings="settings.xml"/>
  <studyDescription rendererType="HTML">
    <description><![CDATA[<h3>HIV Disease Progression: A Comparison of ARV Treatment Regimes</h3>

<p>LabKey Server uses a <b>fictional study</b> for its sample data. This imaginary cohort study examines the effects of HIV on the human immune system over two years of data "collection".</p>


<p>  <b>Specimen Data.</b> Browse the specimens used in the study.</p>]]></description>
  </studyDescription>
  <properties dir="properties"/>
</study>