<?xml version="1.0" encoding="UTF-8"?>
<datasets metaDataFile="datasets_metadata.xml" xmlns="http://labkey.org/study/xml">
  <datasets>
    <dataset name="NAbTest" id="5001" type="Standard">
      <tags/>
    </dataset>
    <dataset name="FlowTest" id="5002" type="Standard">
      <tags/>
    </dataset>
    <dataset name="LuminexTest" id="5003" type="Standard">
      <tags/>
    </dataset>
    <dataset name="ELISATest" id="5004" type="Standard">
      <tags/>
    </dataset>
  </datasets>
</datasets>