<?xml version="1.0" encoding="UTF-8"?>
<datasets metaDataFile="datasets_metadata.xml" xmlns="http://labkey.org/study/xml">
  <datasets>
    <dataset name="GenericAssay" id="5010" category="Assays" type="Standard">
      <tags/>
    </dataset>
    <dataset name="TestDataset0" id="5018" type="Standard">
      <tags/>
    </dataset>
    <dataset name="TestDataset1" id="5019" type="Standard">
      <tags/>
    </dataset>
    <dataset name="TestDataset2" id="5020" type="Standard">
      <tags/>
    </dataset>
    <dataset name="TestDataset3" id="5021" type="Standard">
      <tags/>
    </dataset>
    <dataset name="TestDataset4" id="5022" type="Standard">
      <tags/>
    </dataset>
    <dataset name="TestDataset5" id="5023" type="Standard">
      <tags/>
    </dataset>
    <dataset name="TestDataset6" id="5024" type="Standard">
      <tags/>
    </dataset>
    <dataset name="TestDataset7" id="5025" type="Standard">
      <tags/>
    </dataset>
    <dataset name="TestDataset8" id="5026" type="Standard">
      <tags/>
    </dataset>
    <dataset name="TestDataset9" id="5027" type="Standard">
      <tags/>
    </dataset>
    <dataset name="TestDataset10" id="5028" type="Standard">
      <tags/>
    </dataset>
    <dataset name="TestDataset11" id="5029" type="Standard">
      <tags/>
    </dataset>
    <dataset name="TestDataset12" id="5030" type="Standard">
      <tags/>
    </dataset>
    <dataset name="TestDataset13" id="5031" type="Standard">
      <tags/>
    </dataset>
    <dataset name="TestDataset14" id="5032" type="Standard">
      <tags/>
    </dataset>
    <dataset name="TestDataset15" id="5033" type="Standard">
      <tags/>
    </dataset>
    <dataset name="TestDataset16" id="5034" type="Standard">
      <tags/>
    </dataset>
    <dataset name="TestDataset17" id="5035" type="Standard">
      <tags/>
    </dataset>
    <dataset name="TestDataset18" id="5036" type="Standard">
      <tags/>
    </dataset>
    <dataset name="TestDataset19" id="5037" type="Standard">
      <tags/>
    </dataset>
    <dataset name="TestDataset20" id="5038" type="Standard">
      <tags/>
    </dataset>
    <dataset name="TestDataset21" id="5039" type="Standard">
      <tags/>
    </dataset>
    <dataset name="TestDataset22" id="5040" type="Standard">
      <tags/>
    </dataset>
    <dataset name="TestDataset23" id="5041" type="Standard">
      <tags/>
    </dataset>
    <dataset name="TestDataset24" id="5042" type="Standard">
      <tags/>
    </dataset>
    <dataset name="TestDataset25" id="5043" type="Standard">
      <tags/>
    </dataset>
    <dataset name="TestDataset26" id="5044" type="Standard">
      <tags/>
    </dataset>
    <dataset name="TestDataset27" id="5045" type="Standard">
      <tags/>
    </dataset>
    <dataset name="TestDataset28" id="5046" type="Standard">
      <tags/>
    </dataset>
    <dataset name="TestDataset29" id="5047" type="Standard">
      <tags/>
    </dataset>
    <dataset name="TestDataset30" id="5048" type="Standard">
      <tags/>
    </dataset>
    <dataset name="TestDataset31" id="5049" type="Standard">
      <tags/>
    </dataset>
    <dataset name="ELISpotAssay" id="5012" category="Assays" type="Standard">
      <tags/>
    </dataset>
    <dataset name="NAbAssay" id="5013" category="Assays" type="Standard">
      <tags/>
    </dataset>
    <dataset name="LuminexAssay" id="5014" category="Assays" type="Standard">
      <tags/>
    </dataset>
    <dataset name="Microarray Test" id="5015" category="Assays" type="Standard">
      <tags/>
    </dataset>
    <dataset name="FileBasedAssay" id="5016" category="Assays" type="Standard">
      <tags/>
    </dataset>
    <dataset name="Participation and Genetic Consent" id="5017" category="Consent" demographicData="true" type="Standard">
      <tags/>
    </dataset>
    <dataset name="Physical Exam" id="5004" category="Exams" type="Standard">
      <tags/>
    </dataset>
    <dataset name="Demographics" id="5008" category="Exams" demographicData="true" type="Standard">
      <tags/>
    </dataset>
    <dataset name="Status Assessment" id="5009" category="Status" type="Standard">
      <tags/>
    </dataset>
    <dataset name="HIV Test Results" id="5006" category="Tests" type="Standard">
      <tags/>
    </dataset>
    <dataset name="Lab Results" id="5007" category="Tests" type="Standard">
      <tags/>
    </dataset>
  </datasets>
</datasets>