Sample	Population	Graph	Path
931115-B07- Sample 01.fcs		ForSc:OrthSc	931115-B07- Sample 01/89be2cd31a83d285da7ba150e2d4dff2.png
931115-B07- Sample 01.fcs	Lymphocytes	Cy5PE	931115-B07- Sample 01/28b0464cf4568180d3f643d8f2fd710f.png
931115-B07- Sample 01.fcs	Lymphocytes/CD4 T	Fluor:PhyEry	931115-B07- Sample 01/a0c8c63d7c8feb408000d316614062f7.png
931115-C07- Sample 02.fcs		ForSc:OrthSc	931115-C07- Sample 02/364fd4428db8af93782b84f562a2da54.png
931115-C07- Sample 02.fcs	Lymphocytes	Cy5PE	931115-C07- Sample 02/e9fb53d671e820032a94dad3a8b6b9d1.png
931115-C07- Sample 02.fcs	Lymphocytes/CD4 T	Fluor:PhyEry	931115-C07- Sample 02/a0c8c63d7c8feb408000d316614062f7.png
931115-D07- Sample 03.fcs		ForSc:OrthSc	931115-D07- Sample 03/06c3cbde7ae694ef8e489bbff11ebccf.png
931115-D07- Sample 03.fcs	Lymphocytes	Cy5PE	931115-D07- Sample 03/e9fb53d671e820032a94dad3a8b6b9d1.png
931115-D07- Sample 03.fcs	Lymphocytes/CD4 T	Fluor:PhyEry	931115-D07- Sample 03/a0c8c63d7c8feb408000d316614062f7.png
931115-E07- Sample 04.fcs		ForSc:OrthSc	931115-E07- Sample 04/be4eec63ea5086649a3e83a34e8854f1.png
931115-E07- Sample 04.fcs	Lymphocytes	Cy5PE	931115-E07- Sample 04/e9fb53d671e820032a94dad3a8b6b9d1.png
931115-E07- Sample 04.fcs	Lymphocytes/CD4 T	Fluor:PhyEry	931115-E07- Sample 04/a0c8c63d7c8feb408000d316614062f7.png
