<?xml version="1.0" encoding="UTF-8"?>
<!--Exported from LabKey Server at http://localhost:8080/labkey/CAVD/Advanced%20Import%20Study%20Project%2001/Advanced%20Import%20Subfolder/project-begin.view by klum on Wed Oct 26 17:55:35 PDT 2016-->
<folder archiveVersion="16.22" label="Advanced Import Subfolder" type="normal" title="Advanced Import Subfolder" xmlns="http://labkey.org/folder/xml" xmlns:ns="http://labkey.org/study/xml">
  <folderType name="Collaboration">
    <defaultModule>Core</defaultModule>
    <modules>
      <moduleName>Study</moduleName>
      <moduleName>Issues</moduleName>
      <moduleName>FileContent</moduleName>
      <moduleName>Announcements</moduleName>
      <moduleName>Wiki</moduleName>
      <moduleName>ViscStudies</moduleName>
      <moduleName>Query</moduleName>
      <moduleName>Experiment</moduleName>
      <moduleName>Pipeline</moduleName>
      <moduleName>Core</moduleName>
    </modules>
  </folderType>
  <searchable>true</searchable>
  <pages file="pages.xml"/>
  <moduleProperties/>
  <wikis dir="wikis"/>
  <notifications>
    <messagesDefault id="2" label="My conversations"/>
    <filesDefault id="0" label="No Email"/>
  </notifications>
  <missingValueIndicators>
    <ns:missingValueIndicator indicator="Q" label="Data currently under quality control review."/>
    <ns:missingValueIndicator indicator="N" label="Required field marked by site as 'data not available'."/>
  </missingValueIndicators>
</folder>