RowId,WellId,Plate,RowIndex,Row,Column,Well Location,Measure
1,1,1,1,A,1,A01,640
2,2,1,2,B,1,B01,993
3,3,1,3,C,1,C01,585
4,4,1,4,D,1,D01,570
5,5,1,5,E,1,E01,701
6,6,1,6,F,1,F01,893
7,7,1,7,G,1,G01,476
8,8,1,8,H,1,H01,37
9,9,1,9,I,1,I01,198
10,10,1,10,J,1,J01,131
11,11,1,11,K,1,K01,252
12,12,1,12,L,1,L01,104
13,13,1,13,M,1,M01,89
14,14,1,14,N,1,N01,147
15,15,1,15,O,1,O01,154
16,16,1,16,P,1,P01,821
17,17,1,1,A,2,A02,72392
18,18,1,2,B,2,B02,84202
19,19,1,3,C,2,C02,81356
20,20,1,4,D,2,D02,74394
21,21,1,5,E,2,E02,76331
22,22,1,6,F,2,F02,71033
23,23,1,7,G,2,G02,71140
24,24,1,8,H,2,H02,86947
25,25,1,9,I,2,I02,76358
26,26,1,10,J,2,J02,86015
27,27,1,11,K,2,K02,73914
28,28,1,12,L,2,L02,79580
29,29,1,13,M,2,M02,86513
30,30,1,14,N,2,N02,82424
31,31,1,15,O,2,O02,76772
32,32,1,16,P,2,P02,86451
33,33,1,1,A,3,A03,11943
34,34,1,2,B,3,B03,13185
35,35,1,3,C,3,C03,11711
36,36,1,4,D,3,D03,3479
37,37,1,5,E,3,E03,5227
38,38,1,6,F,3,F03,2226
39,39,1,7,G,3,G03,5795
40,40,1,8,H,3,H03,12978
41,41,1,9,I,3,I03,3903
42,42,1,10,J,3,J03,16730
43,43,1,11,K,3,K03,159
44,44,1,12,L,3,L03,2108
45,45,1,13,M,3,M03,7224
46,46,1,14,N,3,N03,5367
47,47,1,15,O,3,O03,3580
48,48,1,16,P,3,P03,19913
49,49,1,1,A,4,A04,2735
50,50,1,2,B,4,B04,6925
51,51,1,3,C,4,C04,14339
52,52,1,4,D,4,D04,12492
53,53,1,5,E,4,E04,15260
54,54,1,6,F,4,F04,15948
55,55,1,7,G,4,G04,7988
56,56,1,8,H,4,H04,15530
57,57,1,9,I,4,I04,17930
58,58,1,10,J,4,J04,6628
59,59,1,11,K,4,K04,11006
60,60,1,12,L,4,L04,7605
61,61,1,13,M,4,M04,13022
62,62,1,14,N,4,N04,1534
63,63,1,15,O,4,O04,12787
64,64,1,16,P,4,P04,12554
65,65,1,1,A,5,A05,18410
66,66,1,2,B,5,B05,16138
67,67,1,3,C,5,C05,3152
68,68,1,4,D,5,D05,17056
69,69,1,5,E,5,E05,19044
70,70,1,6,F,5,F05,7781
71,71,1,7,G,5,G05,5435
72,72,1,8,H,5,H05,868
73,73,1,9,I,5,I05,2672
74,74,1,10,J,5,J05,3576
75,75,1,11,K,5,K05,4136
76,76,1,12,L,5,L05,11042
77,77,1,13,M,5,M05,4183
78,78,1,14,N,5,N05,10366
79,79,1,15,O,5,O05,19651
80,80,1,16,P,5,P05,14577
81,81,1,1,A,6,A06,15374
82,82,1,2,B,6,B06,19422
83,83,1,3,C,6,C06,17411
84,84,1,4,D,6,D06,11849
85,85,1,5,E,6,E06,1293
86,86,1,6,F,6,F06,18770
87,87,1,7,G,6,G06,4188
88,88,1,8,H,6,H06,1706
89,89,1,9,I,6,I06,16818
90,90,1,10,J,6,J06,5954
91,91,1,11,K,6,K06,15980
92,92,1,12,L,6,L06,10717
93,93,1,13,M,6,M06,17392
94,94,1,14,N,6,N06,1618
95,95,1,15,O,6,O06,14812
96,96,1,16,P,6,P06,11586
97,97,1,1,A,7,A07,3026
98,98,1,2,B,7,B07,15726
99,99,1,3,C,7,C07,14002
100,100,1,4,D,7,D07,13352
101,101,1,5,E,7,E07,18387
102,102,1,6,F,7,F07,1552
103,103,1,7,G,7,G07,17877
104,104,1,8,H,7,H07,7592
105,105,1,9,I,7,I07,8995
106,106,1,10,J,7,J07,16627
107,107,1,11,K,7,K07,18144
108,108,1,12,L,7,L07,8977
109,109,1,13,M,7,M07,11295
110,110,1,14,N,7,N07,16192
111,111,1,15,O,7,O07,8026
112,112,1,16,P,7,P07,16813
113,113,1,1,A,8,A08,10484
114,114,1,2,B,8,B08,8057
115,115,1,3,C,8,C08,9721
116,116,1,4,D,8,D08,16522
117,117,1,5,E,8,E08,794
118,118,1,6,F,8,F08,14712
119,119,1,7,G,8,G08,15693
120,120,1,8,H,8,H08,14859
121,121,1,9,I,8,I08,135
122,122,1,10,J,8,J08,10192
123,123,1,11,K,8,K08,13280
124,124,1,12,L,8,L08,18432
125,125,1,13,M,8,M08,3567
126,126,1,14,N,8,N08,15654
127,127,1,15,O,8,O08,13837
128,128,1,16,P,8,P08,2057
129,129,1,1,A,9,A09,2427
130,130,1,2,B,9,B09,2553
131,131,1,3,C,9,C09,1356
132,132,1,4,D,9,D09,14893
133,133,1,5,E,9,E09,3864
134,134,1,6,F,9,F09,19450
135,135,1,7,G,9,G09,4046
136,136,1,8,H,9,H09,16173
137,137,1,9,I,9,I09,9403
138,138,1,10,J,9,J09,13130
139,139,1,11,K,9,K09,11004
140,140,1,12,L,9,L09,13639
141,141,1,13,M,9,M09,15418
142,142,1,14,N,9,N09,19710
143,143,1,15,O,9,O09,5158
144,144,1,16,P,9,P09,8209
145,145,1,1,A,10,A10,3982
146,146,1,2,B,10,B10,4192
147,147,1,3,C,10,C10,16124
148,148,1,4,D,10,D10,724
149,149,1,5,E,10,E10,6262
150,150,1,6,F,10,F10,16883
151,151,1,7,G,10,G10,2531
152,152,1,8,H,10,H10,16955
153,153,1,9,I,10,I10,9201
154,154,1,10,J,10,J10,19346
155,155,1,11,K,10,K10,9658
156,156,1,12,L,10,L10,11774
157,157,1,13,M,10,M10,10197
158,158,1,14,N,10,N10,10398
159,159,1,15,O,10,O10,6872
160,160,1,16,P,10,P10,8080
161,161,1,1,A,11,A11,4203
162,162,1,2,B,11,B11,2673
163,163,1,3,C,11,C11,12365
164,164,1,4,D,11,D11,10664
165,165,1,5,E,11,E11,14412
166,166,1,6,F,11,F11,6393
167,167,1,7,G,11,G11,16377
168,168,1,8,H,11,H11,11259
169,169,1,9,I,11,I11,9066
170,170,1,10,J,11,J11,6101
171,171,1,11,K,11,K11,270
172,172,1,12,L,11,L11,5714
173,173,1,13,M,11,M11,16242
174,174,1,14,N,11,N11,7732
175,175,1,15,O,11,O11,5565
176,176,1,16,P,11,P11,4590
177,177,1,1,A,12,A12,9693
178,178,1,2,B,12,B12,12738
179,179,1,3,C,12,C12,19943
180,180,1,4,D,12,D12,58
181,181,1,5,E,12,E12,9067
182,182,1,6,F,12,F12,4279
183,183,1,7,G,12,G12,1425
184,184,1,8,H,12,H12,18189
185,185,1,9,I,12,I12,19836
186,186,1,10,J,12,J12,18291
187,187,1,11,K,12,K12,12866
188,188,1,12,L,12,L12,10231
189,189,1,13,M,12,M12,9353
190,190,1,14,N,12,N12,14425
191,191,1,15,O,12,O12,9090
192,192,1,16,P,12,P12,11179
193,193,1,1,A,13,A13,4726
194,194,1,2,B,13,B13,7895
195,195,1,3,C,13,C13,14580
196,196,1,4,D,13,D13,2739
197,197,1,5,E,13,E13,8399
198,198,1,6,F,13,F13,6397
199,199,1,7,G,13,G13,8822
200,200,1,8,H,13,H13,2462
201,201,1,9,I,13,I13,13333
202,202,1,10,J,13,J13,6366
203,203,1,11,K,13,K13,7912
204,204,1,12,L,13,L13,18453
205,205,1,13,M,13,M13,6889
206,206,1,14,N,13,N13,8314
207,207,1,15,O,13,O13,7482
208,208,1,16,P,13,P13,14028
209,209,1,1,A,14,A14,19758
210,210,1,2,B,14,B14,13811
211,211,1,3,C,14,C14,12480
212,212,1,4,D,14,D14,19689
213,213,1,5,E,14,E14,5207
214,214,1,6,F,14,F14,11837
215,215,1,7,G,14,G14,2677
216,216,1,8,H,14,H14,10532
217,217,1,9,I,14,I14,4418
218,218,1,10,J,14,J14,10506
219,219,1,11,K,14,K14,14940
220,220,1,12,L,14,L14,9395
221,221,1,13,M,14,M14,11394
222,222,1,14,N,14,N14,17900
223,223,1,15,O,14,O14,2657
224,224,1,16,P,14,P14,7786
225,225,1,1,A,15,A15,16183
226,226,1,2,B,15,B15,4092
227,227,1,3,C,15,C15,6371
228,228,1,4,D,15,D15,4237
229,229,1,5,E,15,E15,16635
230,230,1,6,F,15,F15,9286
231,231,1,7,G,15,G15,9004
232,232,1,8,H,15,H15,12396
233,233,1,9,I,15,I15,15766
234,234,1,10,J,15,J15,6212
235,235,1,11,K,15,K15,6587
236,236,1,12,L,15,L15,17608
237,237,1,13,M,15,M15,11913
238,238,1,14,N,15,N15,13698
239,239,1,15,O,15,O15,9455
240,240,1,16,P,15,P15,19705
241,241,1,1,A,16,A16,4027
242,242,1,2,B,16,B16,7207
243,243,1,3,C,16,C16,4821
244,244,1,4,D,16,D16,17895
245,245,1,5,E,16,E16,14789
246,246,1,6,F,16,F16,7029
247,247,1,7,G,16,G16,17718
248,248,1,8,H,16,H16,13353
249,249,1,9,I,16,I16,1554
250,250,1,10,J,16,J16,13415
251,251,1,11,K,16,K16,11648
252,252,1,12,L,16,L16,13889
253,253,1,13,M,16,M16,17732
254,254,1,14,N,16,N16,2659
255,255,1,15,O,16,O16,917
256,256,1,16,P,16,P16,2300
257,257,1,1,A,17,A17,14907
258,258,1,2,B,17,B17,17101
259,259,1,3,C,17,C17,1173
260,260,1,4,D,17,D17,14852
261,261,1,5,E,17,E17,5975
262,262,1,6,F,17,F17,15950
263,263,1,7,G,17,G17,12963
264,264,1,8,H,17,H17,7458
265,265,1,9,I,17,I17,8543
266,266,1,10,J,17,J17,17456
267,267,1,11,K,17,K17,16698
268,268,1,12,L,17,L17,1626
269,269,1,13,M,17,M17,19732
270,270,1,14,N,17,N17,8107
271,271,1,15,O,17,O17,12873
272,272,1,16,P,17,P17,19242
273,273,1,1,A,18,A18,18253
274,274,1,2,B,18,B18,15066
275,275,1,3,C,18,C18,12608
276,276,1,4,D,18,D18,11062
277,277,1,5,E,18,E18,1414
278,278,1,6,F,18,F18,10492
279,279,1,7,G,18,G18,797
280,280,1,8,H,18,H18,18105
281,281,1,9,I,18,I18,19510
282,282,1,10,J,18,J18,12949
283,283,1,11,K,18,K18,8769
284,284,1,12,L,18,L18,11304
285,285,1,13,M,18,M18,1802
286,286,1,14,N,18,N18,12094
287,287,1,15,O,18,O18,5720
288,288,1,16,P,18,P18,15393
289,289,1,1,A,19,A19,6917
290,290,1,2,B,19,B19,13421
291,291,1,3,C,19,C19,1040
292,292,1,4,D,19,D19,16931
293,293,1,5,E,19,E19,5453
294,294,1,6,F,19,F19,2307
295,295,1,7,G,19,G19,6354
296,296,1,8,H,19,H19,19281
297,297,1,9,I,19,I19,19962
298,298,1,10,J,19,J19,10237
299,299,1,11,K,19,K19,18266
300,300,1,12,L,19,L19,3824
301,301,1,13,M,19,M19,13833
302,302,1,14,N,19,N19,4780
303,303,1,15,O,19,O19,7067
304,304,1,16,P,19,P19,13444
305,305,1,1,A,20,A20,7581
306,306,1,2,B,20,B20,8667
307,307,1,3,C,20,C20,2156
308,308,1,4,D,20,D20,16401
309,309,1,5,E,20,E20,7434
310,310,1,6,F,20,F20,3151
311,311,1,7,G,20,G20,19479
312,312,1,8,H,20,H20,10201
313,313,1,9,I,20,I20,14119
314,314,1,10,J,20,J20,3153
315,315,1,11,K,20,K20,7202
316,316,1,12,L,20,L20,9439
317,317,1,13,M,20,M20,9212
318,318,1,14,N,20,N20,18146
319,319,1,15,O,20,O20,19775
320,320,1,16,P,20,P20,1335
321,321,1,1,A,21,A21,16366
322,322,1,2,B,21,B21,13300
323,323,1,3,C,21,C21,18234
324,324,1,4,D,21,D21,13457
325,325,1,5,E,21,E21,12350
326,326,1,6,F,21,F21,1758
327,327,1,7,G,21,G21,12243
328,328,1,8,H,21,H21,5006
329,329,1,9,I,21,I21,14523
330,330,1,10,J,21,J21,9584
331,331,1,11,K,21,K21,2270
332,332,1,12,L,21,L21,1247
333,333,1,13,M,21,M21,6327
334,334,1,14,N,21,N21,19101
335,335,1,15,O,21,O21,8751
336,336,1,16,P,21,P21,9509
337,337,1,1,A,22,A22,845
338,338,1,2,B,22,B22,6833
339,339,1,3,C,22,C22,2636
340,340,1,4,D,22,D22,11207
341,341,1,5,E,22,E22,9407
342,342,1,6,F,22,F22,8013
343,343,1,7,G,22,G22,10433
344,344,1,8,H,22,H22,7265
345,345,1,9,I,22,I22,13932
346,346,1,10,J,22,J22,9911
347,347,1,11,K,22,K22,17285
348,348,1,12,L,22,L22,10076
349,349,1,13,M,22,M22,5526
350,350,1,14,N,22,N22,10957
351,351,1,15,O,22,O22,19336
352,352,1,16,P,22,P22,12375
353,353,1,1,A,23,A23,12555
354,354,1,2,B,23,B23,8540
355,355,1,3,C,23,C23,15152
356,356,1,4,D,23,D23,16962
357,357,1,5,E,23,E23,12840
358,358,1,6,F,23,F23,10513
359,359,1,7,G,23,G23,7907
360,360,1,8,H,23,H23,8431
361,361,1,9,I,23,I23,9685
362,362,1,10,J,23,J23,2703
363,363,1,11,K,23,K23,5450
364,364,1,12,L,23,L23,13735
365,365,1,13,M,23,M23,12832
366,366,1,14,N,23,N23,5055
367,367,1,15,O,23,O23,11460
368,368,1,16,P,23,P23,15175
369,369,1,1,A,24,A24,8721
370,370,1,2,B,24,B24,13205
371,371,1,3,C,24,C24,9460
372,372,1,4,D,24,D24,11355
373,373,1,5,E,24,E24,13802
374,374,1,6,F,24,F24,12043
375,375,1,7,G,24,G24,10285
376,376,1,8,H,24,H24,3692
377,377,1,9,I,24,I24,11256
378,378,1,10,J,24,J24,14388
379,379,1,11,K,24,K24,8339
380,380,1,12,L,24,L24,5508
381,381,1,13,M,24,M24,7405
382,382,1,14,N,24,N24,1759
383,383,1,15,O,24,O24,6040
384,384,1,16,P,24,P24,169
385,1,2,1,A,1,A01,104
386,2,2,2,B,1,B01,631
387,3,2,3,C,1,C01,76
388,4,2,4,D,1,D01,17
389,5,2,5,E,1,E01,419
390,6,2,6,F,1,F01,87
391,7,2,7,G,1,G01,445
392,8,2,8,H,1,H01,441
393,9,2,9,I,1,I01,105
394,10,2,10,J,1,J01,471
395,11,2,11,K,1,K01,13
396,12,2,12,L,1,L01,594
397,13,2,13,M,1,M01,398
398,14,2,14,N,1,N01,340
399,15,2,15,O,1,O01,503
400,16,2,16,P,1,P01,562
401,17,2,1,A,2,A02,74888
402,18,2,2,B,2,B02,81531
403,19,2,3,C,2,C02,71880
404,20,2,4,D,2,D02,70804
405,21,2,5,E,2,E02,82534
406,22,2,6,F,2,F02,82960
407,23,2,7,G,2,G02,86210
408,24,2,8,H,2,H02,76116
409,25,2,9,I,2,I02,89919
410,26,2,10,J,2,J02,80298
411,27,2,11,K,2,K02,80614
412,28,2,12,L,2,L02,85099
413,29,2,13,M,2,M02,88923
414,30,2,14,N,2,N02,87649
415,31,2,15,O,2,O02,84331
416,32,2,16,P,2,P02,75098
417,33,2,1,A,3,A03,29059
418,34,2,2,B,3,B03,13554
419,35,2,3,C,3,C03,17295
420,36,2,4,D,3,D03,21661
421,37,2,5,E,3,E03,13285
422,38,2,6,F,3,F03,19274
423,39,2,7,G,3,G03,12053
424,40,2,8,H,3,H03,19884
425,41,2,9,I,3,I03,28454
426,42,2,10,J,3,J03,20073
427,43,2,11,K,3,K03,28975
428,44,2,12,L,3,L03,28334
429,45,2,13,M,3,M03,27905
430,46,2,14,N,3,N03,17480
431,47,2,15,O,3,O03,12451
432,48,2,16,P,3,P03,23400
433,49,2,1,A,4,A04,20085
434,50,2,2,B,4,B04,27036
435,51,2,3,C,4,C04,21861
436,52,2,4,D,4,D04,27017
437,53,2,5,E,4,E04,27207
438,54,2,6,F,4,F04,28824
439,55,2,7,G,4,G04,13608
440,56,2,8,H,4,H04,12922
441,57,2,9,I,4,I04,29551
442,58,2,10,J,4,J04,13253
443,59,2,11,K,4,K04,15889
444,60,2,12,L,4,L04,12046
445,61,2,13,M,4,M04,22544
446,62,2,14,N,4,N04,20541
447,63,2,15,O,4,O04,10776
448,64,2,16,P,4,P04,14854
449,65,2,1,A,5,A05,17424
450,66,2,2,B,5,B05,11644
451,67,2,3,C,5,C05,17212
452,68,2,4,D,5,D05,12780
453,69,2,5,E,5,E05,13266
454,70,2,6,F,5,F05,19855
455,71,2,7,G,5,G05,24988
456,72,2,8,H,5,H05,11179
457,73,2,9,I,5,I05,20447
458,74,2,10,J,5,J05,14687
459,75,2,11,K,5,K05,22468
460,76,2,12,L,5,L05,15526
461,77,2,13,M,5,M05,14273
462,78,2,14,N,5,N05,10096
463,79,2,15,O,5,O05,24328
464,80,2,16,P,5,P05,20084
465,81,2,1,A,6,A06,12843
466,82,2,2,B,6,B06,26083
467,83,2,3,C,6,C06,26740
468,84,2,4,D,6,D06,23991
469,85,2,5,E,6,E06,10780
470,86,2,6,F,6,F06,17075
471,87,2,7,G,6,G06,19172
472,88,2,8,H,6,H06,23410
473,89,2,9,I,6,I06,27046
474,90,2,10,J,6,J06,24266
475,91,2,11,K,6,K06,15013
476,92,2,12,L,6,L06,10235
477,93,2,13,M,6,M06,24279
478,94,2,14,N,6,N06,25159
479,95,2,15,O,6,O06,22567
480,96,2,16,P,6,P06,13386
481,97,2,1,A,7,A07,25588
482,98,2,2,B,7,B07,27572
483,99,2,3,C,7,C07,11587
484,100,2,4,D,7,D07,25286
485,101,2,5,E,7,E07,19560
486,102,2,6,F,7,F07,24306
487,103,2,7,G,7,G07,13341
488,104,2,8,H,7,H07,20679
489,105,2,9,I,7,I07,20452
490,106,2,10,J,7,J07,28798
491,107,2,11,K,7,K07,29704
492,108,2,12,L,7,L07,19108
493,109,2,13,M,7,M07,24138
494,110,2,14,N,7,N07,19234
495,111,2,15,O,7,O07,25323
496,112,2,16,P,7,P07,10262
497,113,2,1,A,8,A08,16949
498,114,2,2,B,8,B08,29491
499,115,2,3,C,8,C08,23047
500,116,2,4,D,8,D08,24169
501,117,2,5,E,8,E08,23356
502,118,2,6,F,8,F08,15495
503,119,2,7,G,8,G08,14026
504,120,2,8,H,8,H08,21296
505,121,2,9,I,8,I08,27346
506,122,2,10,J,8,J08,13380
507,123,2,11,K,8,K08,26627
508,124,2,12,L,8,L08,21979
509,125,2,13,M,8,M08,14494
510,126,2,14,N,8,N08,10607
511,127,2,15,O,8,O08,11280
512,128,2,16,P,8,P08,27641
513,129,2,1,A,9,A09,13076
514,130,2,2,B,9,B09,11756
515,131,2,3,C,9,C09,19663
516,132,2,4,D,9,D09,14404
517,133,2,5,E,9,E09,16695
518,134,2,6,F,9,F09,17742
519,135,2,7,G,9,G09,26073
520,136,2,8,H,9,H09,27758
521,137,2,9,I,9,I09,18411
522,138,2,10,J,9,J09,23456
523,139,2,11,K,9,K09,16635
524,140,2,12,L,9,L09,20960
525,141,2,13,M,9,M09,20058
526,142,2,14,N,9,N09,14437
527,143,2,15,O,9,O09,20054
528,144,2,16,P,9,P09,25307
529,145,2,1,A,10,A10,21664
530,146,2,2,B,10,B10,21078
531,147,2,3,C,10,C10,10429
532,148,2,4,D,10,D10,25787
533,149,2,5,E,10,E10,15492
534,150,2,6,F,10,F10,21031
535,151,2,7,G,10,G10,19960
536,152,2,8,H,10,H10,19081
537,153,2,9,I,10,I10,28088
538,154,2,10,J,10,J10,18987
539,155,2,11,K,10,K10,26193
540,156,2,12,L,10,L10,10371
541,157,2,13,M,10,M10,26967
542,158,2,14,N,10,N10,27439
543,159,2,15,O,10,O10,24724
544,160,2,16,P,10,P10,13679
545,161,2,1,A,11,A11,26029
546,162,2,2,B,11,B11,22495
547,163,2,3,C,11,C11,23720
548,164,2,4,D,11,D11,28914
549,165,2,5,E,11,E11,26770
550,166,2,6,F,11,F11,14500
551,167,2,7,G,11,G11,21331
552,168,2,8,H,11,H11,26897
553,169,2,9,I,11,I11,26836
554,170,2,10,J,11,J11,28875
555,171,2,11,K,11,K11,16254
556,172,2,12,L,11,L11,21621
557,173,2,13,M,11,M11,27657
558,174,2,14,N,11,N11,21968
559,175,2,15,O,11,O11,22473
560,176,2,16,P,11,P11,28753
561,177,2,1,A,12,A12,12286
562,178,2,2,B,12,B12,24103
563,179,2,3,C,12,C12,21068
564,180,2,4,D,12,D12,17592
565,181,2,5,E,12,E12,19130
566,182,2,6,F,12,F12,12302
567,183,2,7,G,12,G12,13229
568,184,2,8,H,12,H12,25701
569,185,2,9,I,12,I12,21968
570,186,2,10,J,12,J12,18922
571,187,2,11,K,12,K12,16061
572,188,2,12,L,12,L12,26530
573,189,2,13,M,12,M12,22230
574,190,2,14,N,12,N12,16628
575,191,2,15,O,12,O12,17784
576,192,2,16,P,12,P12,28574
577,193,2,1,A,13,A13,27809
578,194,2,2,B,13,B13,16775
579,195,2,3,C,13,C13,17384
580,196,2,4,D,13,D13,11453
581,197,2,5,E,13,E13,25375
582,198,2,6,F,13,F13,18251
583,199,2,7,G,13,G13,21950
584,200,2,8,H,13,H13,20554
585,201,2,9,I,13,I13,15854
586,202,2,10,J,13,J13,14624
587,203,2,11,K,13,K13,29799
588,204,2,12,L,13,L13,24089
589,205,2,13,M,13,M13,22550
590,206,2,14,N,13,N13,19190
591,207,2,15,O,13,O13,27754
592,208,2,16,P,13,P13,24915
593,209,2,1,A,14,A14,13271
594,210,2,2,B,14,B14,22762
595,211,2,3,C,14,C14,20761
596,212,2,4,D,14,D14,19911
597,213,2,5,E,14,E14,22799
598,214,2,6,F,14,F14,19914
599,215,2,7,G,14,G14,20471
600,216,2,8,H,14,H14,16134
601,217,2,9,I,14,I14,28202
602,218,2,10,J,14,J14,25358
603,219,2,11,K,14,K14,22771
604,220,2,12,L,14,L14,20891
605,221,2,13,M,14,M14,10638
606,222,2,14,N,14,N14,12239
607,223,2,15,O,14,O14,23894
608,224,2,16,P,14,P14,21512
609,225,2,1,A,15,A15,10351
610,226,2,2,B,15,B15,11975
611,227,2,3,C,15,C15,26259
612,228,2,4,D,15,D15,18982
613,229,2,5,E,15,E15,28613
614,230,2,6,F,15,F15,12100
615,231,2,7,G,15,G15,28808
616,232,2,8,H,15,H15,18938
617,233,2,9,I,15,I15,23979
618,234,2,10,J,15,J15,16815
619,235,2,11,K,15,K15,13552
620,236,2,12,L,15,L15,15580
621,237,2,13,M,15,M15,24770
622,238,2,14,N,15,N15,13032
623,239,2,15,O,15,O15,13254
624,240,2,16,P,15,P15,16803
625,241,2,1,A,16,A16,24213
626,242,2,2,B,16,B16,24788
627,243,2,3,C,16,C16,28550
628,244,2,4,D,16,D16,12866
629,245,2,5,E,16,E16,28445
630,246,2,6,F,16,F16,10116
631,247,2,7,G,16,G16,20506
632,248,2,8,H,16,H16,20209
633,249,2,9,I,16,I16,15099
634,250,2,10,J,16,J16,18432
635,251,2,11,K,16,K16,23201
636,252,2,12,L,16,L16,21075
637,253,2,13,M,16,M16,11717
638,254,2,14,N,16,N16,15663
639,255,2,15,O,16,O16,19596
640,256,2,16,P,16,P16,13962
641,257,2,1,A,17,A17,16524
642,258,2,2,B,17,B17,18710
643,259,2,3,C,17,C17,29703
644,260,2,4,D,17,D17,24972
645,261,2,5,E,17,E17,23476
646,262,2,6,F,17,F17,22398
647,263,2,7,G,17,G17,25006
648,264,2,8,H,17,H17,25033
649,265,2,9,I,17,I17,18552
650,266,2,10,J,17,J17,25138
651,267,2,11,K,17,K17,29599
652,268,2,12,L,17,L17,23173
653,269,2,13,M,17,M17,23087
654,270,2,14,N,17,N17,29384
655,271,2,15,O,17,O17,21322
656,272,2,16,P,17,P17,12572
657,273,2,1,A,18,A18,11590
658,274,2,2,B,18,B18,25826
659,275,2,3,C,18,C18,11864
660,276,2,4,D,18,D18,26863
661,277,2,5,E,18,E18,25191
662,278,2,6,F,18,F18,24554
663,279,2,7,G,18,G18,17218
664,280,2,8,H,18,H18,11309
665,281,2,9,I,18,I18,22979
666,282,2,10,J,18,J18,11033
667,283,2,11,K,18,K18,19349
668,284,2,12,L,18,L18,26288
669,285,2,13,M,18,M18,29940
670,286,2,14,N,18,N18,28743
671,287,2,15,O,18,O18,29410
672,288,2,16,P,18,P18,10201
673,289,2,1,A,19,A19,27303
674,290,2,2,B,19,B19,18168
675,291,2,3,C,19,C19,22535
676,292,2,4,D,19,D19,12233
677,293,2,5,E,19,E19,19688
678,294,2,6,F,19,F19,21894
679,295,2,7,G,19,G19,12906
680,296,2,8,H,19,H19,24759
681,297,2,9,I,19,I19,11466
682,298,2,10,J,19,J19,18570
683,299,2,11,K,19,K19,20364
684,300,2,12,L,19,L19,16865
685,301,2,13,M,19,M19,17066
686,302,2,14,N,19,N19,22479
687,303,2,15,O,19,O19,25701
688,304,2,16,P,19,P19,22735
689,305,2,1,A,20,A20,19329
690,306,2,2,B,20,B20,17370
691,307,2,3,C,20,C20,24233
692,308,2,4,D,20,D20,19030
693,309,2,5,E,20,E20,21954
694,310,2,6,F,20,F20,20318
695,311,2,7,G,20,G20,28016
696,312,2,8,H,20,H20,27735
697,313,2,9,I,20,I20,28157
698,314,2,10,J,20,J20,10100
699,315,2,11,K,20,K20,20163
700,316,2,12,L,20,L20,29021
701,317,2,13,M,20,M20,19596
702,318,2,14,N,20,N20,14230
703,319,2,15,O,20,O20,24858
704,320,2,16,P,20,P20,11342
705,321,2,1,A,21,A21,12605
706,322,2,2,B,21,B21,28845
707,323,2,3,C,21,C21,13880
708,324,2,4,D,21,D21,16928
709,325,2,5,E,21,E21,20254
710,326,2,6,F,21,F21,15821
711,327,2,7,G,21,G21,13502
712,328,2,8,H,21,H21,22993
713,329,2,9,I,21,I21,26116
714,330,2,10,J,21,J21,22044
715,331,2,11,K,21,K21,12336
716,332,2,12,L,21,L21,20739
717,333,2,13,M,21,M21,10591
718,334,2,14,N,21,N21,22899
719,335,2,15,O,21,O21,14505
720,336,2,16,P,21,P21,26670
721,337,2,1,A,22,A22,17370
722,338,2,2,B,22,B22,12264
723,339,2,3,C,22,C22,10841
724,340,2,4,D,22,D22,26698
725,341,2,5,E,22,E22,27923
726,342,2,6,F,22,F22,20468
727,343,2,7,G,22,G22,10882
728,344,2,8,H,22,H22,12512
729,345,2,9,I,22,I22,29748
730,346,2,10,J,22,J22,10649
731,347,2,11,K,22,K22,16550
732,348,2,12,L,22,L22,29375
733,349,2,13,M,22,M22,18781
734,350,2,14,N,22,N22,14913
735,351,2,15,O,22,O22,27445
736,352,2,16,P,22,P22,22688
737,353,2,1,A,23,A23,29069
738,354,2,2,B,23,B23,16065
739,355,2,3,C,23,C23,21728
740,356,2,4,D,23,D23,19292
741,357,2,5,E,23,E23,14420
742,358,2,6,F,23,F23,20780
743,359,2,7,G,23,G23,13096
744,360,2,8,H,23,H23,21592
745,361,2,9,I,23,I23,11359
746,362,2,10,J,23,J23,23753
747,363,2,11,K,23,K23,18332
748,364,2,12,L,23,L23,21350
749,365,2,13,M,23,M23,19763
750,366,2,14,N,23,N23,20273
751,367,2,15,O,23,O23,18305
752,368,2,16,P,23,P23,23217
753,369,2,1,A,24,A24,13535
754,370,2,2,B,24,B24,27705
755,371,2,3,C,24,C24,18530
756,372,2,4,D,24,D24,16383
757,373,2,5,E,24,E24,19220
758,374,2,6,F,24,F24,21488
759,375,2,7,G,24,G24,24560
760,376,2,8,H,24,H24,26937
761,377,2,9,I,24,I24,13654
762,378,2,10,J,24,J24,11959
763,379,2,11,K,24,K24,13762
764,380,2,12,L,24,L24,26932
765,381,2,13,M,24,M24,22644
766,382,2,14,N,24,N24,14960
767,383,2,15,O,24,O24,10094
768,384,2,16,P,24,P24,18367
769,1,3,1,A,1,A01,976
770,2,3,2,B,1,B01,690
771,3,3,3,C,1,C01,771
772,4,3,4,D,1,D01,851
773,5,3,5,E,1,E01,742
774,6,3,6,F,1,F01,963
775,7,3,7,G,1,G01,768
776,8,3,8,H,1,H01,40
777,9,3,9,I,1,I01,605
778,10,3,10,J,1,J01,691
779,11,3,11,K,1,K01,725
780,12,3,12,L,1,L01,929
781,13,3,13,M,1,M01,581
782,14,3,14,N,1,N01,594
783,15,3,15,O,1,O01,400
784,16,3,16,P,1,P01,7
785,17,3,1,A,2,A02,79605
786,18,3,2,B,2,B02,72415
787,19,3,3,C,2,C02,83484
788,20,3,4,D,2,D02,71467
789,21,3,5,E,2,E02,75722
790,22,3,6,F,2,F02,71439
791,23,3,7,G,2,G02,73373
792,24,3,8,H,2,H02,81322
793,25,3,9,I,2,I02,70541
794,26,3,10,J,2,J02,80366
795,27,3,11,K,2,K02,86237
796,28,3,12,L,2,L02,73915
797,29,3,13,M,2,M02,70601
798,30,3,14,N,2,N02,77736
799,31,3,15,O,2,O02,86064
800,32,3,16,P,2,P02,83185
801,33,3,1,A,3,A03,24746
802,34,3,2,B,3,B03,36662
803,35,3,3,C,3,C03,25896
804,36,3,4,D,3,D03,20286
805,37,3,5,E,3,E03,31748
806,38,3,6,F,3,F03,28400
807,39,3,7,G,3,G03,27596
808,40,3,8,H,3,H03,22323
809,41,3,9,I,3,I03,30872
810,42,3,10,J,3,J03,25999
811,43,3,11,K,3,K03,30303
812,44,3,12,L,3,L03,37780
813,45,3,13,M,3,M03,31037
814,46,3,14,N,3,N03,39684
815,47,3,15,O,3,O03,30063
816,48,3,16,P,3,P03,22580
817,49,3,1,A,4,A04,39837
818,50,3,2,B,4,B04,20341
819,51,3,3,C,4,C04,21349
820,52,3,4,D,4,D04,27611
821,53,3,5,E,4,E04,39903
822,54,3,6,F,4,F04,35517
823,55,3,7,G,4,G04,22869
824,56,3,8,H,4,H04,35843
825,57,3,9,I,4,I04,20377
826,58,3,10,J,4,J04,26296
827,59,3,11,K,4,K04,34024
828,60,3,12,L,4,L04,20226
829,61,3,13,M,4,M04,27543
830,62,3,14,N,4,N04,30429
831,63,3,15,O,4,O04,37249
832,64,3,16,P,4,P04,21952
833,65,3,1,A,5,A05,22562
834,66,3,2,B,5,B05,26742
835,67,3,3,C,5,C05,26884
836,68,3,4,D,5,D05,22610
837,69,3,5,E,5,E05,31301
838,70,3,6,F,5,F05,27439
839,71,3,7,G,5,G05,37128
840,72,3,8,H,5,H05,33320
841,73,3,9,I,5,I05,23995
842,74,3,10,J,5,J05,30226
843,75,3,11,K,5,K05,28442
844,76,3,12,L,5,L05,30801
845,77,3,13,M,5,M05,35487
846,78,3,14,N,5,N05,30405
847,79,3,15,O,5,O05,20781
848,80,3,16,P,5,P05,29917
849,81,3,1,A,6,A06,32764
850,82,3,2,B,6,B06,33433
851,83,3,3,C,6,C06,36403
852,84,3,4,D,6,D06,24626
853,85,3,5,E,6,E06,34659
854,86,3,6,F,6,F06,37803
855,87,3,7,G,6,G06,35408
856,88,3,8,H,6,H06,21880
857,89,3,9,I,6,I06,37783
858,90,3,10,J,6,J06,39121
859,91,3,11,K,6,K06,39248
860,92,3,12,L,6,L06,31233
861,93,3,13,M,6,M06,25657
862,94,3,14,N,6,N06,31977
863,95,3,15,O,6,O06,20205
864,96,3,16,P,6,P06,34113
865,97,3,1,A,7,A07,28340
866,98,3,2,B,7,B07,32890
867,99,3,3,C,7,C07,27755
868,100,3,4,D,7,D07,24418
869,101,3,5,E,7,E07,21012
870,102,3,6,F,7,F07,25978
871,103,3,7,G,7,G07,22143
872,104,3,8,H,7,H07,29337
873,105,3,9,I,7,I07,33399
874,106,3,10,J,7,J07,29760
875,107,3,11,K,7,K07,20284
876,108,3,12,L,7,L07,39477
877,109,3,13,M,7,M07,37256
878,110,3,14,N,7,N07,25059
879,111,3,15,O,7,O07,22439
880,112,3,16,P,7,P07,22703
881,113,3,1,A,8,A08,33936
882,114,3,2,B,8,B08,28407
883,115,3,3,C,8,C08,39874
884,116,3,4,D,8,D08,29002
885,117,3,5,E,8,E08,21382
886,118,3,6,F,8,F08,25631
887,119,3,7,G,8,G08,33835
888,120,3,8,H,8,H08,23876
889,121,3,9,I,8,I08,22973
890,122,3,10,J,8,J08,33793
891,123,3,11,K,8,K08,34477
892,124,3,12,L,8,L08,28105
893,125,3,13,M,8,M08,34099
894,126,3,14,N,8,N08,21777
895,127,3,15,O,8,O08,29025
896,128,3,16,P,8,P08,34943
897,129,3,1,A,9,A09,31749
898,130,3,2,B,9,B09,26779
899,131,3,3,C,9,C09,24134
900,132,3,4,D,9,D09,26976
901,133,3,5,E,9,E09,37440
902,134,3,6,F,9,F09,23638
903,135,3,7,G,9,G09,27839
904,136,3,8,H,9,H09,21367
905,137,3,9,I,9,I09,24806
906,138,3,10,J,9,J09,27475
907,139,3,11,K,9,K09,34095
908,140,3,12,L,9,L09,37409
909,141,3,13,M,9,M09,26153
910,142,3,14,N,9,N09,35895
911,143,3,15,O,9,O09,33789
912,144,3,16,P,9,P09,23723
913,145,3,1,A,10,A10,27589
914,146,3,2,B,10,B10,31538
915,147,3,3,C,10,C10,21077
916,148,3,4,D,10,D10,25158
917,149,3,5,E,10,E10,37601
918,150,3,6,F,10,F10,33024
919,151,3,7,G,10,G10,38769
920,152,3,8,H,10,H10,33026
921,153,3,9,I,10,I10,21538
922,154,3,10,J,10,J10,28372
923,155,3,11,K,10,K10,25611
924,156,3,12,L,10,L10,30905
925,157,3,13,M,10,M10,33448
926,158,3,14,N,10,N10,27145
927,159,3,15,O,10,O10,30581
928,160,3,16,P,10,P10,23047
929,161,3,1,A,11,A11,33833
930,162,3,2,B,11,B11,22167
931,163,3,3,C,11,C11,26425
932,164,3,4,D,11,D11,37445
933,165,3,5,E,11,E11,36439
934,166,3,6,F,11,F11,36197
935,167,3,7,G,11,G11,39375
936,168,3,8,H,11,H11,26799
937,169,3,9,I,11,I11,39547
938,170,3,10,J,11,J11,20037
939,171,3,11,K,11,K11,38538
940,172,3,12,L,11,L11,22508
941,173,3,13,M,11,M11,26592
942,174,3,14,N,11,N11,34391
943,175,3,15,O,11,O11,20143
944,176,3,16,P,11,P11,35462
945,177,3,1,A,12,A12,24718
946,178,3,2,B,12,B12,30410
947,179,3,3,C,12,C12,32252
948,180,3,4,D,12,D12,35617
949,181,3,5,E,12,E12,38686
950,182,3,6,F,12,F12,33049
951,183,3,7,G,12,G12,28916
952,184,3,8,H,12,H12,24041
953,185,3,9,I,12,I12,32895
954,186,3,10,J,12,J12,28757
955,187,3,11,K,12,K12,29254
956,188,3,12,L,12,L12,35701
957,189,3,13,M,12,M12,25334
958,190,3,14,N,12,N12,25328
959,191,3,15,O,12,O12,22632
960,192,3,16,P,12,P12,26839
961,193,3,1,A,13,A13,21319
962,194,3,2,B,13,B13,37562
963,195,3,3,C,13,C13,25305
964,196,3,4,D,13,D13,20173
965,197,3,5,E,13,E13,39059
966,198,3,6,F,13,F13,35764
967,199,3,7,G,13,G13,36870
968,200,3,8,H,13,H13,33301
969,201,3,9,I,13,I13,23240
970,202,3,10,J,13,J13,26844
971,203,3,11,K,13,K13,36871
972,204,3,12,L,13,L13,28005
973,205,3,13,M,13,M13,23062
974,206,3,14,N,13,N13,32071
975,207,3,15,O,13,O13,26693
976,208,3,16,P,13,P13,28956
977,209,3,1,A,14,A14,26119
978,210,3,2,B,14,B14,30538
979,211,3,3,C,14,C14,26281
980,212,3,4,D,14,D14,29958
981,213,3,5,E,14,E14,31912
982,214,3,6,F,14,F14,34929
983,215,3,7,G,14,G14,38341
984,216,3,8,H,14,H14,28668
985,217,3,9,I,14,I14,31335
986,218,3,10,J,14,J14,29693
987,219,3,11,K,14,K14,26602
988,220,3,12,L,14,L14,23691
989,221,3,13,M,14,M14,38031
990,222,3,14,N,14,N14,27690
991,223,3,15,O,14,O14,37210
992,224,3,16,P,14,P14,39473
993,225,3,1,A,15,A15,37117
994,226,3,2,B,15,B15,23506
995,227,3,3,C,15,C15,25580
996,228,3,4,D,15,D15,37777
997,229,3,5,E,15,E15,35585
998,230,3,6,F,15,F15,36231
999,231,3,7,G,15,G15,24833
1000,232,3,8,H,15,H15,32957
1001,233,3,9,I,15,I15,30185
1002,234,3,10,J,15,J15,36200
1003,235,3,11,K,15,K15,34591
1004,236,3,12,L,15,L15,28788
1005,237,3,13,M,15,M15,25096
1006,238,3,14,N,15,N15,36389
1007,239,3,15,O,15,O15,37636
1008,240,3,16,P,15,P15,38341
1009,241,3,1,A,16,A16,27999
1010,242,3,2,B,16,B16,24413
1011,243,3,3,C,16,C16,36555
1012,244,3,4,D,16,D16,25844
1013,245,3,5,E,16,E16,37190
1014,246,3,6,F,16,F16,37660
1015,247,3,7,G,16,G16,31781
1016,248,3,8,H,16,H16,32070
1017,249,3,9,I,16,I16,24916
1018,250,3,10,J,16,J16,23915
1019,251,3,11,K,16,K16,23396
1020,252,3,12,L,16,L16,20878
1021,253,3,13,M,16,M16,31527
1022,254,3,14,N,16,N16,36407
1023,255,3,15,O,16,O16,23945
1024,256,3,16,P,16,P16,24225
1025,257,3,1,A,17,A17,33442
1026,258,3,2,B,17,B17,23340
1027,259,3,3,C,17,C17,26786
1028,260,3,4,D,17,D17,20399
1029,261,3,5,E,17,E17,38751
1030,262,3,6,F,17,F17,20778
1031,263,3,7,G,17,G17,23683
1032,264,3,8,H,17,H17,27960
1033,265,3,9,I,17,I17,20739
1034,266,3,10,J,17,J17,28592
1035,267,3,11,K,17,K17,20662
1036,268,3,12,L,17,L17,23018
1037,269,3,13,M,17,M17,38792
1038,270,3,14,N,17,N17,25736
1039,271,3,15,O,17,O17,37372
1040,272,3,16,P,17,P17,38855
1041,273,3,1,A,18,A18,32914
1042,274,3,2,B,18,B18,22984
1043,275,3,3,C,18,C18,32817
1044,276,3,4,D,18,D18,34478
1045,277,3,5,E,18,E18,34698
1046,278,3,6,F,18,F18,20670
1047,279,3,7,G,18,G18,26017
1048,280,3,8,H,18,H18,29402
1049,281,3,9,I,18,I18,25350
1050,282,3,10,J,18,J18,28402
1051,283,3,11,K,18,K18,20846
1052,284,3,12,L,18,L18,29847
1053,285,3,13,M,18,M18,35570
1054,286,3,14,N,18,N18,22692
1055,287,3,15,O,18,O18,30912
1056,288,3,16,P,18,P18,20057
1057,289,3,1,A,19,A19,23857
1058,290,3,2,B,19,B19,35714
1059,291,3,3,C,19,C19,28428
1060,292,3,4,D,19,D19,33553
1061,293,3,5,E,19,E19,33918
1062,294,3,6,F,19,F19,34450
1063,295,3,7,G,19,G19,39916
1064,296,3,8,H,19,H19,33719
1065,297,3,9,I,19,I19,25323
1066,298,3,10,J,19,J19,28838
1067,299,3,11,K,19,K19,27934
1068,300,3,12,L,19,L19,38210
1069,301,3,13,M,19,M19,31315
1070,302,3,14,N,19,N19,35161
1071,303,3,15,O,19,O19,30602
1072,304,3,16,P,19,P19,27482
1073,305,3,1,A,20,A20,22239
1074,306,3,2,B,20,B20,23002
1075,307,3,3,C,20,C20,34062
1076,308,3,4,D,20,D20,20425
1077,309,3,5,E,20,E20,29671
1078,310,3,6,F,20,F20,37759
1079,311,3,7,G,20,G20,30249
1080,312,3,8,H,20,H20,22108
1081,313,3,9,I,20,I20,32041
1082,314,3,10,J,20,J20,32079
1083,315,3,11,K,20,K20,32696
1084,316,3,12,L,20,L20,34432
1085,317,3,13,M,20,M20,38459
1086,318,3,14,N,20,N20,35532
1087,319,3,15,O,20,O20,33255
1088,320,3,16,P,20,P20,25201
1089,321,3,1,A,21,A21,22788
1090,322,3,2,B,21,B21,25233
1091,323,3,3,C,21,C21,32685
1092,324,3,4,D,21,D21,33386
1093,325,3,5,E,21,E21,27290
1094,326,3,6,F,21,F21,33626
1095,327,3,7,G,21,G21,26442
1096,328,3,8,H,21,H21,22010
1097,329,3,9,I,21,I21,32812
1098,330,3,10,J,21,J21,32580
1099,331,3,11,K,21,K21,38542
1100,332,3,12,L,21,L21,25309
1101,333,3,13,M,21,M21,29480
1102,334,3,14,N,21,N21,37016
1103,335,3,15,O,21,O21,35667
1104,336,3,16,P,21,P21,37608
1105,337,3,1,A,22,A22,37360
1106,338,3,2,B,22,B22,27480
1107,339,3,3,C,22,C22,38313
1108,340,3,4,D,22,D22,38571
1109,341,3,5,E,22,E22,23977
1110,342,3,6,F,22,F22,22921
1111,343,3,7,G,22,G22,27089
1112,344,3,8,H,22,H22,24643
1113,345,3,9,I,22,I22,25481
1114,346,3,10,J,22,J22,36733
1115,347,3,11,K,22,K22,22837
1116,348,3,12,L,22,L22,37513
1117,349,3,13,M,22,M22,25225
1118,350,3,14,N,22,N22,30902
1119,351,3,15,O,22,O22,34678
1120,352,3,16,P,22,P22,38825
1121,353,3,1,A,23,A23,28500
1122,354,3,2,B,23,B23,28133
1123,355,3,3,C,23,C23,34513
1124,356,3,4,D,23,D23,28618
1125,357,3,5,E,23,E23,35317
1126,358,3,6,F,23,F23,24151
1127,359,3,7,G,23,G23,34165
1128,360,3,8,H,23,H23,27414
1129,361,3,9,I,23,I23,29277
1130,362,3,10,J,23,J23,29344
1131,363,3,11,K,23,K23,31779
1132,364,3,12,L,23,L23,21974
1133,365,3,13,M,23,M23,23210
1134,366,3,14,N,23,N23,32298
1135,367,3,15,O,23,O23,23377
1136,368,3,16,P,23,P23,27961
1137,369,3,1,A,24,A24,28317
1138,370,3,2,B,24,B24,33434
1139,371,3,3,C,24,C24,25981
1140,372,3,4,D,24,D24,32628
1141,373,3,5,E,24,E24,36255
1142,374,3,6,F,24,F24,30915
1143,375,3,7,G,24,G24,25234
1144,376,3,8,H,24,H24,25987
1145,377,3,9,I,24,I24,34426
1146,378,3,10,J,24,J24,26596
1147,379,3,11,K,24,K24,33634
1148,380,3,12,L,24,L24,22576
1149,381,3,13,M,24,M24,31872
1150,382,3,14,N,24,N24,33465
1151,383,3,15,O,24,O24,23738
1152,384,3,16,P,24,P24,24804
1153,1,4,1,A,1,A01,355
1154,2,4,2,B,1,B01,624
1155,3,4,3,C,1,C01,59
1156,4,4,4,D,1,D01,104
1157,5,4,5,E,1,E01,331
1158,6,4,6,F,1,F01,163
1159,7,4,7,G,1,G01,842
1160,8,4,8,H,1,H01,802
1161,9,4,9,I,1,I01,320
1162,10,4,10,J,1,J01,573
1163,11,4,11,K,1,K01,833
1164,12,4,12,L,1,L01,105
1165,13,4,13,M,1,M01,496
1166,14,4,14,N,1,N01,961
1167,15,4,15,O,1,O01,988
1168,16,4,16,P,1,P01,458
1169,17,4,1,A,2,A02,86256
1170,18,4,2,B,2,B02,88293
1171,19,4,3,C,2,C02,71755
1172,20,4,4,D,2,D02,82679
1173,21,4,5,E,2,E02,80216
1174,22,4,6,F,2,F02,87275
1175,23,4,7,G,2,G02,75982
1176,24,4,8,H,2,H02,75863
1177,25,4,9,I,2,I02,78284
1178,26,4,10,J,2,J02,85716
1179,27,4,11,K,2,K02,71628
1180,28,4,12,L,2,L02,79654
1181,29,4,13,M,2,M02,83526
1182,30,4,14,N,2,N02,88162
1183,31,4,15,O,2,O02,79646
1184,32,4,16,P,2,P02,82113
1185,33,4,1,A,3,A03,42779
1186,34,4,2,B,3,B03,49929
1187,35,4,3,C,3,C03,37605
1188,36,4,4,D,3,D03,40376
1189,37,4,5,E,3,E03,47677
1190,38,4,6,F,3,F03,32433
1191,39,4,7,G,3,G03,31820
1192,40,4,8,H,3,H03,40575
1193,41,4,9,I,3,I03,37940
1194,42,4,10,J,3,J03,31794
1195,43,4,11,K,3,K03,37146
1196,44,4,12,L,3,L03,33334
1197,45,4,13,M,3,M03,42810
1198,46,4,14,N,3,N03,46067
1199,47,4,15,O,3,O03,46406
1200,48,4,16,P,3,P03,37908
1201,49,4,1,A,4,A04,44905
1202,50,4,2,B,4,B04,32387
1203,51,4,3,C,4,C04,30181
1204,52,4,4,D,4,D04,40029
1205,53,4,5,E,4,E04,38554
1206,54,4,6,F,4,F04,39072
1207,55,4,7,G,4,G04,33096
1208,56,4,8,H,4,H04,40927
1209,57,4,9,I,4,I04,49141
1210,58,4,10,J,4,J04,30135
1211,59,4,11,K,4,K04,34872
1212,60,4,12,L,4,L04,32848
1213,61,4,13,M,4,M04,48739
1214,62,4,14,N,4,N04,49965
1215,63,4,15,O,4,O04,44659
1216,64,4,16,P,4,P04,49264
1217,65,4,1,A,5,A05,43934
1218,66,4,2,B,5,B05,31490
1219,67,4,3,C,5,C05,44407
1220,68,4,4,D,5,D05,41722
1221,69,4,5,E,5,E05,40587
1222,70,4,6,F,5,F05,48075
1223,71,4,7,G,5,G05,35008
1224,72,4,8,H,5,H05,47099
1225,73,4,9,I,5,I05,48375
1226,74,4,10,J,5,J05,45421
1227,75,4,11,K,5,K05,39141
1228,76,4,12,L,5,L05,45323
1229,77,4,13,M,5,M05,38031
1230,78,4,14,N,5,N05,33573
1231,79,4,15,O,5,O05,36604
1232,80,4,16,P,5,P05,40945
1233,81,4,1,A,6,A06,33171
1234,82,4,2,B,6,B06,38728
1235,83,4,3,C,6,C06,38265
1236,84,4,4,D,6,D06,31709
1237,85,4,5,E,6,E06,46669
1238,86,4,6,F,6,F06,44512
1239,87,4,7,G,6,G06,49393
1240,88,4,8,H,6,H06,49565
1241,89,4,9,I,6,I06,35689
1242,90,4,10,J,6,J06,41052
1243,91,4,11,K,6,K06,49877
1244,92,4,12,L,6,L06,39303
1245,93,4,13,M,6,M06,42577
1246,94,4,14,N,6,N06,47408
1247,95,4,15,O,6,O06,48094
1248,96,4,16,P,6,P06,47891
1249,97,4,1,A,7,A07,44102
1250,98,4,2,B,7,B07,34617
1251,99,4,3,C,7,C07,38846
1252,100,4,4,D,7,D07,43395
1253,101,4,5,E,7,E07,46070
1254,102,4,6,F,7,F07,33551
1255,103,4,7,G,7,G07,35085
1256,104,4,8,H,7,H07,40166
1257,105,4,9,I,7,I07,44703
1258,106,4,10,J,7,J07,43208
1259,107,4,11,K,7,K07,39993
1260,108,4,12,L,7,L07,39383
1261,109,4,13,M,7,M07,30383
1262,110,4,14,N,7,N07,47484
1263,111,4,15,O,7,O07,34901
1264,112,4,16,P,7,P07,40352
1265,113,4,1,A,8,A08,45325
1266,114,4,2,B,8,B08,34454
1267,115,4,3,C,8,C08,33864
1268,116,4,4,D,8,D08,40152
1269,117,4,5,E,8,E08,45290
1270,118,4,6,F,8,F08,39546
1271,119,4,7,G,8,G08,46776
1272,120,4,8,H,8,H08,33735
1273,121,4,9,I,8,I08,45513
1274,122,4,10,J,8,J08,31167
1275,123,4,11,K,8,K08,42273
1276,124,4,12,L,8,L08,31147
1277,125,4,13,M,8,M08,39679
1278,126,4,14,N,8,N08,30665
1279,127,4,15,O,8,O08,31495
1280,128,4,16,P,8,P08,46761
1281,129,4,1,A,9,A09,43807
1282,130,4,2,B,9,B09,37103
1283,131,4,3,C,9,C09,40274
1284,132,4,4,D,9,D09,31225
1285,133,4,5,E,9,E09,31820
1286,134,4,6,F,9,F09,35215
1287,135,4,7,G,9,G09,41392
1288,136,4,8,H,9,H09,37902
1289,137,4,9,I,9,I09,38104
1290,138,4,10,J,9,J09,39029
1291,139,4,11,K,9,K09,44987
1292,140,4,12,L,9,L09,36106
1293,141,4,13,M,9,M09,32310
1294,142,4,14,N,9,N09,31239
1295,143,4,15,O,9,O09,49136
1296,144,4,16,P,9,P09,38060
1297,145,4,1,A,10,A10,38274
1298,146,4,2,B,10,B10,36601
1299,147,4,3,C,10,C10,31723
1300,148,4,4,D,10,D10,33376
1301,149,4,5,E,10,E10,40655
1302,150,4,6,F,10,F10,41847
1303,151,4,7,G,10,G10,48337
1304,152,4,8,H,10,H10,46714
1305,153,4,9,I,10,I10,31005
1306,154,4,10,J,10,J10,42446
1307,155,4,11,K,10,K10,42011
1308,156,4,12,L,10,L10,40362
1309,157,4,13,M,10,M10,36115
1310,158,4,14,N,10,N10,40698
1311,159,4,15,O,10,O10,35109
1312,160,4,16,P,10,P10,48178
1313,161,4,1,A,11,A11,49117
1314,162,4,2,B,11,B11,48536
1315,163,4,3,C,11,C11,41511
1316,164,4,4,D,11,D11,30154
1317,165,4,5,E,11,E11,48341
1318,166,4,6,F,11,F11,32557
1319,167,4,7,G,11,G11,40410
1320,168,4,8,H,11,H11,48985
1321,169,4,9,I,11,I11,40431
1322,170,4,10,J,11,J11,31064
1323,171,4,11,K,11,K11,39934
1324,172,4,12,L,11,L11,39633
1325,173,4,13,M,11,M11,36643
1326,174,4,14,N,11,N11,40650
1327,175,4,15,O,11,O11,33801
1328,176,4,16,P,11,P11,40392
1329,177,4,1,A,12,A12,36907
1330,178,4,2,B,12,B12,37003
1331,179,4,3,C,12,C12,36411
1332,180,4,4,D,12,D12,31953
1333,181,4,5,E,12,E12,35850
1334,182,4,6,F,12,F12,38919
1335,183,4,7,G,12,G12,37757
1336,184,4,8,H,12,H12,42376
1337,185,4,9,I,12,I12,30589
1338,186,4,10,J,12,J12,37702
1339,187,4,11,K,12,K12,44851
1340,188,4,12,L,12,L12,33765
1341,189,4,13,M,12,M12,42365
1342,190,4,14,N,12,N12,46196
1343,191,4,15,O,12,O12,31120
1344,192,4,16,P,12,P12,45433
1345,193,4,1,A,13,A13,43716
1346,194,4,2,B,13,B13,45088
1347,195,4,3,C,13,C13,48527
1348,196,4,4,D,13,D13,31915
1349,197,4,5,E,13,E13,37444
1350,198,4,6,F,13,F13,47125
1351,199,4,7,G,13,G13,37024
1352,200,4,8,H,13,H13,48097
1353,201,4,9,I,13,I13,33650
1354,202,4,10,J,13,J13,43769
1355,203,4,11,K,13,K13,45053
1356,204,4,12,L,13,L13,47831
1357,205,4,13,M,13,M13,47873
1358,206,4,14,N,13,N13,35339
1359,207,4,15,O,13,O13,44096
1360,208,4,16,P,13,P13,41836
1361,209,4,1,A,14,A14,30947
1362,210,4,2,B,14,B14,40628
1363,211,4,3,C,14,C14,40441
1364,212,4,4,D,14,D14,47825
1365,213,4,5,E,14,E14,36520
1366,214,4,6,F,14,F14,47547
1367,215,4,7,G,14,G14,40720
1368,216,4,8,H,14,H14,33212
1369,217,4,9,I,14,I14,41958
1370,218,4,10,J,14,J14,34681
1371,219,4,11,K,14,K14,45134
1372,220,4,12,L,14,L14,41574
1373,221,4,13,M,14,M14,49541
1374,222,4,14,N,14,N14,44233
1375,223,4,15,O,14,O14,49978
1376,224,4,16,P,14,P14,38425
1377,225,4,1,A,15,A15,37058
1378,226,4,2,B,15,B15,42590
1379,227,4,3,C,15,C15,40856
1380,228,4,4,D,15,D15,31505
1381,229,4,5,E,15,E15,39078
1382,230,4,6,F,15,F15,40453
1383,231,4,7,G,15,G15,40624
1384,232,4,8,H,15,H15,42211
1385,233,4,9,I,15,I15,43845
1386,234,4,10,J,15,J15,33058
1387,235,4,11,K,15,K15,34136
1388,236,4,12,L,15,L15,46296
1389,237,4,13,M,15,M15,47644
1390,238,4,14,N,15,N15,33391
1391,239,4,15,O,15,O15,34764
1392,240,4,16,P,15,P15,43169
1393,241,4,1,A,16,A16,43027
1394,242,4,2,B,16,B16,44452
1395,243,4,3,C,16,C16,40309
1396,244,4,4,D,16,D16,46266
1397,245,4,5,E,16,E16,37910
1398,246,4,6,F,16,F16,35608
1399,247,4,7,G,16,G16,36261
1400,248,4,8,H,16,H16,34623
1401,249,4,9,I,16,I16,39226
1402,250,4,10,J,16,J16,31604
1403,251,4,11,K,16,K16,49666
1404,252,4,12,L,16,L16,48233
1405,253,4,13,M,16,M16,46473
1406,254,4,14,N,16,N16,38701
1407,255,4,15,O,16,O16,40849
1408,256,4,16,P,16,P16,34712
1409,257,4,1,A,17,A17,49686
1410,258,4,2,B,17,B17,33757
1411,259,4,3,C,17,C17,44859
1412,260,4,4,D,17,D17,49828
1413,261,4,5,E,17,E17,49861
1414,262,4,6,F,17,F17,47615
1415,263,4,7,G,17,G17,43561
1416,264,4,8,H,17,H17,32767
1417,265,4,9,I,17,I17,46749
1418,266,4,10,J,17,J17,49626
1419,267,4,11,K,17,K17,46061
1420,268,4,12,L,17,L17,43171
1421,269,4,13,M,17,M17,32330
1422,270,4,14,N,17,N17,48605
1423,271,4,15,O,17,O17,35365
1424,272,4,16,P,17,P17,33018
1425,273,4,1,A,18,A18,32160
1426,274,4,2,B,18,B18,44520
1427,275,4,3,C,18,C18,39116
1428,276,4,4,D,18,D18,41664
1429,277,4,5,E,18,E18,47381
1430,278,4,6,F,18,F18,46083
1431,279,4,7,G,18,G18,35726
1432,280,4,8,H,18,H18,36738
1433,281,4,9,I,18,I18,41449
1434,282,4,10,J,18,J18,39670
1435,283,4,11,K,18,K18,33480
1436,284,4,12,L,18,L18,39877
1437,285,4,13,M,18,M18,45576
1438,286,4,14,N,18,N18,48700
1439,287,4,15,O,18,O18,31487
1440,288,4,16,P,18,P18,44498
1441,289,4,1,A,19,A19,39388
1442,290,4,2,B,19,B19,41070
1443,291,4,3,C,19,C19,45071
1444,292,4,4,D,19,D19,31360
1445,293,4,5,E,19,E19,42558
1446,294,4,6,F,19,F19,45991
1447,295,4,7,G,19,G19,41939
1448,296,4,8,H,19,H19,45138
1449,297,4,9,I,19,I19,37648
1450,298,4,10,J,19,J19,36327
1451,299,4,11,K,19,K19,39063
1452,300,4,12,L,19,L19,48251
1453,301,4,13,M,19,M19,33634
1454,302,4,14,N,19,N19,36864
1455,303,4,15,O,19,O19,30178
1456,304,4,16,P,19,P19,48171
1457,305,4,1,A,20,A20,44404
1458,306,4,2,B,20,B20,32853
1459,307,4,3,C,20,C20,47681
1460,308,4,4,D,20,D20,47415
1461,309,4,5,E,20,E20,42013
1462,310,4,6,F,20,F20,47267
1463,311,4,7,G,20,G20,37462
1464,312,4,8,H,20,H20,36214
1465,313,4,9,I,20,I20,47565
1466,314,4,10,J,20,J20,37767
1467,315,4,11,K,20,K20,32193
1468,316,4,12,L,20,L20,44634
1469,317,4,13,M,20,M20,45711
1470,318,4,14,N,20,N20,45411
1471,319,4,15,O,20,O20,30197
1472,320,4,16,P,20,P20,48244
1473,321,4,1,A,21,A21,39390
1474,322,4,2,B,21,B21,42223
1475,323,4,3,C,21,C21,32707
1476,324,4,4,D,21,D21,30001
1477,325,4,5,E,21,E21,44390
1478,326,4,6,F,21,F21,47181
1479,327,4,7,G,21,G21,46260
1480,328,4,8,H,21,H21,49067
1481,329,4,9,I,21,I21,44336
1482,330,4,10,J,21,J21,41327
1483,331,4,11,K,21,K21,48132
1484,332,4,12,L,21,L21,33747
1485,333,4,13,M,21,M21,41244
1486,334,4,14,N,21,N21,37621
1487,335,4,15,O,21,O21,41234
1488,336,4,16,P,21,P21,43050
1489,337,4,1,A,22,A22,49911
1490,338,4,2,B,22,B22,39202
1491,339,4,3,C,22,C22,32966
1492,340,4,4,D,22,D22,30121
1493,341,4,5,E,22,E22,48728
1494,342,4,6,F,22,F22,30585
1495,343,4,7,G,22,G22,40119
1496,344,4,8,H,22,H22,31907
1497,345,4,9,I,22,I22,32915
1498,346,4,10,J,22,J22,43029
1499,347,4,11,K,22,K22,32936
1500,348,4,12,L,22,L22,31103
1501,349,4,13,M,22,M22,37133
1502,350,4,14,N,22,N22,30962
1503,351,4,15,O,22,O22,44164
1504,352,4,16,P,22,P22,39692
1505,353,4,1,A,23,A23,44721
1506,354,4,2,B,23,B23,34590
1507,355,4,3,C,23,C23,49501
1508,356,4,4,D,23,D23,38362
1509,357,4,5,E,23,E23,45426
1510,358,4,6,F,23,F23,46067
1511,359,4,7,G,23,G23,47670
1512,360,4,8,H,23,H23,40283
1513,361,4,9,I,23,I23,38781
1514,362,4,10,J,23,J23,30505
1515,363,4,11,K,23,K23,34350
1516,364,4,12,L,23,L23,41191
1517,365,4,13,M,23,M23,38641
1518,366,4,14,N,23,N23,38256
1519,367,4,15,O,23,O23,33048
1520,368,4,16,P,23,P23,33779
1521,369,4,1,A,24,A24,36066
1522,370,4,2,B,24,B24,33189
1523,371,4,3,C,24,C24,46820
1524,372,4,4,D,24,D24,31895
1525,373,4,5,E,24,E24,49423
1526,374,4,6,F,24,F24,49795
1527,375,4,7,G,24,G24,32167
1528,376,4,8,H,24,H24,42221
1529,377,4,9,I,24,I24,31747
1530,378,4,10,J,24,J24,47405
1531,379,4,11,K,24,K24,49319
1532,380,4,12,L,24,L24,35996
1533,381,4,13,M,24,M24,47917
1534,382,4,14,N,24,N24,44187
1535,383,4,15,O,24,O24,49636
1536,384,4,16,P,24,P24,30743
1537,1,5,1,A,1,A01,616
1538,2,5,2,B,1,B01,859
1539,3,5,3,C,1,C01,489
1540,4,5,4,D,1,D01,665
1541,5,5,5,E,1,E01,786
1542,6,5,6,F,1,F01,660
1543,7,5,7,G,1,G01,54
1544,8,5,8,H,1,H01,265
1545,9,5,9,I,1,I01,301
1546,10,5,10,J,1,J01,368
1547,11,5,11,K,1,K01,113
1548,12,5,12,L,1,L01,187
1549,13,5,13,M,1,M01,314
1550,14,5,14,N,1,N01,715
1551,15,5,15,O,1,O01,698
1552,16,5,16,P,1,P01,241
1553,17,5,1,A,2,A02,76367
1554,18,5,2,B,2,B02,78637
1555,19,5,3,C,2,C02,79204
1556,20,5,4,D,2,D02,73514
1557,21,5,5,E,2,E02,83377
1558,22,5,6,F,2,F02,84531
1559,23,5,7,G,2,G02,84594
1560,24,5,8,H,2,H02,86098
1561,25,5,9,I,2,I02,76362
1562,26,5,10,J,2,J02,89185
1563,27,5,11,K,2,K02,71641
1564,28,5,12,L,2,L02,72089
1565,29,5,13,M,2,M02,77252
1566,30,5,14,N,2,N02,82476
1567,31,5,15,O,2,O02,83795
1568,32,5,16,P,2,P02,75290
1569,33,5,1,A,3,A03,45579
1570,34,5,2,B,3,B03,50706
1571,35,5,3,C,3,C03,43500
1572,36,5,4,D,3,D03,41600
1573,37,5,5,E,3,E03,46945
1574,38,5,6,F,3,F03,45035
1575,39,5,7,G,3,G03,54835
1576,40,5,8,H,3,H03,59812
1577,41,5,9,I,3,I03,52832
1578,42,5,10,J,3,J03,59074
1579,43,5,11,K,3,K03,49224
1580,44,5,12,L,3,L03,46747
1581,45,5,13,M,3,M03,41849
1582,46,5,14,N,3,N03,50372
1583,47,5,15,O,3,O03,53667
1584,48,5,16,P,3,P03,48170
1585,49,5,1,A,4,A04,43160
1586,50,5,2,B,4,B04,42986
1587,51,5,3,C,4,C04,43144
1588,52,5,4,D,4,D04,53129
1589,53,5,5,E,4,E04,58174
1590,54,5,6,F,4,F04,51042
1591,55,5,7,G,4,G04,50316
1592,56,5,8,H,4,H04,53449
1593,57,5,9,I,4,I04,40219
1594,58,5,10,J,4,J04,43341
1595,59,5,11,K,4,K04,52665
1596,60,5,12,L,4,L04,48514
1597,61,5,13,M,4,M04,49752
1598,62,5,14,N,4,N04,42252
1599,63,5,15,O,4,O04,46235
1600,64,5,16,P,4,P04,45465
1601,65,5,1,A,5,A05,45004
1602,66,5,2,B,5,B05,57133
1603,67,5,3,C,5,C05,41129
1604,68,5,4,D,5,D05,48017
1605,69,5,5,E,5,E05,59703
1606,70,5,6,F,5,F05,51456
1607,71,5,7,G,5,G05,54685
1608,72,5,8,H,5,H05,42721
1609,73,5,9,I,5,I05,45494
1610,74,5,10,J,5,J05,45640
1611,75,5,11,K,5,K05,57650
1612,76,5,12,L,5,L05,49152
1613,77,5,13,M,5,M05,48273
1614,78,5,14,N,5,N05,43753
1615,79,5,15,O,5,O05,58155
1616,80,5,16,P,5,P05,57546
1617,81,5,1,A,6,A06,55096
1618,82,5,2,B,6,B06,54853
1619,83,5,3,C,6,C06,45284
1620,84,5,4,D,6,D06,52494
1621,85,5,5,E,6,E06,49824
1622,86,5,6,F,6,F06,50948
1623,87,5,7,G,6,G06,50457
1624,88,5,8,H,6,H06,52064
1625,89,5,9,I,6,I06,47053
1626,90,5,10,J,6,J06,43691
1627,91,5,11,K,6,K06,45654
1628,92,5,12,L,6,L06,52885
1629,93,5,13,M,6,M06,49094
1630,94,5,14,N,6,N06,55703
1631,95,5,15,O,6,O06,48003
1632,96,5,16,P,6,P06,43106
1633,97,5,1,A,7,A07,53569
1634,98,5,2,B,7,B07,53642
1635,99,5,3,C,7,C07,49190
1636,100,5,4,D,7,D07,53092
1637,101,5,5,E,7,E07,49834
1638,102,5,6,F,7,F07,59134
1639,103,5,7,G,7,G07,46424
1640,104,5,8,H,7,H07,54658
1641,105,5,9,I,7,I07,49086
1642,106,5,10,J,7,J07,42392
1643,107,5,11,K,7,K07,58884
1644,108,5,12,L,7,L07,51904
1645,109,5,13,M,7,M07,55616
1646,110,5,14,N,7,N07,53943
1647,111,5,15,O,7,O07,47013
1648,112,5,16,P,7,P07,48350
1649,113,5,1,A,8,A08,40322
1650,114,5,2,B,8,B08,50327
1651,115,5,3,C,8,C08,53539
1652,116,5,4,D,8,D08,56830
1653,117,5,5,E,8,E08,45216
1654,118,5,6,F,8,F08,56936
1655,119,5,7,G,8,G08,57344
1656,120,5,8,H,8,H08,47029
1657,121,5,9,I,8,I08,47314
1658,122,5,10,J,8,J08,55752
1659,123,5,11,K,8,K08,47057
1660,124,5,12,L,8,L08,59878
1661,125,5,13,M,8,M08,49344
1662,126,5,14,N,8,N08,46354
1663,127,5,15,O,8,O08,59868
1664,128,5,16,P,8,P08,57491
1665,129,5,1,A,9,A09,51011
1666,130,5,2,B,9,B09,40282
1667,131,5,3,C,9,C09,48522
1668,132,5,4,D,9,D09,56043
1669,133,5,5,E,9,E09,40446
1670,134,5,6,F,9,F09,43423
1671,135,5,7,G,9,G09,46596
1672,136,5,8,H,9,H09,41379
1673,137,5,9,I,9,I09,51042
1674,138,5,10,J,9,J09,46248
1675,139,5,11,K,9,K09,47433
1676,140,5,12,L,9,L09,53831
1677,141,5,13,M,9,M09,54804
1678,142,5,14,N,9,N09,43597
1679,143,5,15,O,9,O09,55717
1680,144,5,16,P,9,P09,57399
1681,145,5,1,A,10,A10,44781
1682,146,5,2,B,10,B10,53661
1683,147,5,3,C,10,C10,45704
1684,148,5,4,D,10,D10,47800
1685,149,5,5,E,10,E10,43033
1686,150,5,6,F,10,F10,45567
1687,151,5,7,G,10,G10,51585
1688,152,5,8,H,10,H10,42446
1689,153,5,9,I,10,I10,55762
1690,154,5,10,J,10,J10,50157
1691,155,5,11,K,10,K10,46169
1692,156,5,12,L,10,L10,51274
1693,157,5,13,M,10,M10,59623
1694,158,5,14,N,10,N10,57379
1695,159,5,15,O,10,O10,59063
1696,160,5,16,P,10,P10,52113
1697,161,5,1,A,11,A11,51237
1698,162,5,2,B,11,B11,56393
1699,163,5,3,C,11,C11,51095
1700,164,5,4,D,11,D11,43930
1701,165,5,5,E,11,E11,45259
1702,166,5,6,F,11,F11,56996
1703,167,5,7,G,11,G11,44577
1704,168,5,8,H,11,H11,44752
1705,169,5,9,I,11,I11,59125
1706,170,5,10,J,11,J11,45970
1707,171,5,11,K,11,K11,48209
1708,172,5,12,L,11,L11,46593
1709,173,5,13,M,11,M11,44380
1710,174,5,14,N,11,N11,46362
1711,175,5,15,O,11,O11,51195
1712,176,5,16,P,11,P11,43117
1713,177,5,1,A,12,A12,57648
1714,178,5,2,B,12,B12,53235
1715,179,5,3,C,12,C12,58160
1716,180,5,4,D,12,D12,44186
1717,181,5,5,E,12,E12,59599
1718,182,5,6,F,12,F12,43414
1719,183,5,7,G,12,G12,50112
1720,184,5,8,H,12,H12,53202
1721,185,5,9,I,12,I12,41015
1722,186,5,10,J,12,J12,45774
1723,187,5,11,K,12,K12,42774
1724,188,5,12,L,12,L12,43068
1725,189,5,13,M,12,M12,42443
1726,190,5,14,N,12,N12,54247
1727,191,5,15,O,12,O12,40297
1728,192,5,16,P,12,P12,40477
1729,193,5,1,A,13,A13,46317
1730,194,5,2,B,13,B13,55390
1731,195,5,3,C,13,C13,56180
1732,196,5,4,D,13,D13,41506
1733,197,5,5,E,13,E13,42530
1734,198,5,6,F,13,F13,42346
1735,199,5,7,G,13,G13,48244
1736,200,5,8,H,13,H13,41934
1737,201,5,9,I,13,I13,49870
1738,202,5,10,J,13,J13,46434
1739,203,5,11,K,13,K13,45258
1740,204,5,12,L,13,L13,50039
1741,205,5,13,M,13,M13,41030
1742,206,5,14,N,13,N13,45767
1743,207,5,15,O,13,O13,42164
1744,208,5,16,P,13,P13,51108
1745,209,5,1,A,14,A14,57096
1746,210,5,2,B,14,B14,58709
1747,211,5,3,C,14,C14,49301
1748,212,5,4,D,14,D14,53865
1749,213,5,5,E,14,E14,55633
1750,214,5,6,F,14,F14,56046
1751,215,5,7,G,14,G14,41736
1752,216,5,8,H,14,H14,58778
1753,217,5,9,I,14,I14,44914
1754,218,5,10,J,14,J14,40481
1755,219,5,11,K,14,K14,48572
1756,220,5,12,L,14,L14,46460
1757,221,5,13,M,14,M14,41805
1758,222,5,14,N,14,N14,44109
1759,223,5,15,O,14,O14,55949
1760,224,5,16,P,14,P14,50009
1761,225,5,1,A,15,A15,59020
1762,226,5,2,B,15,B15,46372
1763,227,5,3,C,15,C15,44769
1764,228,5,4,D,15,D15,52152
1765,229,5,5,E,15,E15,55355
1766,230,5,6,F,15,F15,54925
1767,231,5,7,G,15,G15,41152
1768,232,5,8,H,15,H15,49936
1769,233,5,9,I,15,I15,58991
1770,234,5,10,J,15,J15,58650
1771,235,5,11,K,15,K15,40672
1772,236,5,12,L,15,L15,53217
1773,237,5,13,M,15,M15,58729
1774,238,5,14,N,15,N15,53472
1775,239,5,15,O,15,O15,40129
1776,240,5,16,P,15,P15,40716
1777,241,5,1,A,16,A16,41287
1778,242,5,2,B,16,B16,48830
1779,243,5,3,C,16,C16,50757
1780,244,5,4,D,16,D16,40765
1781,245,5,5,E,16,E16,50816
1782,246,5,6,F,16,F16,41958
1783,247,5,7,G,16,G16,44729
1784,248,5,8,H,16,H16,55429
1785,249,5,9,I,16,I16,44666
1786,250,5,10,J,16,J16,49434
1787,251,5,11,K,16,K16,40584
1788,252,5,12,L,16,L16,52356
1789,253,5,13,M,16,M16,53165
1790,254,5,14,N,16,N16,48133
1791,255,5,15,O,16,O16,45598
1792,256,5,16,P,16,P16,45084
1793,257,5,1,A,17,A17,47161
1794,258,5,2,B,17,B17,48209
1795,259,5,3,C,17,C17,54616
1796,260,5,4,D,17,D17,54506
1797,261,5,5,E,17,E17,49559
1798,262,5,6,F,17,F17,41566
1799,263,5,7,G,17,G17,59151
1800,264,5,8,H,17,H17,40017
1801,265,5,9,I,17,I17,52003
1802,266,5,10,J,17,J17,57552
1803,267,5,11,K,17,K17,58237
1804,268,5,12,L,17,L17,49297
1805,269,5,13,M,17,M17,57726
1806,270,5,14,N,17,N17,53691
1807,271,5,15,O,17,O17,52750
1808,272,5,16,P,17,P17,50088
1809,273,5,1,A,18,A18,48152
1810,274,5,2,B,18,B18,55793
1811,275,5,3,C,18,C18,41459
1812,276,5,4,D,18,D18,53794
1813,277,5,5,E,18,E18,54769
1814,278,5,6,F,18,F18,52392
1815,279,5,7,G,18,G18,43464
1816,280,5,8,H,18,H18,41833
1817,281,5,9,I,18,I18,44094
1818,282,5,10,J,18,J18,55231
1819,283,5,11,K,18,K18,58704
1820,284,5,12,L,18,L18,54899
1821,285,5,13,M,18,M18,49038
1822,286,5,14,N,18,N18,45367
1823,287,5,15,O,18,O18,56868
1824,288,5,16,P,18,P18,49193
1825,289,5,1,A,19,A19,50156
1826,290,5,2,B,19,B19,51736
1827,291,5,3,C,19,C19,47297
1828,292,5,4,D,19,D19,52677
1829,293,5,5,E,19,E19,58856
1830,294,5,6,F,19,F19,44114
1831,295,5,7,G,19,G19,54758
1832,296,5,8,H,19,H19,58533
1833,297,5,9,I,19,I19,46624
1834,298,5,10,J,19,J19,40613
1835,299,5,11,K,19,K19,49615
1836,300,5,12,L,19,L19,47208
1837,301,5,13,M,19,M19,47641
1838,302,5,14,N,19,N19,56994
1839,303,5,15,O,19,O19,53699
1840,304,5,16,P,19,P19,42404
1841,305,5,1,A,20,A20,48503
1842,306,5,2,B,20,B20,48610
1843,307,5,3,C,20,C20,55663
1844,308,5,4,D,20,D20,53224
1845,309,5,5,E,20,E20,51780
1846,310,5,6,F,20,F20,59259
1847,311,5,7,G,20,G20,51888
1848,312,5,8,H,20,H20,56654
1849,313,5,9,I,20,I20,40394
1850,314,5,10,J,20,J20,48860
1851,315,5,11,K,20,K20,42015
1852,316,5,12,L,20,L20,45339
1853,317,5,13,M,20,M20,44867
1854,318,5,14,N,20,N20,53659
1855,319,5,15,O,20,O20,48500
1856,320,5,16,P,20,P20,46649
1857,321,5,1,A,21,A21,42642
1858,322,5,2,B,21,B21,49273
1859,323,5,3,C,21,C21,46159
1860,324,5,4,D,21,D21,56089
1861,325,5,5,E,21,E21,51357
1862,326,5,6,F,21,F21,59921
1863,327,5,7,G,21,G21,49066
1864,328,5,8,H,21,H21,48563
1865,329,5,9,I,21,I21,53741
1866,330,5,10,J,21,J21,42170
1867,331,5,11,K,21,K21,58216
1868,332,5,12,L,21,L21,57701
1869,333,5,13,M,21,M21,47299
1870,334,5,14,N,21,N21,55381
1871,335,5,15,O,21,O21,55692
1872,336,5,16,P,21,P21,48469
1873,337,5,1,A,22,A22,58221
1874,338,5,2,B,22,B22,48002
1875,339,5,3,C,22,C22,53914
1876,340,5,4,D,22,D22,59338
1877,341,5,5,E,22,E22,54176
1878,342,5,6,F,22,F22,42197
1879,343,5,7,G,22,G22,41498
1880,344,5,8,H,22,H22,53517
1881,345,5,9,I,22,I22,40296
1882,346,5,10,J,22,J22,57312
1883,347,5,11,K,22,K22,49018
1884,348,5,12,L,22,L22,52220
1885,349,5,13,M,22,M22,45089
1886,350,5,14,N,22,N22,54326
1887,351,5,15,O,22,O22,52500
1888,352,5,16,P,22,P22,54429
1889,353,5,1,A,23,A23,46806
1890,354,5,2,B,23,B23,47291
1891,355,5,3,C,23,C23,57678
1892,356,5,4,D,23,D23,44664
1893,357,5,5,E,23,E23,47025
1894,358,5,6,F,23,F23,48956
1895,359,5,7,G,23,G23,41431
1896,360,5,8,H,23,H23,54414
1897,361,5,9,I,23,I23,48269
1898,362,5,10,J,23,J23,53882
1899,363,5,11,K,23,K23,40365
1900,364,5,12,L,23,L23,42920
1901,365,5,13,M,23,M23,47498
1902,366,5,14,N,23,N23,55210
1903,367,5,15,O,23,O23,42272
1904,368,5,16,P,23,P23,47352
1905,369,5,1,A,24,A24,57317
1906,370,5,2,B,24,B24,41365
1907,371,5,3,C,24,C24,50522
1908,372,5,4,D,24,D24,51638
1909,373,5,5,E,24,E24,41204
1910,374,5,6,F,24,F24,56188
1911,375,5,7,G,24,G24,43899
1912,376,5,8,H,24,H24,57229
1913,377,5,9,I,24,I24,54558
1914,378,5,10,J,24,J24,48183
1915,379,5,11,K,24,K24,55789
1916,380,5,12,L,24,L24,57441
1917,381,5,13,M,24,M24,45574
1918,382,5,14,N,24,N24,59180
1919,383,5,15,O,24,O24,40475
1920,384,5,16,P,24,P24,55448
1921,1,6,1,A,1,A01,604
1922,2,6,2,B,1,B01,73
1923,3,6,3,C,1,C01,534
1924,4,6,4,D,1,D01,799
1925,5,6,5,E,1,E01,559
1926,6,6,6,F,1,F01,176
1927,7,6,7,G,1,G01,911
1928,8,6,8,H,1,H01,356
1929,9,6,9,I,1,I01,249
1930,10,6,10,J,1,J01,205
1931,11,6,11,K,1,K01,721
1932,12,6,12,L,1,L01,428
1933,13,6,13,M,1,M01,388
1934,14,6,14,N,1,N01,349
1935,15,6,15,O,1,O01,435
1936,16,6,16,P,1,P01,216
1937,17,6,1,A,2,A02,80590
1938,18,6,2,B,2,B02,76169
1939,19,6,3,C,2,C02,74089
1940,20,6,4,D,2,D02,83298
1941,21,6,5,E,2,E02,72932
1942,22,6,6,F,2,F02,77650
1943,23,6,7,G,2,G02,75755
1944,24,6,8,H,2,H02,71278
1945,25,6,9,I,2,I02,80653
1946,26,6,10,J,2,J02,72016
1947,27,6,11,K,2,K02,76840
1948,28,6,12,L,2,L02,71209
1949,29,6,13,M,2,M02,83344
1950,30,6,14,N,2,N02,85681
1951,31,6,15,O,2,O02,78631
1952,32,6,16,P,2,P02,74841
1953,33,6,1,A,3,A03,67553
1954,34,6,2,B,3,B03,68675
1955,35,6,3,C,3,C03,58122
1956,36,6,4,D,3,D03,66086
1957,37,6,5,E,3,E03,68137
1958,38,6,6,F,3,F03,56688
1959,39,6,7,G,3,G03,56326
1960,40,6,8,H,3,H03,51210
1961,41,6,9,I,3,I03,64420
1962,42,6,10,J,3,J03,55904
1963,43,6,11,K,3,K03,50647
1964,44,6,12,L,3,L03,67008
1965,45,6,13,M,3,M03,68049
1966,46,6,14,N,3,N03,53386
1967,47,6,15,O,3,O03,64961
1968,48,6,16,P,3,P03,53125
1969,49,6,1,A,4,A04,58705
1970,50,6,2,B,4,B04,54102
1971,51,6,3,C,4,C04,61650
1972,52,6,4,D,4,D04,68679
1973,53,6,5,E,4,E04,67560
1974,54,6,6,F,4,F04,66770
1975,55,6,7,G,4,G04,51085
1976,56,6,8,H,4,H04,60022
1977,57,6,9,I,4,I04,56715
1978,58,6,10,J,4,J04,69764
1979,59,6,11,K,4,K04,68071
1980,60,6,12,L,4,L04,59881
1981,61,6,13,M,4,M04,50916
1982,62,6,14,N,4,N04,64360
1983,63,6,15,O,4,O04,61380
1984,64,6,16,P,4,P04,61816
1985,65,6,1,A,5,A05,66900
1986,66,6,2,B,5,B05,68987
1987,67,6,3,C,5,C05,66892
1988,68,6,4,D,5,D05,69277
1989,69,6,5,E,5,E05,61212
1990,70,6,6,F,5,F05,63404
1991,71,6,7,G,5,G05,61849
1992,72,6,8,H,5,H05,55202
1993,73,6,9,I,5,I05,66349
1994,74,6,10,J,5,J05,63449
1995,75,6,11,K,5,K05,69609
1996,76,6,12,L,5,L05,69430
1997,77,6,13,M,5,M05,61563
1998,78,6,14,N,5,N05,56380
1999,79,6,15,O,5,O05,59855
2000,80,6,16,P,5,P05,60535
2001,81,6,1,A,6,A06,67902
2002,82,6,2,B,6,B06,53315
2003,83,6,3,C,6,C06,58255
2004,84,6,4,D,6,D06,52469
2005,85,6,5,E,6,E06,65549
2006,86,6,6,F,6,F06,56742
2007,87,6,7,G,6,G06,53646
2008,88,6,8,H,6,H06,69886
2009,89,6,9,I,6,I06,57859
2010,90,6,10,J,6,J06,59285
2011,91,6,11,K,6,K06,64106
2012,92,6,12,L,6,L06,66131
2013,93,6,13,M,6,M06,64338
2014,94,6,14,N,6,N06,54018
2015,95,6,15,O,6,O06,67372
2016,96,6,16,P,6,P06,57530
2017,97,6,1,A,7,A07,66419
2018,98,6,2,B,7,B07,66857
2019,99,6,3,C,7,C07,60444
2020,100,6,4,D,7,D07,61370
2021,101,6,5,E,7,E07,56535
2022,102,6,6,F,7,F07,68324
2023,103,6,7,G,7,G07,67105
2024,104,6,8,H,7,H07,55240
2025,105,6,9,I,7,I07,60150
2026,106,6,10,J,7,J07,53530
2027,107,6,11,K,7,K07,53687
2028,108,6,12,L,7,L07,52206
2029,109,6,13,M,7,M07,61331
2030,110,6,14,N,7,N07,62502
2031,111,6,15,O,7,O07,57343
2032,112,6,16,P,7,P07,51902
2033,113,6,1,A,8,A08,53173
2034,114,6,2,B,8,B08,60068
2035,115,6,3,C,8,C08,67348
2036,116,6,4,D,8,D08,69207
2037,117,6,5,E,8,E08,63138
2038,118,6,6,F,8,F08,68480
2039,119,6,7,G,8,G08,69863
2040,120,6,8,H,8,H08,65172
2041,121,6,9,I,8,I08,66849
2042,122,6,10,J,8,J08,59961
2043,123,6,11,K,8,K08,67000
2044,124,6,12,L,8,L08,64871
2045,125,6,13,M,8,M08,61959
2046,126,6,14,N,8,N08,64313
2047,127,6,15,O,8,O08,62540
2048,128,6,16,P,8,P08,65529
2049,129,6,1,A,9,A09,65507
2050,130,6,2,B,9,B09,54213
2051,131,6,3,C,9,C09,59483
2052,132,6,4,D,9,D09,66688
2053,133,6,5,E,9,E09,57773
2054,134,6,6,F,9,F09,56933
2055,135,6,7,G,9,G09,61699
2056,136,6,8,H,9,H09,50313
2057,137,6,9,I,9,I09,62292
2058,138,6,10,J,9,J09,54501
2059,139,6,11,K,9,K09,54037
2060,140,6,12,L,9,L09,67899
2061,141,6,13,M,9,M09,54231
2062,142,6,14,N,9,N09,63229
2063,143,6,15,O,9,O09,63746
2064,144,6,16,P,9,P09,61224
2065,145,6,1,A,10,A10,64076
2066,146,6,2,B,10,B10,65608
2067,147,6,3,C,10,C10,59508
2068,148,6,4,D,10,D10,60641
2069,149,6,5,E,10,E10,69568
2070,150,6,6,F,10,F10,62221
2071,151,6,7,G,10,G10,52788
2072,152,6,8,H,10,H10,52006
2073,153,6,9,I,10,I10,52209
2074,154,6,10,J,10,J10,66056
2075,155,6,11,K,10,K10,63080
2076,156,6,12,L,10,L10,53234
2077,157,6,13,M,10,M10,57020
2078,158,6,14,N,10,N10,57803
2079,159,6,15,O,10,O10,65811
2080,160,6,16,P,10,P10,56795
2081,161,6,1,A,11,A11,50253
2082,162,6,2,B,11,B11,62260
2083,163,6,3,C,11,C11,52584
2084,164,6,4,D,11,D11,51642
2085,165,6,5,E,11,E11,63147
2086,166,6,6,F,11,F11,55548
2087,167,6,7,G,11,G11,69270
2088,168,6,8,H,11,H11,58857
2089,169,6,9,I,11,I11,67130
2090,170,6,10,J,11,J11,53506
2091,171,6,11,K,11,K11,54817
2092,172,6,12,L,11,L11,58675
2093,173,6,13,M,11,M11,59267
2094,174,6,14,N,11,N11,69932
2095,175,6,15,O,11,O11,50830
2096,176,6,16,P,11,P11,53759
2097,177,6,1,A,12,A12,58719
2098,178,6,2,B,12,B12,62199
2099,179,6,3,C,12,C12,57900
2100,180,6,4,D,12,D12,57575
2101,181,6,5,E,12,E12,56590
2102,182,6,6,F,12,F12,56388
2103,183,6,7,G,12,G12,54138
2104,184,6,8,H,12,H12,55104
2105,185,6,9,I,12,I12,64152
2106,186,6,10,J,12,J12,51113
2107,187,6,11,K,12,K12,60575
2108,188,6,12,L,12,L12,66839
2109,189,6,13,M,12,M12,58749
2110,190,6,14,N,12,N12,54000
2111,191,6,15,O,12,O12,61478
2112,192,6,16,P,12,P12,51403
2113,193,6,1,A,13,A13,66955
2114,194,6,2,B,13,B13,54478
2115,195,6,3,C,13,C13,51032
2116,196,6,4,D,13,D13,62500
2117,197,6,5,E,13,E13,69339
2118,198,6,6,F,13,F13,61772
2119,199,6,7,G,13,G13,56270
2120,200,6,8,H,13,H13,64021
2121,201,6,9,I,13,I13,56103
2122,202,6,10,J,13,J13,50368
2123,203,6,11,K,13,K13,54640
2124,204,6,12,L,13,L13,56890
2125,205,6,13,M,13,M13,62885
2126,206,6,14,N,13,N13,60956
2127,207,6,15,O,13,O13,53039
2128,208,6,16,P,13,P13,60244
2129,209,6,1,A,14,A14,50078
2130,210,6,2,B,14,B14,68962
2131,211,6,3,C,14,C14,65597
2132,212,6,4,D,14,D14,68903
2133,213,6,5,E,14,E14,51736
2134,214,6,6,F,14,F14,64846
2135,215,6,7,G,14,G14,57930
2136,216,6,8,H,14,H14,52329
2137,217,6,9,I,14,I14,53550
2138,218,6,10,J,14,J14,56269
2139,219,6,11,K,14,K14,60404
2140,220,6,12,L,14,L14,64442
2141,221,6,13,M,14,M14,67388
2142,222,6,14,N,14,N14,64074
2143,223,6,15,O,14,O14,63717
2144,224,6,16,P,14,P14,52449
2145,225,6,1,A,15,A15,69505
2146,226,6,2,B,15,B15,56817
2147,227,6,3,C,15,C15,68378
2148,228,6,4,D,15,D15,52415
2149,229,6,5,E,15,E15,58135
2150,230,6,6,F,15,F15,56159
2151,231,6,7,G,15,G15,63873
2152,232,6,8,H,15,H15,61885
2153,233,6,9,I,15,I15,53327
2154,234,6,10,J,15,J15,57234
2155,235,6,11,K,15,K15,65384
2156,236,6,12,L,15,L15,62719
2157,237,6,13,M,15,M15,66084
2158,238,6,14,N,15,N15,69542
2159,239,6,15,O,15,O15,60056
2160,240,6,16,P,15,P15,53601
2161,241,6,1,A,16,A16,58703
2162,242,6,2,B,16,B16,54699
2163,243,6,3,C,16,C16,60577
2164,244,6,4,D,16,D16,63320
2165,245,6,5,E,16,E16,65595
2166,246,6,6,F,16,F16,51429
2167,247,6,7,G,16,G16,69020
2168,248,6,8,H,16,H16,69475
2169,249,6,9,I,16,I16,66495
2170,250,6,10,J,16,J16,68085
2171,251,6,11,K,16,K16,60350
2172,252,6,12,L,16,L16,55079
2173,253,6,13,M,16,M16,69043
2174,254,6,14,N,16,N16,57209
2175,255,6,15,O,16,O16,50094
2176,256,6,16,P,16,P16,68531
2177,257,6,1,A,17,A17,64868
2178,258,6,2,B,17,B17,68624
2179,259,6,3,C,17,C17,58858
2180,260,6,4,D,17,D17,66432
2181,261,6,5,E,17,E17,64842
2182,262,6,6,F,17,F17,54880
2183,263,6,7,G,17,G17,58744
2184,264,6,8,H,17,H17,66553
2185,265,6,9,I,17,I17,64575
2186,266,6,10,J,17,J17,52581
2187,267,6,11,K,17,K17,59066
2188,268,6,12,L,17,L17,69586
2189,269,6,13,M,17,M17,58579
2190,270,6,14,N,17,N17,65669
2191,271,6,15,O,17,O17,51882
2192,272,6,16,P,17,P17,63606
2193,273,6,1,A,18,A18,68879
2194,274,6,2,B,18,B18,65507
2195,275,6,3,C,18,C18,61307
2196,276,6,4,D,18,D18,66023
2197,277,6,5,E,18,E18,64236
2198,278,6,6,F,18,F18,66680
2199,279,6,7,G,18,G18,55391
2200,280,6,8,H,18,H18,61581
2201,281,6,9,I,18,I18,58673
2202,282,6,10,J,18,J18,51842
2203,283,6,11,K,18,K18,50097
2204,284,6,12,L,18,L18,64477
2205,285,6,13,M,18,M18,64539
2206,286,6,14,N,18,N18,67610
2207,287,6,15,O,18,O18,50749
2208,288,6,16,P,18,P18,64135
2209,289,6,1,A,19,A19,64757
2210,290,6,2,B,19,B19,53349
2211,291,6,3,C,19,C19,53570
2212,292,6,4,D,19,D19,65978
2213,293,6,5,E,19,E19,68953
2214,294,6,6,F,19,F19,54514
2215,295,6,7,G,19,G19,60113
2216,296,6,8,H,19,H19,60751
2217,297,6,9,I,19,I19,56831
2218,298,6,10,J,19,J19,53109
2219,299,6,11,K,19,K19,67713
2220,300,6,12,L,19,L19,51375
2221,301,6,13,M,19,M19,66987
2222,302,6,14,N,19,N19,52907
2223,303,6,15,O,19,O19,69165
2224,304,6,16,P,19,P19,68982
2225,305,6,1,A,20,A20,53695
2226,306,6,2,B,20,B20,68893
2227,307,6,3,C,20,C20,60186
2228,308,6,4,D,20,D20,61216
2229,309,6,5,E,20,E20,61855
2230,310,6,6,F,20,F20,60147
2231,311,6,7,G,20,G20,55799
2232,312,6,8,H,20,H20,54939
2233,313,6,9,I,20,I20,50698
2234,314,6,10,J,20,J20,57138
2235,315,6,11,K,20,K20,68668
2236,316,6,12,L,20,L20,59505
2237,317,6,13,M,20,M20,60766
2238,318,6,14,N,20,N20,60453
2239,319,6,15,O,20,O20,60928
2240,320,6,16,P,20,P20,69202
2241,321,6,1,A,21,A21,50543
2242,322,6,2,B,21,B21,53992
2243,323,6,3,C,21,C21,69250
2244,324,6,4,D,21,D21,55856
2245,325,6,5,E,21,E21,59399
2246,326,6,6,F,21,F21,67392
2247,327,6,7,G,21,G21,56175
2248,328,6,8,H,21,H21,69541
2249,329,6,9,I,21,I21,55157
2250,330,6,10,J,21,J21,58328
2251,331,6,11,K,21,K21,66103
2252,332,6,12,L,21,L21,51411
2253,333,6,13,M,21,M21,68395
2254,334,6,14,N,21,N21,54083
2255,335,6,15,O,21,O21,64707
2256,336,6,16,P,21,P21,64814
2257,337,6,1,A,22,A22,51197
2258,338,6,2,B,22,B22,58501
2259,339,6,3,C,22,C22,61857
2260,340,6,4,D,22,D22,50389
2261,341,6,5,E,22,E22,66394
2262,342,6,6,F,22,F22,61957
2263,343,6,7,G,22,G22,54690
2264,344,6,8,H,22,H22,53702
2265,345,6,9,I,22,I22,56871
2266,346,6,10,J,22,J22,66073
2267,347,6,11,K,22,K22,58824
2268,348,6,12,L,22,L22,68480
2269,349,6,13,M,22,M22,67511
2270,350,6,14,N,22,N22,56338
2271,351,6,15,O,22,O22,68066
2272,352,6,16,P,22,P22,68833
2273,353,6,1,A,23,A23,53985
2274,354,6,2,B,23,B23,55800
2275,355,6,3,C,23,C23,57784
2276,356,6,4,D,23,D23,58192
2277,357,6,5,E,23,E23,67038
2278,358,6,6,F,23,F23,60126
2279,359,6,7,G,23,G23,52561
2280,360,6,8,H,23,H23,50865
2281,361,6,9,I,23,I23,66746
2282,362,6,10,J,23,J23,67462
2283,363,6,11,K,23,K23,57709
2284,364,6,12,L,23,L23,60097
2285,365,6,13,M,23,M23,56820
2286,366,6,14,N,23,N23,66174
2287,367,6,15,O,23,O23,62298
2288,368,6,16,P,23,P23,64745
2289,369,6,1,A,24,A24,65212
2290,370,6,2,B,24,B24,67141
2291,371,6,3,C,24,C24,65431
2292,372,6,4,D,24,D24,57021
2293,373,6,5,E,24,E24,65806
2294,374,6,6,F,24,F24,57946
2295,375,6,7,G,24,G24,53743
2296,376,6,8,H,24,H24,56969
2297,377,6,9,I,24,I24,55371
2298,378,6,10,J,24,J24,53302
2299,379,6,11,K,24,K24,63903
2300,380,6,12,L,24,L24,54124
2301,381,6,13,M,24,M24,57042
2302,382,6,14,N,24,N24,68322
2303,383,6,15,O,24,O24,68851
2304,384,6,16,P,24,P24,65119
2305,1,7,1,A,1,A01,842
2306,2,7,2,B,1,B01,31
2307,3,7,3,C,1,C01,430
2308,4,7,4,D,1,D01,655
2309,5,7,5,E,1,E01,887
2310,6,7,6,F,1,F01,614
2311,7,7,7,G,1,G01,498
2312,8,7,8,H,1,H01,367
2313,9,7,9,I,1,I01,563
2314,10,7,10,J,1,J01,142
2315,11,7,11,K,1,K01,194
2316,12,7,12,L,1,L01,584
2317,13,7,13,M,1,M01,527
2318,14,7,14,N,1,N01,571
2319,15,7,15,O,1,O01,140
2320,16,7,16,P,1,P01,963
2321,17,7,1,A,2,A02,72028
2322,18,7,2,B,2,B02,79555
2323,19,7,3,C,2,C02,83460
2324,20,7,4,D,2,D02,75262
2325,21,7,5,E,2,E02,83480
2326,22,7,6,F,2,F02,85342
2327,23,7,7,G,2,G02,85380
2328,24,7,8,H,2,H02,76255
2329,25,7,9,I,2,I02,83618
2330,26,7,10,J,2,J02,86788
2331,27,7,11,K,2,K02,80766
2332,28,7,12,L,2,L02,78569
2333,29,7,13,M,2,M02,87955
2334,30,7,14,N,2,N02,88018
2335,31,7,15,O,2,O02,83820
2336,32,7,16,P,2,P02,85305
2337,33,7,1,A,3,A03,74275
2338,34,7,2,B,3,B03,69198
2339,35,7,3,C,3,C03,64289
2340,36,7,4,D,3,D03,69293
2341,37,7,5,E,3,E03,64745
2342,38,7,6,F,3,F03,78869
2343,39,7,7,G,3,G03,70997
2344,40,7,8,H,3,H03,71442
2345,41,7,9,I,3,I03,63891
2346,42,7,10,J,3,J03,65968
2347,43,7,11,K,3,K03,67445
2348,44,7,12,L,3,L03,61199
2349,45,7,13,M,3,M03,72685
2350,46,7,14,N,3,N03,77914
2351,47,7,15,O,3,O03,63830
2352,48,7,16,P,3,P03,60986
2353,49,7,1,A,4,A04,78366
2354,50,7,2,B,4,B04,72862
2355,51,7,3,C,4,C04,68440
2356,52,7,4,D,4,D04,72001
2357,53,7,5,E,4,E04,65561
2358,54,7,6,F,4,F04,72164
2359,55,7,7,G,4,G04,69403
2360,56,7,8,H,4,H04,68194
2361,57,7,9,I,4,I04,78534
2362,58,7,10,J,4,J04,64916
2363,59,7,11,K,4,K04,62443
2364,60,7,12,L,4,L04,62724
2365,61,7,13,M,4,M04,64795
2366,62,7,14,N,4,N04,62485
2367,63,7,15,O,4,O04,62475
2368,64,7,16,P,4,P04,78417
2369,65,7,1,A,5,A05,68708
2370,66,7,2,B,5,B05,73888
2371,67,7,3,C,5,C05,66095
2372,68,7,4,D,5,D05,72991
2373,69,7,5,E,5,E05,63245
2374,70,7,6,F,5,F05,62124
2375,71,7,7,G,5,G05,64376
2376,72,7,8,H,5,H05,61597
2377,73,7,9,I,5,I05,63691
2378,74,7,10,J,5,J05,62063
2379,75,7,11,K,5,K05,60707
2380,76,7,12,L,5,L05,77360
2381,77,7,13,M,5,M05,68934
2382,78,7,14,N,5,N05,78938
2383,79,7,15,O,5,O05,71879
2384,80,7,16,P,5,P05,63745
2385,81,7,1,A,6,A06,78139
2386,82,7,2,B,6,B06,76701
2387,83,7,3,C,6,C06,68893
2388,84,7,4,D,6,D06,79635
2389,85,7,5,E,6,E06,69297
2390,86,7,6,F,6,F06,61410
2391,87,7,7,G,6,G06,63565
2392,88,7,8,H,6,H06,74441
2393,89,7,9,I,6,I06,72440
2394,90,7,10,J,6,J06,69542
2395,91,7,11,K,6,K06,68399
2396,92,7,12,L,6,L06,66267
2397,93,7,13,M,6,M06,64156
2398,94,7,14,N,6,N06,74330
2399,95,7,15,O,6,O06,74924
2400,96,7,16,P,6,P06,76813
2401,97,7,1,A,7,A07,79373
2402,98,7,2,B,7,B07,62525
2403,99,7,3,C,7,C07,70250
2404,100,7,4,D,7,D07,79252
2405,101,7,5,E,7,E07,64778
2406,102,7,6,F,7,F07,66784
2407,103,7,7,G,7,G07,69623
2408,104,7,8,H,7,H07,60872
2409,105,7,9,I,7,I07,63604
2410,106,7,10,J,7,J07,69911
2411,107,7,11,K,7,K07,69967
2412,108,7,12,L,7,L07,60524
2413,109,7,13,M,7,M07,65607
2414,110,7,14,N,7,N07,67539
2415,111,7,15,O,7,O07,64782
2416,112,7,16,P,7,P07,76759
2417,113,7,1,A,8,A08,74353
2418,114,7,2,B,8,B08,61978
2419,115,7,3,C,8,C08,78838
2420,116,7,4,D,8,D08,75734
2421,117,7,5,E,8,E08,77043
2422,118,7,6,F,8,F08,65503
2423,119,7,7,G,8,G08,68784
2424,120,7,8,H,8,H08,79598
2425,121,7,9,I,8,I08,70865
2426,122,7,10,J,8,J08,65191
2427,123,7,11,K,8,K08,69577
2428,124,7,12,L,8,L08,77838
2429,125,7,13,M,8,M08,79544
2430,126,7,14,N,8,N08,67479
2431,127,7,15,O,8,O08,79551
2432,128,7,16,P,8,P08,64845
2433,129,7,1,A,9,A09,78118
2434,130,7,2,B,9,B09,69307
2435,131,7,3,C,9,C09,74839
2436,132,7,4,D,9,D09,70766
2437,133,7,5,E,9,E09,65200
2438,134,7,6,F,9,F09,69342
2439,135,7,7,G,9,G09,65527
2440,136,7,8,H,9,H09,70018
2441,137,7,9,I,9,I09,73216
2442,138,7,10,J,9,J09,76679
2443,139,7,11,K,9,K09,73555
2444,140,7,12,L,9,L09,66899
2445,141,7,13,M,9,M09,79427
2446,142,7,14,N,9,N09,72391
2447,143,7,15,O,9,O09,74331
2448,144,7,16,P,9,P09,69385
2449,145,7,1,A,10,A10,76781
2450,146,7,2,B,10,B10,60886
2451,147,7,3,C,10,C10,63048
2452,148,7,4,D,10,D10,66355
2453,149,7,5,E,10,E10,62857
2454,150,7,6,F,10,F10,67389
2455,151,7,7,G,10,G10,65720
2456,152,7,8,H,10,H10,79741
2457,153,7,9,I,10,I10,69032
2458,154,7,10,J,10,J10,61174
2459,155,7,11,K,10,K10,77143
2460,156,7,12,L,10,L10,62884
2461,157,7,13,M,10,M10,75539
2462,158,7,14,N,10,N10,69709
2463,159,7,15,O,10,O10,68783
2464,160,7,16,P,10,P10,79495
2465,161,7,1,A,11,A11,63942
2466,162,7,2,B,11,B11,65218
2467,163,7,3,C,11,C11,65602
2468,164,7,4,D,11,D11,63963
2469,165,7,5,E,11,E11,66230
2470,166,7,6,F,11,F11,60414
2471,167,7,7,G,11,G11,69504
2472,168,7,8,H,11,H11,69032
2473,169,7,9,I,11,I11,75328
2474,170,7,10,J,11,J11,61467
2475,171,7,11,K,11,K11,71673
2476,172,7,12,L,11,L11,67404
2477,173,7,13,M,11,M11,68417
2478,174,7,14,N,11,N11,76789
2479,175,7,15,O,11,O11,67280
2480,176,7,16,P,11,P11,72442
2481,177,7,1,A,12,A12,71620
2482,178,7,2,B,12,B12,70733
2483,179,7,3,C,12,C12,70374
2484,180,7,4,D,12,D12,73146
2485,181,7,5,E,12,E12,66977
2486,182,7,6,F,12,F12,61965
2487,183,7,7,G,12,G12,60204
2488,184,7,8,H,12,H12,75125
2489,185,7,9,I,12,I12,64328
2490,186,7,10,J,12,J12,79441
2491,187,7,11,K,12,K12,66680
2492,188,7,12,L,12,L12,69198
2493,189,7,13,M,12,M12,69144
2494,190,7,14,N,12,N12,68327
2495,191,7,15,O,12,O12,65752
2496,192,7,16,P,12,P12,74810
2497,193,7,1,A,13,A13,73753
2498,194,7,2,B,13,B13,65800
2499,195,7,3,C,13,C13,75774
2500,196,7,4,D,13,D13,74616
2501,197,7,5,E,13,E13,77433
2502,198,7,6,F,13,F13,76979
2503,199,7,7,G,13,G13,74100
2504,200,7,8,H,13,H13,60121
2505,201,7,9,I,13,I13,60475
2506,202,7,10,J,13,J13,64754
2507,203,7,11,K,13,K13,74062
2508,204,7,12,L,13,L13,76784
2509,205,7,13,M,13,M13,71432
2510,206,7,14,N,13,N13,63374
2511,207,7,15,O,13,O13,71402
2512,208,7,16,P,13,P13,78117
2513,209,7,1,A,14,A14,66604
2514,210,7,2,B,14,B14,64239
2515,211,7,3,C,14,C14,67413
2516,212,7,4,D,14,D14,77789
2517,213,7,5,E,14,E14,62758
2518,214,7,6,F,14,F14,68175
2519,215,7,7,G,14,G14,75973
2520,216,7,8,H,14,H14,69192
2521,217,7,9,I,14,I14,70301
2522,218,7,10,J,14,J14,66240
2523,219,7,11,K,14,K14,65208
2524,220,7,12,L,14,L14,62495
2525,221,7,13,M,14,M14,73831
2526,222,7,14,N,14,N14,64480
2527,223,7,15,O,14,O14,76012
2528,224,7,16,P,14,P14,65298
2529,225,7,1,A,15,A15,71109
2530,226,7,2,B,15,B15,79479
2531,227,7,3,C,15,C15,60162
2532,228,7,4,D,15,D15,71325
2533,229,7,5,E,15,E15,65914
2534,230,7,6,F,15,F15,62499
2535,231,7,7,G,15,G15,68879
2536,232,7,8,H,15,H15,78738
2537,233,7,9,I,15,I15,69327
2538,234,7,10,J,15,J15,78192
2539,235,7,11,K,15,K15,76205
2540,236,7,12,L,15,L15,68747
2541,237,7,13,M,15,M15,72210
2542,238,7,14,N,15,N15,69667
2543,239,7,15,O,15,O15,75492
2544,240,7,16,P,15,P15,61449
2545,241,7,1,A,16,A16,78035
2546,242,7,2,B,16,B16,76759
2547,243,7,3,C,16,C16,77031
2548,244,7,4,D,16,D16,76269
2549,245,7,5,E,16,E16,75261
2550,246,7,6,F,16,F16,75022
2551,247,7,7,G,16,G16,70977
2552,248,7,8,H,16,H16,60493
2553,249,7,9,I,16,I16,76261
2554,250,7,10,J,16,J16,62632
2555,251,7,11,K,16,K16,77607
2556,252,7,12,L,16,L16,65221
2557,253,7,13,M,16,M16,77592
2558,254,7,14,N,16,N16,70949
2559,255,7,15,O,16,O16,72580
2560,256,7,16,P,16,P16,64734
2561,257,7,1,A,17,A17,60954
2562,258,7,2,B,17,B17,61488
2563,259,7,3,C,17,C17,60078
2564,260,7,4,D,17,D17,70562
2565,261,7,5,E,17,E17,67759
2566,262,7,6,F,17,F17,68946
2567,263,7,7,G,17,G17,60119
2568,264,7,8,H,17,H17,63054
2569,265,7,9,I,17,I17,64051
2570,266,7,10,J,17,J17,76231
2571,267,7,11,K,17,K17,72220
2572,268,7,12,L,17,L17,63547
2573,269,7,13,M,17,M17,78207
2574,270,7,14,N,17,N17,70348
2575,271,7,15,O,17,O17,75351
2576,272,7,16,P,17,P17,78527
2577,273,7,1,A,18,A18,62935
2578,274,7,2,B,18,B18,78878
2579,275,7,3,C,18,C18,67190
2580,276,7,4,D,18,D18,64599
2581,277,7,5,E,18,E18,64329
2582,278,7,6,F,18,F18,61753
2583,279,7,7,G,18,G18,78239
2584,280,7,8,H,18,H18,75047
2585,281,7,9,I,18,I18,77546
2586,282,7,10,J,18,J18,73831
2587,283,7,11,K,18,K18,79083
2588,284,7,12,L,18,L18,72955
2589,285,7,13,M,18,M18,64148
2590,286,7,14,N,18,N18,75864
2591,287,7,15,O,18,O18,74831
2592,288,7,16,P,18,P18,78508
2593,289,7,1,A,19,A19,60491
2594,290,7,2,B,19,B19,78854
2595,291,7,3,C,19,C19,62974
2596,292,7,4,D,19,D19,63783
2597,293,7,5,E,19,E19,64196
2598,294,7,6,F,19,F19,79312
2599,295,7,7,G,19,G19,68938
2600,296,7,8,H,19,H19,65565
2601,297,7,9,I,19,I19,75031
2602,298,7,10,J,19,J19,66303
2603,299,7,11,K,19,K19,62056
2604,300,7,12,L,19,L19,74137
2605,301,7,13,M,19,M19,61784
2606,302,7,14,N,19,N19,66105
2607,303,7,15,O,19,O19,71595
2608,304,7,16,P,19,P19,74323
2609,305,7,1,A,20,A20,77523
2610,306,7,2,B,20,B20,77890
2611,307,7,3,C,20,C20,76755
2612,308,7,4,D,20,D20,74744
2613,309,7,5,E,20,E20,76693
2614,310,7,6,F,20,F20,62048
2615,311,7,7,G,20,G20,72051
2616,312,7,8,H,20,H20,65526
2617,313,7,9,I,20,I20,68950
2618,314,7,10,J,20,J20,78658
2619,315,7,11,K,20,K20,67844
2620,316,7,12,L,20,L20,61411
2621,317,7,13,M,20,M20,79937
2622,318,7,14,N,20,N20,64799
2623,319,7,15,O,20,O20,71559
2624,320,7,16,P,20,P20,76417
2625,321,7,1,A,21,A21,74635
2626,322,7,2,B,21,B21,62421
2627,323,7,3,C,21,C21,66363
2628,324,7,4,D,21,D21,67170
2629,325,7,5,E,21,E21,66981
2630,326,7,6,F,21,F21,64543
2631,327,7,7,G,21,G21,63660
2632,328,7,8,H,21,H21,73978
2633,329,7,9,I,21,I21,69070
2634,330,7,10,J,21,J21,60102
2635,331,7,11,K,21,K21,66520
2636,332,7,12,L,21,L21,67672
2637,333,7,13,M,21,M21,64042
2638,334,7,14,N,21,N21,75251
2639,335,7,15,O,21,O21,66252
2640,336,7,16,P,21,P21,64229
2641,337,7,1,A,22,A22,68804
2642,338,7,2,B,22,B22,77160
2643,339,7,3,C,22,C22,73861
2644,340,7,4,D,22,D22,78301
2645,341,7,5,E,22,E22,77394
2646,342,7,6,F,22,F22,73399
2647,343,7,7,G,22,G22,79111
2648,344,7,8,H,22,H22,60425
2649,345,7,9,I,22,I22,60884
2650,346,7,10,J,22,J22,63740
2651,347,7,11,K,22,K22,79107
2652,348,7,12,L,22,L22,66882
2653,349,7,13,M,22,M22,73542
2654,350,7,14,N,22,N22,78229
2655,351,7,15,O,22,O22,71401
2656,352,7,16,P,22,P22,62525
2657,353,7,1,A,23,A23,70083
2658,354,7,2,B,23,B23,67116
2659,355,7,3,C,23,C23,76969
2660,356,7,4,D,23,D23,66708
2661,357,7,5,E,23,E23,76842
2662,358,7,6,F,23,F23,62033
2663,359,7,7,G,23,G23,67217
2664,360,7,8,H,23,H23,78496
2665,361,7,9,I,23,I23,75957
2666,362,7,10,J,23,J23,79599
2667,363,7,11,K,23,K23,78111
2668,364,7,12,L,23,L23,79250
2669,365,7,13,M,23,M23,73523
2670,366,7,14,N,23,N23,70326
2671,367,7,15,O,23,O23,72874
2672,368,7,16,P,23,P23,66443
2673,369,7,1,A,24,A24,78695
2674,370,7,2,B,24,B24,73801
2675,371,7,3,C,24,C24,69585
2676,372,7,4,D,24,D24,79454
2677,373,7,5,E,24,E24,71797
2678,374,7,6,F,24,F24,75495
2679,375,7,7,G,24,G24,68729
2680,376,7,8,H,24,H24,73760
2681,377,7,9,I,24,I24,75820
2682,378,7,10,J,24,J24,72402
2683,379,7,11,K,24,K24,69196
2684,380,7,12,L,24,L24,75015
2685,381,7,13,M,24,M24,76211
2686,382,7,14,N,24,N24,68129
2687,383,7,15,O,24,O24,76547
2688,384,7,16,P,24,P24,74619
2689,1,8,1,A,1,A01,96
2690,2,8,2,B,1,B01,502
2691,3,8,3,C,1,C01,420
2692,4,8,4,D,1,D01,242
2693,5,8,5,E,1,E01,643
2694,6,8,6,F,1,F01,210
2695,7,8,7,G,1,G01,383
2696,8,8,8,H,1,H01,326
2697,9,8,9,I,1,I01,537
2698,10,8,10,J,1,J01,483
2699,11,8,11,K,1,K01,430
2700,12,8,12,L,1,L01,358
2701,13,8,13,M,1,M01,91
2702,14,8,14,N,1,N01,793
2703,15,8,15,O,1,O01,990
2704,16,8,16,P,1,P01,527
2705,17,8,1,A,2,A02,84079
2706,18,8,2,B,2,B02,74068
2707,19,8,3,C,2,C02,84190
2708,20,8,4,D,2,D02,84329
2709,21,8,5,E,2,E02,88445
2710,22,8,6,F,2,F02,81332
2711,23,8,7,G,2,G02,87904
2712,24,8,8,H,2,H02,86252
2713,25,8,9,I,2,I02,89730
2714,26,8,10,J,2,J02,81189
2715,27,8,11,K,2,K02,85799
2716,28,8,12,L,2,L02,89324
2717,29,8,13,M,2,M02,70857
2718,30,8,14,N,2,N02,81944
2719,31,8,15,O,2,O02,74660
2720,32,8,16,P,2,P02,74662
2721,33,8,1,A,3,A03,75694
2722,34,8,2,B,3,B03,80048
2723,35,8,3,C,3,C03,85681
2724,36,8,4,D,3,D03,80449
2725,37,8,5,E,3,E03,81854
2726,38,8,6,F,3,F03,87570
2727,39,8,7,G,3,G03,75459
2728,40,8,8,H,3,H03,83258
2729,41,8,9,I,3,I03,82394
2730,42,8,10,J,3,J03,89637
2731,43,8,11,K,3,K03,77282
2732,44,8,12,L,3,L03,75013
2733,45,8,13,M,3,M03,71452
2734,46,8,14,N,3,N03,70856
2735,47,8,15,O,3,O03,85151
2736,48,8,16,P,3,P03,77939
2737,49,8,1,A,4,A04,89651
2738,50,8,2,B,4,B04,88653
2739,51,8,3,C,4,C04,78960
2740,52,8,4,D,4,D04,85250
2741,53,8,5,E,4,E04,85198
2742,54,8,6,F,4,F04,77976
2743,55,8,7,G,4,G04,77659
2744,56,8,8,H,4,H04,73061
2745,57,8,9,I,4,I04,73926
2746,58,8,10,J,4,J04,83830
2747,59,8,11,K,4,K04,71675
2748,60,8,12,L,4,L04,70864
2749,61,8,13,M,4,M04,88717
2750,62,8,14,N,4,N04,71358
2751,63,8,15,O,4,O04,88394
2752,64,8,16,P,4,P04,70562
2753,65,8,1,A,5,A05,79070
2754,66,8,2,B,5,B05,86472
2755,67,8,3,C,5,C05,74955
2756,68,8,4,D,5,D05,84003
2757,69,8,5,E,5,E05,79108
2758,70,8,6,F,5,F05,81917
2759,71,8,7,G,5,G05,72583
2760,72,8,8,H,5,H05,70728
2761,73,8,9,I,5,I05,70644
2762,74,8,10,J,5,J05,84783
2763,75,8,11,K,5,K05,77965
2764,76,8,12,L,5,L05,70545
2765,77,8,13,M,5,M05,72904
2766,78,8,14,N,5,N05,74717
2767,79,8,15,O,5,O05,74446
2768,80,8,16,P,5,P05,75936
2769,81,8,1,A,6,A06,71537
2770,82,8,2,B,6,B06,70021
2771,83,8,3,C,6,C06,86491
2772,84,8,4,D,6,D06,80122
2773,85,8,5,E,6,E06,72731
2774,86,8,6,F,6,F06,75432
2775,87,8,7,G,6,G06,88886
2776,88,8,8,H,6,H06,77755
2777,89,8,9,I,6,I06,89640
2778,90,8,10,J,6,J06,79457
2779,91,8,11,K,6,K06,87525
2780,92,8,12,L,6,L06,87977
2781,93,8,13,M,6,M06,87170
2782,94,8,14,N,6,N06,74456
2783,95,8,15,O,6,O06,78237
2784,96,8,16,P,6,P06,79576
2785,97,8,1,A,7,A07,80622
2786,98,8,2,B,7,B07,76587
2787,99,8,3,C,7,C07,88555
2788,100,8,4,D,7,D07,88328
2789,101,8,5,E,7,E07,80475
2790,102,8,6,F,7,F07,83495
2791,103,8,7,G,7,G07,86815
2792,104,8,8,H,7,H07,74175
2793,105,8,9,I,7,I07,77083
2794,106,8,10,J,7,J07,83348
2795,107,8,11,K,7,K07,71328
2796,108,8,12,L,7,L07,82183
2797,109,8,13,M,7,M07,78449
2798,110,8,14,N,7,N07,76806
2799,111,8,15,O,7,O07,71343
2800,112,8,16,P,7,P07,80633
2801,113,8,1,A,8,A08,78726
2802,114,8,2,B,8,B08,76654
2803,115,8,3,C,8,C08,83495
2804,116,8,4,D,8,D08,76488
2805,117,8,5,E,8,E08,79639
2806,118,8,6,F,8,F08,79987
2807,119,8,7,G,8,G08,87578
2808,120,8,8,H,8,H08,78889
2809,121,8,9,I,8,I08,89441
2810,122,8,10,J,8,J08,73552
2811,123,8,11,K,8,K08,88866
2812,124,8,12,L,8,L08,70995
2813,125,8,13,M,8,M08,80431
2814,126,8,14,N,8,N08,79509
2815,127,8,15,O,8,O08,72079
2816,128,8,16,P,8,P08,76146
2817,129,8,1,A,9,A09,76781
2818,130,8,2,B,9,B09,81543
2819,131,8,3,C,9,C09,81938
2820,132,8,4,D,9,D09,81879
2821,133,8,5,E,9,E09,72102
2822,134,8,6,F,9,F09,73885
2823,135,8,7,G,9,G09,74588
2824,136,8,8,H,9,H09,88239
2825,137,8,9,I,9,I09,70029
2826,138,8,10,J,9,J09,77636
2827,139,8,11,K,9,K09,73279
2828,140,8,12,L,9,L09,84143
2829,141,8,13,M,9,M09,71453
2830,142,8,14,N,9,N09,84014
2831,143,8,15,O,9,O09,81979
2832,144,8,16,P,9,P09,85151
2833,145,8,1,A,10,A10,86178
2834,146,8,2,B,10,B10,85041
2835,147,8,3,C,10,C10,79566
2836,148,8,4,D,10,D10,89764
2837,149,8,5,E,10,E10,82490
2838,150,8,6,F,10,F10,81742
2839,151,8,7,G,10,G10,74642
2840,152,8,8,H,10,H10,85100
2841,153,8,9,I,10,I10,77691
2842,154,8,10,J,10,J10,71614
2843,155,8,11,K,10,K10,87891
2844,156,8,12,L,10,L10,82884
2845,157,8,13,M,10,M10,75596
2846,158,8,14,N,10,N10,72404
2847,159,8,15,O,10,O10,80490
2848,160,8,16,P,10,P10,77328
2849,161,8,1,A,11,A11,83496
2850,162,8,2,B,11,B11,85066
2851,163,8,3,C,11,C11,75830
2852,164,8,4,D,11,D11,72413
2853,165,8,5,E,11,E11,84083
2854,166,8,6,F,11,F11,82343
2855,167,8,7,G,11,G11,71705
2856,168,8,8,H,11,H11,81518
2857,169,8,9,I,11,I11,81928
2858,170,8,10,J,11,J11,74671
2859,171,8,11,K,11,K11,75656
2860,172,8,12,L,11,L11,74168
2861,173,8,13,M,11,M11,89614
2862,174,8,14,N,11,N11,79629
2863,175,8,15,O,11,O11,82937
2864,176,8,16,P,11,P11,86431
2865,177,8,1,A,12,A12,80730
2866,178,8,2,B,12,B12,71691
2867,179,8,3,C,12,C12,74854
2868,180,8,4,D,12,D12,70810
2869,181,8,5,E,12,E12,75985
2870,182,8,6,F,12,F12,83645
2871,183,8,7,G,12,G12,77365
2872,184,8,8,H,12,H12,80661
2873,185,8,9,I,12,I12,82782
2874,186,8,10,J,12,J12,83195
2875,187,8,11,K,12,K12,76519
2876,188,8,12,L,12,L12,75066
2877,189,8,13,M,12,M12,74015
2878,190,8,14,N,12,N12,82581
2879,191,8,15,O,12,O12,84185
2880,192,8,16,P,12,P12,87441
2881,193,8,1,A,13,A13,72793
2882,194,8,2,B,13,B13,70958
2883,195,8,3,C,13,C13,88741
2884,196,8,4,D,13,D13,89239
2885,197,8,5,E,13,E13,74702
2886,198,8,6,F,13,F13,80912
2887,199,8,7,G,13,G13,89074
2888,200,8,8,H,13,H13,88164
2889,201,8,9,I,13,I13,78147
2890,202,8,10,J,13,J13,87678
2891,203,8,11,K,13,K13,82324
2892,204,8,12,L,13,L13,76116
2893,205,8,13,M,13,M13,75462
2894,206,8,14,N,13,N13,70534
2895,207,8,15,O,13,O13,83279
2896,208,8,16,P,13,P13,83891
2897,209,8,1,A,14,A14,72055
2898,210,8,2,B,14,B14,76571
2899,211,8,3,C,14,C14,79230
2900,212,8,4,D,14,D14,88869
2901,213,8,5,E,14,E14,72873
2902,214,8,6,F,14,F14,70228
2903,215,8,7,G,14,G14,81563
2904,216,8,8,H,14,H14,88575
2905,217,8,9,I,14,I14,77958
2906,218,8,10,J,14,J14,88229
2907,219,8,11,K,14,K14,87509
2908,220,8,12,L,14,L14,78465
2909,221,8,13,M,14,M14,75370
2910,222,8,14,N,14,N14,77309
2911,223,8,15,O,14,O14,80518
2912,224,8,16,P,14,P14,86005
2913,225,8,1,A,15,A15,85634
2914,226,8,2,B,15,B15,72364
2915,227,8,3,C,15,C15,80432
2916,228,8,4,D,15,D15,77838
2917,229,8,5,E,15,E15,73586
2918,230,8,6,F,15,F15,76985
2919,231,8,7,G,15,G15,72409
2920,232,8,8,H,15,H15,73511
2921,233,8,9,I,15,I15,79985
2922,234,8,10,J,15,J15,78833
2923,235,8,11,K,15,K15,85637
2924,236,8,12,L,15,L15,71155
2925,237,8,13,M,15,M15,75005
2926,238,8,14,N,15,N15,89730
2927,239,8,15,O,15,O15,73762
2928,240,8,16,P,15,P15,77499
2929,241,8,1,A,16,A16,74393
2930,242,8,2,B,16,B16,75481
2931,243,8,3,C,16,C16,84574
2932,244,8,4,D,16,D16,85987
2933,245,8,5,E,16,E16,77507
2934,246,8,6,F,16,F16,81097
2935,247,8,7,G,16,G16,73668
2936,248,8,8,H,16,H16,81730
2937,249,8,9,I,16,I16,87692
2938,250,8,10,J,16,J16,79113
2939,251,8,11,K,16,K16,89714
2940,252,8,12,L,16,L16,73821
2941,253,8,13,M,16,M16,87006
2942,254,8,14,N,16,N16,85980
2943,255,8,15,O,16,O16,84197
2944,256,8,16,P,16,P16,75016
2945,257,8,1,A,17,A17,75684
2946,258,8,2,B,17,B17,82483
2947,259,8,3,C,17,C17,72537
2948,260,8,4,D,17,D17,82367
2949,261,8,5,E,17,E17,89188
2950,262,8,6,F,17,F17,78406
2951,263,8,7,G,17,G17,89331
2952,264,8,8,H,17,H17,81571
2953,265,8,9,I,17,I17,80212
2954,266,8,10,J,17,J17,88990
2955,267,8,11,K,17,K17,70140
2956,268,8,12,L,17,L17,77940
2957,269,8,13,M,17,M17,75443
2958,270,8,14,N,17,N17,70503
2959,271,8,15,O,17,O17,81614
2960,272,8,16,P,17,P17,82486
2961,273,8,1,A,18,A18,82328
2962,274,8,2,B,18,B18,74723
2963,275,8,3,C,18,C18,84655
2964,276,8,4,D,18,D18,82055
2965,277,8,5,E,18,E18,77737
2966,278,8,6,F,18,F18,85773
2967,279,8,7,G,18,G18,85097
2968,280,8,8,H,18,H18,86217
2969,281,8,9,I,18,I18,72355
2970,282,8,10,J,18,J18,71465
2971,283,8,11,K,18,K18,75959
2972,284,8,12,L,18,L18,75314
2973,285,8,13,M,18,M18,75871
2974,286,8,14,N,18,N18,82026
2975,287,8,15,O,18,O18,88787
2976,288,8,16,P,18,P18,71978
2977,289,8,1,A,19,A19,78325
2978,290,8,2,B,19,B19,84117
2979,291,8,3,C,19,C19,76846
2980,292,8,4,D,19,D19,81552
2981,293,8,5,E,19,E19,87110
2982,294,8,6,F,19,F19,79371
2983,295,8,7,G,19,G19,71401
2984,296,8,8,H,19,H19,86744
2985,297,8,9,I,19,I19,70185
2986,298,8,10,J,19,J19,70778
2987,299,8,11,K,19,K19,76564
2988,300,8,12,L,19,L19,87416
2989,301,8,13,M,19,M19,87162
2990,302,8,14,N,19,N19,70586
2991,303,8,15,O,19,O19,72345
2992,304,8,16,P,19,P19,79543
2993,305,8,1,A,20,A20,75818
2994,306,8,2,B,20,B20,85578
2995,307,8,3,C,20,C20,77994
2996,308,8,4,D,20,D20,74607
2997,309,8,5,E,20,E20,86541
2998,310,8,6,F,20,F20,81686
2999,311,8,7,G,20,G20,88176
3000,312,8,8,H,20,H20,88560
3001,313,8,9,I,20,I20,79243
3002,314,8,10,J,20,J20,72425
3003,315,8,11,K,20,K20,88759
3004,316,8,12,L,20,L20,87193
3005,317,8,13,M,20,M20,70936
3006,318,8,14,N,20,N20,74891
3007,319,8,15,O,20,O20,78955
3008,320,8,16,P,20,P20,84728
3009,321,8,1,A,21,A21,76237
3010,322,8,2,B,21,B21,76035
3011,323,8,3,C,21,C21,86341
3012,324,8,4,D,21,D21,83571
3013,325,8,5,E,21,E21,73569
3014,326,8,6,F,21,F21,70637
3015,327,8,7,G,21,G21,85030
3016,328,8,8,H,21,H21,78876
3017,329,8,9,I,21,I21,72105
3018,330,8,10,J,21,J21,83420
3019,331,8,11,K,21,K21,80587
3020,332,8,12,L,21,L21,78309
3021,333,8,13,M,21,M21,77593
3022,334,8,14,N,21,N21,72327
3023,335,8,15,O,21,O21,83322
3024,336,8,16,P,21,P21,80184
3025,337,8,1,A,22,A22,78799
3026,338,8,2,B,22,B22,81611
3027,339,8,3,C,22,C22,70997
3028,340,8,4,D,22,D22,88613
3029,341,8,5,E,22,E22,82448
3030,342,8,6,F,22,F22,76329
3031,343,8,7,G,22,G22,88027
3032,344,8,8,H,22,H22,81311
3033,345,8,9,I,22,I22,77076
3034,346,8,10,J,22,J22,74742
3035,347,8,11,K,22,K22,82106
3036,348,8,12,L,22,L22,70976
3037,349,8,13,M,22,M22,87623
3038,350,8,14,N,22,N22,89088
3039,351,8,15,O,22,O22,81090
3040,352,8,16,P,22,P22,84700
3041,353,8,1,A,23,A23,74458
3042,354,8,2,B,23,B23,73715
3043,355,8,3,C,23,C23,70188
3044,356,8,4,D,23,D23,80198
3045,357,8,5,E,23,E23,83999
3046,358,8,6,F,23,F23,88050
3047,359,8,7,G,23,G23,89771
3048,360,8,8,H,23,H23,85482
3049,361,8,9,I,23,I23,89075
3050,362,8,10,J,23,J23,85556
3051,363,8,11,K,23,K23,84492
3052,364,8,12,L,23,L23,73742
3053,365,8,13,M,23,M23,77320
3054,366,8,14,N,23,N23,79469
3055,367,8,15,O,23,O23,71699
3056,368,8,16,P,23,P23,82135
3057,369,8,1,A,24,A24,86934
3058,370,8,2,B,24,B24,82466
3059,371,8,3,C,24,C24,87271
3060,372,8,4,D,24,D24,77138
3061,373,8,5,E,24,E24,86663
3062,374,8,6,F,24,F24,77501
3063,375,8,7,G,24,G24,74414
3064,376,8,8,H,24,H24,77425
3065,377,8,9,I,24,I24,84585
3066,378,8,10,J,24,J24,79396
3067,379,8,11,K,24,K24,86253
3068,380,8,12,L,24,L24,71890
3069,381,8,13,M,24,M24,75861
3070,382,8,14,N,24,N24,80877
3071,383,8,15,O,24,O24,87805
3072,384,8,16,P,24,P24,72895
