CohortId	TreatmentId	VisitId	cohortId.label	visitId.sequenceNumMin
1338	2	39923	1/3 - Heterologous boost regimen	-10.0
1339	1	39922	1/3 - Homologous regimen	-11.0
1338	2	39921	1/3 - Heterologous boost regimen	-12.0
1342	2	39923	2/4 - Homologous regimen	-10.0
1340	3	39922	1/3 - Placebo	-11.0
1343	3	39897	2/4 - Placebo	-100.0
1341	2	39891	2/4 - Heterologous boost regimen	-137.0
1339	1	39896	1/3 - Homologous regimen	-103.0
1340	3	39921	1/3 - Placebo	-12.0
1340	3	39923	1/3 - Placebo	-10.0
1338	2	39896	1/3 - Heterologous boost regimen	-103.0
1339	2	39894	1/3 - Homologous regimen	-132.0
