<?xml version="1.0" encoding="UTF-8"?>
<!--Exported from LabKey Server at http://localhost:8080/labkey/project/LuminexTest%20Project/begin.view by elvan@labkey.com on Thu Sep 13 10:05:39 PDT 2012-->
<tables xmlns="http://labkey.org/data/xml">
  <table tableName="NabThawListMissingRows" tableDbType="TABLE">
    <columns>
      <column columnName="Index">
        <datatype>varchar</datatype>
        <columnTitle>Index</columnTitle>
        <nullable>false</nullable>
        <isKeyField>true</isKeyField>
      </column>
      <column columnName="ParticipantID">
        <datatype>varchar</datatype>
        <columnTitle>ParticipantID</columnTitle>
        <description>Participant ID</description>
      </column>
      <column columnName="VisitID">
        <datatype>integer</datatype>
        <columnTitle>VisitID</columnTitle>
        <description>Visit id</description>
        <measure>true</measure>
      </column>
	  <column columnName="SpecimenID">
        <datatype>varchar</datatype>
        <columnTitle>SpecimenID</columnTitle>
        <description>Specimen id</description>
        <measure>true</measure>
      </column>
	  <column columnName="Date">
        <datatype>varchar</datatype>
        <columnTitle>Date</columnTitle>
        <description>Date</description>
      </column>
    </columns>
    <pkColumnName>Index</pkColumnName>
  </table>
</tables>