<?xml version="1.0" encoding="UTF-8"?>
<!--Exported from LabKey Server at http://localhost:8080/labkey/project/Web%20Part%20Perms/begin.view by elvan on Mon Jan 28 16:30:47 PST 2013-->
<folder archiveVersion="13.11" label="Web Part Perms" type="normal" title="Web Part Perms" xmlns="http://labkey.org/folder/xml">
  <folderType name="Flow">
    <defaultModule>Core</defaultModule>
    <modules>
      <moduleName>Flow</moduleName>
      <moduleName>Query</moduleName>
      <moduleName>Experiment</moduleName>
      <moduleName>Wiki</moduleName>
      <moduleName>Core</moduleName>
      <moduleName>FileContent</moduleName>
      <moduleName>Pipeline</moduleName>
      <moduleName>Announcements</moduleName>
      <moduleName>Issues</moduleName>
    </modules>
  </folderType>
  <searchable>true</searchable>
  <pages file="pages.xml"/>
  <wikis dir="wikis"/>
  <notifications>
    <messagesDefault id="2" label="My conversations"/>
    <filesDefault id="512" label="No Email"/>
  </notifications>
  <missingValueIndicators>
    <ns:missingValueIndicator indicator="Q" label="Data currently under quality control review." xmlns:ns="http://labkey.org/study/xml"/>
    <ns:missingValueIndicator indicator="N" label="Required field marked by site as 'data not available'." xmlns:ns="http://labkey.org/study/xml"/>
  </missingValueIndicators>
</folder>