<?xml version="1.0" encoding="UTF-8"?>
<pages xmlns="http://labkey.org/folder/xml">
  <page index="1" name="DefaultDashboard" propertyString="" hidden="false">
    <webpart>
      <name>Flow Summary</name>
      <index>1</index>
      <location>right</location>
      <permanent>false</permanent>
    </webpart>
    <webpart>
      <name>Flow Experiment Management</name>
      <index>2</index>
      <location>!content</location>
      <permanent>false</permanent>
      <permission>org.labkey.api.security.permissions.AdminPermission</permission>
      <permissionContainerPath>/Dummy Project</permissionContainerPath>
    </webpart>
    <webpart>
      <name>Flow Analyses</name>
      <index>3</index>
      <location>!content</location>
      <permanent>false</permanent>
      <permission>org.labkey.api.security.permissions.InsertPermission</permission>
      <permissionContainerPath>/Dummy Project</permissionContainerPath>
    </webpart>
    <webpart>
      <name>Flow Scripts</name>
      <index>4</index>
      <location>!content</location>
      <permanent>false</permanent>
      <permission>org.labkey.api.security.permissions.ReadPermission</permission>
      <permissionContainerPath>/Dummy Project</permissionContainerPath>
    </webpart>
  </page>
  <page index="0" name="portal.default" propertyString="" hidden="false">
    <webpart>
      <name>Flow Summary</name>
      <index>1</index>
      <location>right</location>
      <permanent>false</permanent>
      <properties>
        <property key="legacyPageAdded" value="true"/>
      </properties>
    </webpart>
    <webpart>
      <name>Flow Experiment Management</name>
      <index>2</index>
      <location>!content</location>
      <permanent>false</permanent>
      <properties>
        <property key="legacyPageAdded" value="true"/>
      </properties>
    </webpart>
    <webpart>
      <name>Flow Analyses</name>
      <index>3</index>
      <location>!content</location>
      <permanent>false</permanent>
      <properties>
        <property key="legacyPageAdded" value="true"/>
      </properties>
    </webpart>
    <webpart>
      <name>Flow Scripts</name>
      <index>4</index>
      <location>!content</location>
      <permanent>false</permanent>
      <properties>
        <property key="legacyPageAdded" value="true"/>
      </properties>
    </webpart>
  </page>
</pages>