<?xml version="1.0" encoding="UTF-8"?>
<!--Exported from LabKey Server at http://localhost:8080/labkey/project/TestStudyDemoBit/begin.view by dave on Tue Oct 21 15:54:41 PDT 2014-->
<folder archiveVersion="14.24" label="TestStudyDemoBit" type="normal" title="TestStudyDemoBit" xmlns="http://labkey.org/folder/xml">
  <folderType name="Study">
    <defaultModule>Core</defaultModule>
    <modules>
      <moduleName>Wiki</moduleName>
      <moduleName>Core</moduleName>
      <moduleName>Query</moduleName>
      <moduleName>Experiment</moduleName>
      <moduleName>Announcements</moduleName>
      <moduleName>Pipeline</moduleName>
      <moduleName>Issues</moduleName>
      <moduleName>Study</moduleName>
      <moduleName>FileContent</moduleName>
    </modules>
  </folderType>
  <missingValueIndicators>
    <ns:missingValueIndicator indicator="Q" label="Data currently under quality control review." xmlns:ns="http://labkey.org/study/xml"/>
    <ns:missingValueIndicator indicator="N" label="Required field marked by site as 'data not available'." xmlns:ns="http://labkey.org/study/xml"/>
  </missingValueIndicators>
  <study dir="study"/>
</folder>