<?xml version="1.0" encoding="UTF-8"?>
<!--Exported from LabKey Server at http://localhost:8080/labkey/StudyProtocolDesignerTest%20Project/project-begin.view by danield on Tue Oct 25 14:59:50 PDT 2016-->
<folder archiveVersion="16.3" label="StudyProtocolDesignerTest Project" type="normal" title="StudyProtocolDesignerTest Project" xmlns="http://labkey.org/folder/xml" xmlns:ns="http://labkey.org/study/xml">
  <folderType name="CAVD Study">
    <defaultModule>Core</defaultModule>
    <modules>
      <moduleName>Study</moduleName>
      <moduleName>Issues</moduleName>
      <moduleName>FileContent</moduleName>
      <moduleName>Announcements</moduleName>
      <moduleName>Wiki</moduleName>
      <moduleName>ViscStudies</moduleName>
      <moduleName>Query</moduleName>
      <moduleName>Experiment</moduleName>
      <moduleName>Pipeline</moduleName>
      <moduleName>Core</moduleName>
    </modules>
  </folderType>
  <searchable>true</searchable>
  <pages file="pages.xml"/>
  <moduleProperties/>
  <wikis dir="wikis"/>
  <notifications>
    <messagesDefault id="2" label="My conversations"/>
    <filesDefault id="512" label="No Email"/>
  </notifications>
  <missingValueIndicators>
    <ns:missingValueIndicator indicator="Q" label="Data currently under quality control review."/>
    <ns:missingValueIndicator indicator="N" label="Required field marked by site as 'data not available'."/>
  </missingValueIndicators>
  <study dir="study"/>
</folder>