<?xml version="1.0" encoding="UTF-8"?>
<pages xmlns="http://labkey.org/folder/xml">
  <page index="12" name="viscstudy.ASSAYS" propertyString="" hidden="false"/>
  <page index="11" name="viscstudy.IMMUNIZATIONS" propertyString="" hidden="false"/>
  <page index="13" name="study.DATA_ANALYSIS" propertyString="" hidden="false">
    <webpart>
      <name>Data Views</name>
      <index>1</index>
      <location>!content</location>
      <permanent>false</permanent>
    </webpart>
    <webpart>
      <name>Specimens</name>
      <index>2</index>
      <location>right</location>
      <permanent>false</permanent>
    </webpart>
    <webpart>
      <name>Files</name>
      <index>3</index>
      <location>right</location>
      <permanent>false</permanent>
    </webpart>
  </page>
  <page index="9" name="Overview" propertyString="" hidden="false">
    <webpart>
      <name>Study Protocol Summary</name>
      <index>1</index>
      <location>!content</location>
      <permanent>false</permanent>
    </webpart>
    <webpart>
      <name>Vaccine Study Protocols</name>
      <index>2</index>
      <location>!content</location>
      <permanent>false</permanent>
    </webpart>
  </page>
  <page index="14" name="Manage" propertyString="" hidden="false"/>
  <page index="15" name="portal.default" propertyString="" hidden="false">
    <webpart>
      <name>Study Protocol Summary</name>
      <index>1</index>
      <location>!content</location>
      <permanent>false</permanent>
      <properties>
        <property key="legacyPageAdded" value="true"/>
      </properties>
    </webpart>
    <webpart>
      <name>Vaccine Study Protocols</name>
      <index>2</index>
      <location>!content</location>
      <permanent>false</permanent>
      <properties>
        <property key="legacyPageAdded" value="true"/>
      </properties>
    </webpart>
  </page>
  <page index="10" name="viscstudy.VACCINE_DESIGN" propertyString="" hidden="false"/>
</pages>