<?xml version="1.0" encoding="UTF-8"?>
<pages xmlns="http://labkey.org/folder/xml">
  <page index="5" name="study.SPECIMENS" propertyString="" hidden="false">
    <webpart>
      <name>Specimen Search</name>
      <index>1</index>
      <location>!content</location>
      <permanent>false</permanent>
    </webpart>
    <webpart>
      <name>Specimens</name>
      <index>2</index>
      <location>!content</location>
      <permanent>false</permanent>
    </webpart>
    <webpart>
      <name>Specimen Tools</name>
      <index>3</index>
      <location>right</location>
      <permanent>false</permanent>
    </webpart>
  </page>
  <page index="4" name="study.DATA_ANALYSIS" propertyString="" hidden="false">
    <webpart>
      <name>Data Views</name>
      <index>1</index>
      <location>!content</location>
      <permanent>false</permanent>
    </webpart>
    <webpart>
      <name>Study Data Tools</name>
      <index>2</index>
      <location>right</location>
      <permanent>false</permanent>
    </webpart>
  </page>
  <page index="6" name="Manage" propertyString="" hidden="false"/>
  <page index="3" name="study.PARTICIPANTS" propertyString="" hidden="false">
    <webpart>
      <name>Search</name>
      <index>1</index>
      <location>right</location>
      <permanent>false</permanent>
    </webpart>
    <webpart>
      <name>Subject List</name>
      <index>2</index>
      <location>!content</location>
      <permanent>false</permanent>
    </webpart>
  </page>
  <page index="7" name="portal.default" propertyString="" hidden="false">
    <webpart>
      <name>Study Overview</name>
      <index>1</index>
      <location>!content</location>
      <permanent>false</permanent>
      <properties>
        <property key="legacyPageAdded" value="true"/>
      </properties>
    </webpart>
  </page>
  <page index="2" name="Overview" propertyString="" hidden="false">
    <webpart>
      <name>Study Overview</name>
      <index>1</index>
      <location>!content</location>
      <permanent>false</permanent>
    </webpart>
    <webpart>
      <name>Query</name>
      <index>2</index>
      <location>!content</location>
      <permanent>false</permanent>
      <properties>
        <property key="schemaName" value="study"/>
        <property key="queryName" value="VisitTagMap"/>
        <property key="allowChooseQuery" value="false"/>
        <property key="allowChooseView" value="true"/>
        <property key="selectQuery" value="on"/>
        <property key="buttonBarPosition" value="BOTH"/>
      </properties>
    </webpart>
  </page>
</pages>