ParticipantId	date	QCStateLabel	M1	ObjectId	RunComments	RunCreatedBy	RunCreatedOn	RunName	Stim	Weight
249318596	2008-06-30 00:00:00.0		543	30422		1807	2009-09-08 17:15:00.343	GenericAssay_Run1.xls	false	14.5
249320107	2008-06-04 00:00:00.0		645	30423		1807	2009-09-08 17:15:00.343	GenericAssay_Run1.xls	false	11.0
249320107	2008-07-16 00:00:00.0		234	30424		1807	2009-09-08 17:15:00.343	GenericAssay_Run1.xls	false	14.3
249320489	2008-08-20 00:00:00.0		324	30425		1807	2009-09-08 17:15:00.343	GenericAssay_Run1.xls	false	11.9
249320897	2008-05-20 00:00:00.0		1045	30426		1807	2009-09-08 17:15:00.343	GenericAssay_Run1.xls	false	15.6
249325717	2008-04-27 00:00:00.0		874	30427		1807	2009-09-08 17:15:00.343	GenericAssay_Run1.xls	false	18.0
