ParticipantId	date	QCStateLabel	ArmId	Treatment	SequenceNum
249318596	2008-05-17 00:00:00.0		2/4 - Homologous regimen	2	-1.0
249320107	2008-06-04 00:00:00.0		2/4 - Placebo	3	-1.0
249320127	2008-07-30 00:00:00.0		2/4 - Heterologous boost regimen	1	-1.0
249320489	2008-07-30 00:00:00.0		2/4 - Homologous regimen	2	-1.0
249320897	2008-05-01 00:00:00.0		2/4 - Placebo	3	-1.0
249325717	2008-04-27 00:00:00.0		2/4 - Heterologous boost regimen	2	-1.0
266626	2008-04-29 00:00:00.0		2/4 - Homologous regimen	1	-1.0
545388	2008-04-14 00:00:00.0		1/3 - Placebo	3	-1.0
