ParticipantId	date	QCStateLabel	Type	Well	Antigen	Description	Specimen ID	Dilution	IL-2-FI	IL-2-FI-FIBackground	IL-2-FI-StdDev	IL-2-FI-ObsConc	IL-2-FI-ConcInRange	IL-10-FI	IL-10-FI-FIBackground	IL-10-FI-StdDev	IL-10-FI-ObsConc	IL-10-FI-ConcInRange	TNF-alpha-FI	TNF-alpha-FI-FIBackground	TNF-alpha-FI-StdDev	TNF-alpha-FI-ObsConc	TNF-alpha-FI-ConcInRange	StudyName	Lab	Assay
249318596	2008-06-30 00:00:00.0		X1	A3,B3	gp41	11027-01	11027-01	1.0	281.3	281.3	13.79	40.07	40.07	560.5	560.5	54.45	52.74	52.74	1454.0	1454.0	162.63	35.87	35.87	Demo Study	ArnoldBellewLab	Assay 1
249320107	2009-01-06 00:00:00.0		X26	C9,D9	gp41	11024-13	11024-13	1.0	108.8	108.8	8.84	12.85	12.85	68.3	68.3	2.47	5.32	5.32	185.8	185.8	18.74	3.57	3.57	Demo Study	ArnoldBellewLab	Assay 2
249320127	2008-07-30 00:00:00.0		X3	E3,F3	gp41	11027-03	11027-03	1.0	195.3	195.3	9.55	26.55	26.55	181.8	181.8	9.55	16.69	16.69	226.5	226.5	0.71	4.56	4.56	Demo Study	Buffalo1	Assay 1
249320489	2009-01-15 00:00:00.0		X22	C8,D8	gp41	11024-09	11024-09	1.0	93.5	93.5	3.54	10.41	10.41	66.8	66.8	8.13	5.16	5.16	145.3	145.3	3.89	2.59	2.59	Demo Study	Buffalo1	Assay 2
249320489	2009-02-05 00:00:00.0		X28	G9,H9	gp41	6292-01	6292-01	1.0	79.5	79.5	6.36	8.16	8.16	53.5	53.5	17.68	3.77	3.77	163.5	163.5	3.54	3.03	3.03	Demo Study	LabKeyLab	Assay 2
249325717	2008-04-27 00:00:00.0		X6	C4,D4	gp41	11027-06	11027-06	1.0	175.0	175.0	11.31	23.36	23.36	146.3	146.3	3.89	13.2	13.2	147.8	147.8	9.55	2.65	2.65	Demo Study	LabKeyLab	Assay 2
