ParticipantId	date	QCStateLabel	cohort	Lymphocytes	CD4	Hemoglobin	StudyName	Lab	Product	Treatment	TreatmentBy	Product.Label	TreatmentBy.Label
249318596	2008-06-30 00:00:00.0			1830	543	14.5	Demo Study	Buffalo1	4	2	2	gp145	Frankie Lee
249318596	2008-08-04 00:00:00.0			1850	520	16.0	Demo Study	Buffalo1	7	3	2	gag-pol-nef	Frankie Lee
249318596	2009-05-16 00:00:00.0			1300	167	13.2	Demo Study						
249318596	2009-06-15 00:00:00.0			1200	154	16.1	Demo Study	ArnoldBellewLab	2	1		pol	
249320107	2008-06-04 00:00:00.0			1600	645	11.0	Demo Study	LabKeyLab	5	2	3	gag/pol	Judas Priest
249320127	2008-07-30 00:00:00.0			2000	1116	13.5	Demo Study	Buffalo1	1	1	1	gag	John Hardy
249320127	2008-09-17 00:00:00.0			2000	987	19.3	Demo Study				3		Judas Priest
249320489	2008-08-20 00:00:00.0			1600	324	11.9	Demo Study						
249320897	2008-05-20 00:00:00.0			2000	1045	15.6	Demo Study						
249320897	2008-06-13 00:00:00.0			1870	982	14.6	Demo Study						
249325717	2008-04-27 00:00:00.0			2000	874	18.0	Demo Study						
