ParticipantId	date	QCStateLabel	Status	Country	Height	StartDate	Gender	Group	Comments	StudyName	Ethnicity	DOB	EstimatedInfectionDate	InitialVaccinationDate	SequenceNum
249318596	2008-05-17 00:00:00.0		uninfected	USA		2008-05-17 00:00:00.0	m			Demo Study	Black/African American	1970-05-01 00:00:00.0		2008-05-20 00:00:00.0	-1.0
249320107	2008-06-04 00:00:00.0		uninfected	USA		2008-06-04 00:00:00.0	f			Demo Study	Indian	1982-08-10 00:00:00.0		2008-06-15 00:00:00.0	-1.0
249320127	2008-07-30 00:00:00.0		uninfected	USA		2008-07-30 00:00:00.0	f			Demo Study	Indian	1965-01-30 00:00:00.0		2008-08-03 00:00:00.0	-1.0
249320489	2008-07-30 00:00:00.0		uninfected	USA		2008-07-30 00:00:00.0	f			Demo Study	White	1991-06-17 00:00:00.0		2008-08-03 00:00:00.0	-1.0
249320897	2008-05-01 00:00:00.0		uninfected	USA		2008-05-01 00:00:00.0	f			Demo Study	American Indian/Alaskan Native	1979-11-15 00:00:00.0		2008-05-05 00:00:00.0	-1.0
249325717	2008-04-27 00:00:00.0		uninfected	USA		2008-04-27 00:00:00.0	m			Demo Study	White	1988-07-21 00:00:00.0		2008-05-03 00:00:00.0	-1.0
