<?xml version="1.0" encoding="UTF-8"?>
<tables xmlns="http://labkey.org/data/xml">
  <table tableName="Luminex" tableDbType="TABLE">
    <description>Contains up to one row of Luminex data for each Participant/visit combination.</description>
    <columns>
      <column columnName="ParticipantId">
        <datatype>varchar</datatype>
        <columnTitle>Participant ID</columnTitle>
        <description>Subject identifier</description>
        <propertyURI>http://cpas.labkey.com/Study#ParticipantId</propertyURI>
        <nullable>false</nullable>
        <importAliases>
          <importAlias>ptid</importAlias>
        </importAliases>
        <fk>
          <fkDbSchema>study</fkDbSchema>
          <fkTable>Participant</fkTable>
          <fkColumnName>ParticipantId</fkColumnName>
        </fk>
      </column>
      <column columnName="date">
        <datatype>timestamp</datatype>
        <columnTitle>Date</columnTitle>
        <propertyURI>http://cpas.labkey.com/Study#VisitDate</propertyURI>
        <conceptURI>http://cpas.labkey.com/Study#VisitDate</conceptURI>
        <nullable>false</nullable>
      </column>
      <column columnName="Type">
        <datatype>varchar</datatype>
        <columnTitle>Type</columnTitle>
      </column>
      <column columnName="Well">
        <datatype>varchar</datatype>
        <columnTitle>Well</columnTitle>
      </column>
      <column columnName="Antigen">
        <datatype>varchar</datatype>
        <columnTitle>Antigen</columnTitle>
      </column>
      <column columnName="Description">
        <datatype>varchar</datatype>
        <columnTitle>Description</columnTitle>
      </column>
      <column columnName="Specimen ID">
        <datatype>varchar</datatype>
        <columnTitle>Specimen ID</columnTitle>
      </column>
      <column columnName="Dilution">
        <datatype>double</datatype>
        <columnTitle>Dilution</columnTitle>
        <description>Dilution used.</description>
        <measure>false</measure>
      </column>
      <column columnName="IL-2-FI">
        <datatype>double</datatype>
        <columnTitle>IL-2-FI</columnTitle>
        <description>A field with IL-2-FI information.</description>
      </column>
      <column columnName="IL-2-FI-FIBackground">
        <datatype>double</datatype>
        <columnTitle>IL-2-FI-FIBackground</columnTitle>
      </column>
      <column columnName="IL-2-FI-StdDev">
        <datatype>double</datatype>
        <columnTitle>IL-2-FI-Std Dev</columnTitle>
        <description>Standard deviation for IL-2-FI.</description>
      </column>
      <column columnName="IL-2-FI-ObsConc">
        <datatype>double</datatype>
        <columnTitle>IL-2-FI-Obs Conc</columnTitle>
      </column>
      <column columnName="IL-2-FI-ConcInRange">
        <datatype>double</datatype>
        <columnTitle>IL-2-FI-Conc In Range</columnTitle>
        <description>Concentration in range for IL-2-FI.</description>
      </column>
      <column columnName="IL-10-FI">
        <datatype>double</datatype>
        <columnTitle>IL-10-FI</columnTitle>
      </column>
      <column columnName="IL-10-FI-FIBackground">
        <datatype>double</datatype>
        <columnTitle>IL-10-FI-FIBackground</columnTitle>
      </column>
      <column columnName="IL-10-FI-StdDev">
        <datatype>double</datatype>
        <columnTitle>IL-10-FI-Std Dev</columnTitle>
        <description>Standard deviation for IL-10-FI</description>
      </column>
      <column columnName="IL-10-FI-ObsConc">
        <datatype>double</datatype>
        <columnTitle>IL-10-FI-Obs Conc</columnTitle>
      </column>
      <column columnName="IL-10-FI-ConcInRange">
        <datatype>double</datatype>
        <columnTitle>IL-10-FI-Conc In Range</columnTitle>
      </column>
      <column columnName="TNF-alpha-FI">
        <datatype>double</datatype>
        <columnTitle>TNF-alpha-FI</columnTitle>
      </column>
      <column columnName="TNF-alpha-FI-FIBackground">
        <datatype>double</datatype>
        <columnTitle>TNF-alpha-FI-FIBackground</columnTitle>
        <description>Background for TNF-alpha-FI</description>
      </column>
      <column columnName="TNF-alpha-FI-StdDev">
        <datatype>double</datatype>
        <columnTitle>TNF-alpha-FI-Std Dev</columnTitle>
      </column>
      <column columnName="TNF-alpha-FI-ObsConc">
        <datatype>double</datatype>
        <columnTitle>TNF-alpha-FI-Obs Conc</columnTitle>
        <description>Concentration in range for TNF-alpha-FI</description>
      </column>
      <column columnName="TNF-alpha-FI-ConcInRange">
        <datatype>double</datatype>
        <columnTitle>TNF-alpha-FI-Conc In Range</columnTitle>
      </column>
      <column columnName="StudyName">
        <datatype>varchar</datatype>
        <columnTitle>Study Name</columnTitle>
      </column>
      <column columnName="Lab">
        <datatype>varchar</datatype>
        <columnTitle>Lab</columnTitle>
        <fk>
          <fkDbSchema>study</fkDbSchema>
          <fkTable>StudyDesignLabs</fkTable>
          <fkColumnName>Name</fkColumnName>
        </fk>
      </column>
      <column columnName="Assay">
        <datatype>varchar</datatype>
        <columnTitle>Assay</columnTitle>
        <fk>
          <fkDbSchema>study</fkDbSchema>
          <fkTable>StudyDesignAssays</fkTable>
          <fkColumnName>Name</fkColumnName>
        </fk>
      </column>
    </columns>
    <tableTitle>Luminex</tableTitle>
  </table>
  <table tableName="Demographics" tableDbType="TABLE">
    <description>Contains up to one row of Demographics data for each Participant combination.</description>
    <columns>
      <column columnName="ParticipantId">
        <datatype>varchar</datatype>
        <columnTitle>Participant ID</columnTitle>
        <description>Subject identifier</description>
        <propertyURI>http://cpas.labkey.com/Study#ParticipantId</propertyURI>
        <nullable>false</nullable>
        <importAliases>
          <importAlias>ptid</importAlias>
        </importAliases>
        <fk>
          <fkDbSchema>study</fkDbSchema>
          <fkTable>Participant</fkTable>
          <fkColumnName>ParticipantId</fkColumnName>
        </fk>
      </column>
      <column columnName="date">
        <datatype>timestamp</datatype>
        <columnTitle>Date</columnTitle>
        <propertyURI>http://cpas.labkey.com/Study#VisitDate</propertyURI>
        <conceptURI>http://cpas.labkey.com/Study#VisitDate</conceptURI>
        <nullable>false</nullable>
      </column>
      <column columnName="Status">
        <datatype>varchar</datatype>
        <columnTitle>Status</columnTitle>
      </column>
      <column columnName="Country">
        <datatype>varchar</datatype>
        <columnTitle>Country</columnTitle>
      </column>
      <column columnName="Height">
        <datatype>integer</datatype>
        <columnTitle>Height</columnTitle>
      </column>
      <column columnName="StartDate">
        <datatype>timestamp</datatype>
        <columnTitle>Start Date</columnTitle>
      </column>
      <column columnName="Gender">
        <datatype>varchar</datatype>
        <columnTitle>Gender</columnTitle>
      </column>
      <column columnName="Group">
        <datatype>varchar</datatype>
        <columnTitle>Group</columnTitle>
      </column>
      <column columnName="Comments">
        <datatype>varchar</datatype>
        <columnTitle>Comments</columnTitle>
      </column>
      <column columnName="StudyName">
        <datatype>varchar</datatype>
        <columnTitle>Study Name</columnTitle>
      </column>
      <column columnName="Ethnicity">
        <datatype>varchar</datatype>
        <columnTitle>Ethnicity</columnTitle>
      </column>
      <column columnName="DOB">
        <datatype>timestamp</datatype>
        <columnTitle>DOB</columnTitle>
      </column>
      <column columnName="EstimatedInfectionDate">
        <datatype>timestamp</datatype>
        <columnTitle>EstimatedInfectionDate</columnTitle>
      </column>
      <column columnName="InitialVaccinationDate">
        <datatype>timestamp</datatype>
        <columnTitle>InitialVaccinationDate</columnTitle>
      </column>
    </columns>
    <tableTitle>Demographics</tableTitle>
  </table>
  <table tableName="Lab Results" tableDbType="TABLE">
    <description>Contains up to one row of Lab Results data for each Participant/visit combination.</description>
    <columns>
      <column columnName="ParticipantId">
        <datatype>varchar</datatype>
        <columnTitle>Participant ID</columnTitle>
        <description>Subject identifier</description>
        <propertyURI>http://cpas.labkey.com/Study#ParticipantId</propertyURI>
        <nullable>false</nullable>
        <importAliases>
          <importAlias>ptid</importAlias>
        </importAliases>
        <fk>
          <fkDbSchema>study</fkDbSchema>
          <fkTable>Participant</fkTable>
          <fkColumnName>ParticipantId</fkColumnName>
        </fk>
      </column>
      <column columnName="date">
        <datatype>timestamp</datatype>
        <columnTitle>Date</columnTitle>
        <propertyURI>http://cpas.labkey.com/Study#VisitDate</propertyURI>
        <conceptURI>http://cpas.labkey.com/Study#VisitDate</conceptURI>
        <nullable>false</nullable>
      </column>
      <column columnName="cohort">
        <datatype>varchar</datatype>
        <columnTitle>Cohort</columnTitle>
      </column>
      <column columnName="Lymphocytes">
        <datatype>integer</datatype>
        <columnTitle>Lymphocytes</columnTitle>
      </column>
      <column columnName="CD4">
        <datatype>integer</datatype>
        <columnTitle>CD4</columnTitle>
      </column>
      <column columnName="Hemoglobin">
        <datatype>double</datatype>
        <columnTitle>Hemoglobin</columnTitle>
      </column>
      <column columnName="StudyName">
        <datatype>varchar</datatype>
        <columnTitle>Study Name</columnTitle>
      </column>
      <column columnName="Lab">
        <datatype>varchar</datatype>
        <columnTitle>Lab</columnTitle>
        <fk>
          <fkDbSchema>study</fkDbSchema>
          <fkTable>StudyDesignLabs</fkTable>
          <fkColumnName>Name</fkColumnName>
        </fk>
      </column>
      <column columnName="Product">
        <datatype>integer</datatype>
        <columnTitle>Product</columnTitle>
        <fk>
          <fkDbSchema>study</fkDbSchema>
          <fkTable>Product</fkTable>
          <fkColumnName>RowId</fkColumnName>
        </fk>
      </column>
      <column columnName="Treatment">
        <datatype>integer</datatype>
        <columnTitle>Treatment</columnTitle>
        <fk>
          <fkDbSchema>study</fkDbSchema>
          <fkTable>Treatment</fkTable>
          <fkColumnName>RowId</fkColumnName>
        </fk>
      </column>
      <column columnName="TreatmentBy">
        <datatype>integer</datatype>
        <columnTitle>Treatment By</columnTitle>
        <fk>
          <fkDbSchema>study</fkDbSchema>
          <fkTable>Personnel</fkTable>
          <fkColumnName>RowId</fkColumnName>
        </fk>
      </column>
    </columns>
    <tableTitle>Lab Results</tableTitle>
  </table>
  <table tableName="Arms" tableDbType="TABLE">
    <description>Contains up to one row of Arms data for each Participant combination.</description>
    <columns>
      <column columnName="ParticipantId">
        <datatype>varchar</datatype>
        <columnTitle>Participant ID</columnTitle>
        <description>Subject identifier</description>
        <propertyURI>http://cpas.labkey.com/Study#ParticipantId</propertyURI>
        <nullable>false</nullable>
        <importAliases>
          <importAlias>ptid</importAlias>
        </importAliases>
        <fk>
          <fkDbSchema>study</fkDbSchema>
          <fkTable>Participant</fkTable>
          <fkColumnName>ParticipantId</fkColumnName>
        </fk>
      </column>
      <column columnName="date">
        <datatype>timestamp</datatype>
        <columnTitle>Date</columnTitle>
        <propertyURI>http://cpas.labkey.com/Study#VisitDate</propertyURI>
        <conceptURI>http://cpas.labkey.com/Study#VisitDate</conceptURI>
        <nullable>false</nullable>
      </column>
      <column columnName="ArmId">
        <datatype>varchar</datatype>
        <columnTitle>ArmId</columnTitle>
      </column>
      <column columnName="Treatment">
        <datatype>integer</datatype>
        <columnTitle>Treatment</columnTitle>
        <fk>
          <fkDbSchema>study</fkDbSchema>
          <fkTable>Treatment</fkTable>
          <fkColumnName>RowId</fkColumnName>
        </fk>
      </column>
    </columns>
    <tableTitle>Arms</tableTitle>
  </table>
</tables>