<?xml version="1.0" encoding="UTF-8"?>
<datasets metaDataFile="datasets_metadata.xml" xmlns="http://labkey.org/study/xml">
  <datasets>
    <dataset name="Luminex" id="5002" type="Standard">
      <tags/>
    </dataset>
    <dataset name="Demographics" id="5003" demographicData="true" type="Standard">
      <tags/>
    </dataset>
    <dataset name="Lab Results" id="5006" type="Standard">
      <tags/>
    </dataset>
    <dataset name="Arms" id="5007" demographicData="true" type="Standard">
      <tags/>
    </dataset>
  </datasets>
</datasets>