<?xml version="1.0" encoding="UTF-8"?>
<!--Exported from Trunk (PG) at http://localhost:8080/labkey/project/RaphaelRendererTestProject/Visit%20Based%20Study/begin.view by alanv on Fri Dec 27 16:13:04 PST 2013-->
<folder archiveVersion="13.31" label="Visit Based Study" type="normal" title="Visit Based Study" xmlns="http://labkey.org/folder/xml">
  <folderType name="Study">
    <defaultModule>Core</defaultModule>
    <modules>
      <moduleName>Experiment</moduleName>
      <moduleName>Query</moduleName>
      <moduleName>FileContent</moduleName>
      <moduleName>Core</moduleName>
      <moduleName>Wiki</moduleName>
      <moduleName>Pipeline</moduleName>
      <moduleName>Study</moduleName>
      <moduleName>Announcements</moduleName>
      <moduleName>Issues</moduleName>
    </modules>
  </folderType>
  <searchable>true</searchable>
  <pages file="pages.xml"/>
  <reports dir="reports"/>
  <wikis dir="wikis"/>
  <notifications>
    <messagesDefault id="2" label="My conversations"/>
    <filesDefault id="512" label="No Email"/>
  </notifications>
  <missingValueIndicators>
    <ns:missingValueIndicator indicator="Q" label="Data currently under quality control review." xmlns:ns="http://labkey.org/study/xml"/>
    <ns:missingValueIndicator indicator="N" label="Required field marked by site as 'data not available'." xmlns:ns="http://labkey.org/study/xml"/>
  </missingValueIndicators>
  <study dir="study"/>
</folder>