<?xml version="1.0" encoding="UTF-8"?>
<!--Exported from LabKey Server at http://localhost:8080/labkey/project/StudyVerifyProject/My%20Study/begin.view by elvan on Fri Feb 08 12:31:20 PST 2013-->
<study archiveVersion="12.35" label="Study 001" timepointType="VISIT" subjectNounSingular="Mouse" subjectNounPlural="Mice" subjectColumnName="MouseId" investigator="" grant="" alternateIdPrefix="" alternateIdDigits="6" defaultTimepointDuration="1" startDate="2009-08-17-07:00" securityType="BASIC_READ" xmlns="http://labkey.org/study/xml">
  <cohorts type="AUTOMATIC" mode="SIMPLE" datasetId="125" datasetProperty="EVCgroup" file="cohorts.xml"/>
  <datasets dir="datasets" file="datasets_manifest.xml">
    <definition file="Study001.dataset"/>
  </datasets>
  <comments/>
  <qcStates showPrivateDataByDefault="true"/>
  <specimens dir="specimens" settings="specimen_settings.xml" file="Study001.specimens"/>
  <visits file="visit_map.xml"/>
  <participantAliasDataset datasetId="5002" aliasProperty="Alt ID" sourceProperty="Source"/>
  <studyDescription rendererType="TEXT_WITH_LINKS">
    <description xsi:nil="true" xmlns:xsi="http://www.w3.org/2001/XMLSchema-instance"/>
  </studyDescription>
</study>