<?xml version="1.0" encoding="UTF-8"?>
<!--Exported from Release-21-3-Sanity-A at https://release-21-3-sanity-a.lkpoc.labkey.com/AltIdStudy/project-begin.view by danield on Tue Mar 30 15:19:22 PDT 2021-->
<study archiveVersion="21.001" label="Study 001" timepointType="VISIT" subjectNounSingular="Mouse" subjectNounPlural="Mice" subjectColumnName="MouseId" investigator="" grant="" species="" alternateIdPrefix="" alternateIdDigits="6" defaultTimepointDuration="1" startDate="2009-08-17-07:00" securityType="BASIC_READ" xmlns="http://labkey.org/study/xml" xmlns:xsi="http://www.w3.org/2001/XMLSchema-instance">
  <assaySchedule dir="assaySchedule"/>
  <cohorts type="AUTOMATIC" mode="SIMPLE" datasetId="125" datasetProperty="EVCgroup" file="cohorts.xml"/>
  <datasets dir="datasets" file="datasets_manifest.xml">
    <definition file="Study.dataset"/>
  </datasets>
  <comments/>
  <treatmentData dir="treatmentData"/>
  <visits file="visit_map.xml"/>
  <studyViews dir="views" settings="settings.xml"/>
  <participantAliasDataset datasetId="5002" aliasProperty="Alt ID" sourceProperty="Source"/>
  <studyDescription rendererType="TEXT_WITH_LINKS">
    <description xsi:nil="true"/>
  </studyDescription>
  <properties dir="properties"/>
</study>