Sample	Keyword	Value
931115-B07- Sample 01.fcs	$BEGINDATA	"         768I"
931115-B07- Sample 01.fcs	$BYTEORD	4,3,2,1
931115-B07- Sample 01.fcs	$CYT	FACSasp
931115-B07- Sample 01.fcs	$Cells	ID 1001
931115-B07- Sample 01.fcs	$DATATYPE	I
931115-B07- Sample 01.fcs	$DATE	15-NOV-1993
931115-B07- Sample 01.fcs	$ENDDATA	"      100767"
931115-B07- Sample 01.fcs	$EXP	NAC_TRIAL, Wunderlich
931115-B07- Sample 01.fcs	$FIL	931115-B07- Sample 01.fcs
931115-B07- Sample 01.fcs	$MODE	L
931115-B07- Sample 01.fcs	$NEXTDATA	0
931115-B07- Sample 01.fcs	$P1B	16
931115-B07- Sample 01.fcs	$P1E	0, 0
931115-B07- Sample 01.fcs	$P1G	2.5
931115-B07- Sample 01.fcs	$P1N	ForSc
931115-B07- Sample 01.fcs	$P1R	512
931115-B07- Sample 01.fcs	$P1S	" "
931115-B07- Sample 01.fcs	$P2B	16
931115-B07- Sample 01.fcs	$P2E	3.84, 0.2
931115-B07- Sample 01.fcs	$P2G	1
931115-B07- Sample 01.fcs	$P2N	OrthSc
931115-B07- Sample 01.fcs	$P2R	512
931115-B07- Sample 01.fcs	$P2S	" "
931115-B07- Sample 01.fcs	$P3B	16
931115-B07- Sample 01.fcs	$P3E	3.84, 0.2
931115-B07- Sample 01.fcs	$P3G	1
931115-B07- Sample 01.fcs	$P3N	Fluor
931115-B07- Sample 01.fcs	$P3R	512
931115-B07- Sample 01.fcs	$P3S	L-selectin
931115-B07- Sample 01.fcs	$P4B	16
931115-B07- Sample 01.fcs	$P4E	3.84, 0.2
931115-B07- Sample 01.fcs	$P4G	1
931115-B07- Sample 01.fcs	$P4N	PhyEry
931115-B07- Sample 01.fcs	$P4R	512
931115-B07- Sample 01.fcs	$P4S	CD45RA
931115-B07- Sample 01.fcs	$P5B	16
931115-B07- Sample 01.fcs	$P5E	3.84, 0.2
931115-B07- Sample 01.fcs	$P5G	1
931115-B07- Sample 01.fcs	$P5N	Cy5PE
931115-B07- Sample 01.fcs	$P5R	512
931115-B07- Sample 01.fcs	$P5S	CD4
931115-B07- Sample 01.fcs	$PAR	5
931115-B07- Sample 01.fcs	$PROJ	NCT 931115
931115-B07- Sample 01.fcs	$SYS	FlowJo 2.0
931115-B07- Sample 01.fcs	$TOT	10000
931115-B07- Sample 01.fcs	$tube	CD4 cells
931115-B07- Sample 01.fcs	CREATOR	LYSYS
931115-B07- Sample 01.fcs	FlowJoDemoID	23096230
931115-C07- Sample 02.fcs	$BEGINDATA	"         768I"
931115-C07- Sample 02.fcs	$BYTEORD	4,3,2,1
931115-C07- Sample 02.fcs	$CYT	FACSasp
931115-C07- Sample 02.fcs	$Cells	ID 1002
931115-C07- Sample 02.fcs	$DATATYPE	I
931115-C07- Sample 02.fcs	$DATE	15-NOV-1993
931115-C07- Sample 02.fcs	$ENDDATA	"      100767"
931115-C07- Sample 02.fcs	$EXP	NAC_TRIAL, Wunderlich
931115-C07- Sample 02.fcs	$FIL	931115-C07- Sample 02.fcs
931115-C07- Sample 02.fcs	$MODE	L
931115-C07- Sample 02.fcs	$NEXTDATA	0
931115-C07- Sample 02.fcs	$P1B	16
931115-C07- Sample 02.fcs	$P1E	0, 0
931115-C07- Sample 02.fcs	$P1G	2.5
931115-C07- Sample 02.fcs	$P1N	ForSc
931115-C07- Sample 02.fcs	$P1R	512
931115-C07- Sample 02.fcs	$P1S	" "
931115-C07- Sample 02.fcs	$P2B	16
931115-C07- Sample 02.fcs	$P2E	3.84, 0.2
931115-C07- Sample 02.fcs	$P2G	1
931115-C07- Sample 02.fcs	$P2N	OrthSc
931115-C07- Sample 02.fcs	$P2R	512
931115-C07- Sample 02.fcs	$P2S	" "
931115-C07- Sample 02.fcs	$P3B	16
931115-C07- Sample 02.fcs	$P3E	3.84, 0.2
931115-C07- Sample 02.fcs	$P3G	1
931115-C07- Sample 02.fcs	$P3N	Fluor
931115-C07- Sample 02.fcs	$P3R	512
931115-C07- Sample 02.fcs	$P3S	L-selectin
931115-C07- Sample 02.fcs	$P4B	16
931115-C07- Sample 02.fcs	$P4E	3.84, 0.2
931115-C07- Sample 02.fcs	$P4G	1
931115-C07- Sample 02.fcs	$P4N	PhyEry
931115-C07- Sample 02.fcs	$P4R	512
931115-C07- Sample 02.fcs	$P4S	CD45RA
931115-C07- Sample 02.fcs	$P5B	16
931115-C07- Sample 02.fcs	$P5E	3.84, 0.2
931115-C07- Sample 02.fcs	$P5G	1
931115-C07- Sample 02.fcs	$P5N	Cy5PE
931115-C07- Sample 02.fcs	$P5R	512
931115-C07- Sample 02.fcs	$P5S	CD4
931115-C07- Sample 02.fcs	$PAR	5
931115-C07- Sample 02.fcs	$PROJ	NCT 931115
931115-C07- Sample 02.fcs	$SYS	FlowJo 2.0
931115-C07- Sample 02.fcs	$TOT	10000
931115-C07- Sample 02.fcs	$tube	CD4 cells
931115-C07- Sample 02.fcs	CREATOR	LYSYS
931115-C07- Sample 02.fcs	FlowJoDemoID	09623096
931115-D07- Sample 03.fcs	$BEGINDATA	"         768I"
931115-D07- Sample 03.fcs	$BYTEORD	4,3,2,1
931115-D07- Sample 03.fcs	$CYT	FACSasp
931115-D07- Sample 03.fcs	$Cells	ID 1003
931115-D07- Sample 03.fcs	$DATATYPE	I
931115-D07- Sample 03.fcs	$DATE	15-NOV-1993
931115-D07- Sample 03.fcs	$ENDDATA	"      100767"
931115-D07- Sample 03.fcs	$EXP	NAC_TRIAL, Wunderlich
931115-D07- Sample 03.fcs	$FIL	931115-D07- Sample 03.fcs
931115-D07- Sample 03.fcs	$MODE	L
931115-D07- Sample 03.fcs	$NEXTDATA	0
931115-D07- Sample 03.fcs	$P1B	16
931115-D07- Sample 03.fcs	$P1E	0, 0
931115-D07- Sample 03.fcs	$P1G	2.5
931115-D07- Sample 03.fcs	$P1N	ForSc
931115-D07- Sample 03.fcs	$P1R	512
931115-D07- Sample 03.fcs	$P1S	" "
931115-D07- Sample 03.fcs	$P2B	16
931115-D07- Sample 03.fcs	$P2E	3.84, 0.2
931115-D07- Sample 03.fcs	$P2G	1
931115-D07- Sample 03.fcs	$P2N	OrthSc
931115-D07- Sample 03.fcs	$P2R	512
931115-D07- Sample 03.fcs	$P2S	" "
931115-D07- Sample 03.fcs	$P3B	16
931115-D07- Sample 03.fcs	$P3E	3.84, 0.2
931115-D07- Sample 03.fcs	$P3G	1
931115-D07- Sample 03.fcs	$P3N	Fluor
931115-D07- Sample 03.fcs	$P3R	512
931115-D07- Sample 03.fcs	$P3S	L-selectin
931115-D07- Sample 03.fcs	$P4B	16
931115-D07- Sample 03.fcs	$P4E	3.84, 0.2
931115-D07- Sample 03.fcs	$P4G	1
931115-D07- Sample 03.fcs	$P4N	PhyEry
931115-D07- Sample 03.fcs	$P4R	512
931115-D07- Sample 03.fcs	$P4S	CD45RA
931115-D07- Sample 03.fcs	$P5B	16
931115-D07- Sample 03.fcs	$P5E	3.84, 0.2
931115-D07- Sample 03.fcs	$P5G	1
931115-D07- Sample 03.fcs	$P5N	Cy5PE
931115-D07- Sample 03.fcs	$P5R	512
931115-D07- Sample 03.fcs	$P5S	CD4
931115-D07- Sample 03.fcs	$PAR	5
931115-D07- Sample 03.fcs	$PROJ	NCT 931115
931115-D07- Sample 03.fcs	$SYS	FlowJo 2.0
931115-D07- Sample 03.fcs	$TOT	10000
931115-D07- Sample 03.fcs	$tube	CD4 cells
931115-D07- Sample 03.fcs	CREATOR	LYSYS
931115-D07- Sample 03.fcs	FlowJoDemoID	23096230
931115-E07- Sample 04.fcs	$BEGINDATA	"         768I"
931115-E07- Sample 04.fcs	$BYTEORD	4,3,2,1
931115-E07- Sample 04.fcs	$CYT	FACSasp
931115-E07- Sample 04.fcs	$Cells	ID 1004
931115-E07- Sample 04.fcs	$DATATYPE	I
931115-E07- Sample 04.fcs	$DATE	15-NOV-1993
931115-E07- Sample 04.fcs	$ENDDATA	"      100767"
931115-E07- Sample 04.fcs	$EXP	NAC_TRIAL, Wunderlich
931115-E07- Sample 04.fcs	$FIL	931115-E07- Sample 04.fcs
931115-E07- Sample 04.fcs	$MODE	L
931115-E07- Sample 04.fcs	$NEXTDATA	0
931115-E07- Sample 04.fcs	$P1B	16
931115-E07- Sample 04.fcs	$P1E	0, 0
931115-E07- Sample 04.fcs	$P1G	2.5
931115-E07- Sample 04.fcs	$P1N	ForSc
931115-E07- Sample 04.fcs	$P1R	512
931115-E07- Sample 04.fcs	$P1S	" "
931115-E07- Sample 04.fcs	$P2B	16
931115-E07- Sample 04.fcs	$P2E	3.84, 0.2
931115-E07- Sample 04.fcs	$P2G	1
931115-E07- Sample 04.fcs	$P2N	OrthSc
931115-E07- Sample 04.fcs	$P2R	512
931115-E07- Sample 04.fcs	$P2S	" "
931115-E07- Sample 04.fcs	$P3B	16
931115-E07- Sample 04.fcs	$P3E	3.84, 0.2
931115-E07- Sample 04.fcs	$P3G	1
931115-E07- Sample 04.fcs	$P3N	Fluor
931115-E07- Sample 04.fcs	$P3R	512
931115-E07- Sample 04.fcs	$P3S	L-selectin
931115-E07- Sample 04.fcs	$P4B	16
931115-E07- Sample 04.fcs	$P4E	3.84, 0.2
931115-E07- Sample 04.fcs	$P4G	1
931115-E07- Sample 04.fcs	$P4N	PhyEry
931115-E07- Sample 04.fcs	$P4R	512
931115-E07- Sample 04.fcs	$P4S	CD45RA
931115-E07- Sample 04.fcs	$P5B	16
931115-E07- Sample 04.fcs	$P5E	3.84, 0.2
931115-E07- Sample 04.fcs	$P5G	1
931115-E07- Sample 04.fcs	$P5N	Cy5PE
931115-E07- Sample 04.fcs	$P5R	512
931115-E07- Sample 04.fcs	$P5S	CD4
931115-E07- Sample 04.fcs	$PAR	5
931115-E07- Sample 04.fcs	$PROJ	NCT 931115
931115-E07- Sample 04.fcs	$SYS	FlowJo 2.0
931115-E07- Sample 04.fcs	$TOT	10000
931115-E07- Sample 04.fcs	$tube	CD4 cells
931115-E07- Sample 04.fcs	CREATOR	LYSYS
931115-E07- Sample 04.fcs	FlowJoDemoID	09623096
