Sample	Population	Count	Freq_Of_Parent
931115-B07- Sample 01.fcs		10000.0	
931115-B07- Sample 01.fcs	Lymphocytes	7465.0	74.65
931115-B07- Sample 01.fcs	Lymphocytes/CD4 T	1444.0	19.343603482920294
931115-B07- Sample 01.fcs	Lymphocytes/CD4 T/M1	262.0	18.144044321329638
931115-B07- Sample 01.fcs	Lymphocytes/CD4 T/M2	375.0	25.96952908587258
931115-B07- Sample 01.fcs	Lymphocytes/CD4 T/M3	106.0	7.340720221606649
931115-B07- Sample 01.fcs	Lymphocytes/CD4 T/Naive	654.0	45.29085872576177
931115-C07- Sample 02.fcs		10000.0	
931115-C07- Sample 02.fcs	Lymphocytes	7714.0	77.14
931115-C07- Sample 02.fcs	Lymphocytes/CD4 T	1522.0	19.730360383717915
931115-C07- Sample 02.fcs	Lymphocytes/CD4 T/M1	180.0	11.826544021024969
931115-C07- Sample 02.fcs	Lymphocytes/CD4 T/M2	369.0	24.244415243101184
931115-C07- Sample 02.fcs	Lymphocytes/CD4 T/M3	65.0	4.270696452036794
931115-C07- Sample 02.fcs	Lymphocytes/CD4 T/Naive	859.0	56.43889618922471
931115-D07- Sample 03.fcs		10000.0	
931115-D07- Sample 03.fcs	Lymphocytes	6382.0	63.82
931115-D07- Sample 03.fcs	Lymphocytes/CD4 T	2119.0	33.202757756189285
931115-D07- Sample 03.fcs	Lymphocytes/CD4 T/M1	353.0	16.658801321378007
931115-D07- Sample 03.fcs	Lymphocytes/CD4 T/M2	857.0	40.44360547428032
931115-D07- Sample 03.fcs	Lymphocytes/CD4 T/M3	106.0	5.002359603586597
931115-D07- Sample 03.fcs	Lymphocytes/CD4 T/Naive	741.0	34.96932515337423
931115-E07- Sample 04.fcs		10000.0	
931115-E07- Sample 04.fcs	Lymphocytes	6945.0	69.45
931115-E07- Sample 04.fcs	Lymphocytes/CD4 T	2974.0	42.82217422606192
931115-E07- Sample 04.fcs	Lymphocytes/CD4 T/M1	402.0	13.517148621385338
931115-E07- Sample 04.fcs	Lymphocytes/CD4 T/M2	953.0	32.044384667115
931115-E07- Sample 04.fcs	Lymphocytes/CD4 T/M3	70.0	2.3537323470073974
931115-E07- Sample 04.fcs	Lymphocytes/CD4 T/Naive	1503.0	50.537995965030255
