SequenceNum	date	QCStateLabel	RCTdt	RCTassdn	RCTtempc	RCTtemqc	RCTrdelt	RCTrles	RCTreryx	RCTreryy	RCTrerqc	RCTrindx	RCTrindy	RCTrinqc	RCTldelt	RCTlles	RCTleryx	RCTleryy	RCTlerqc	RCTlindx	RCTlindy	RCTlinqc	RCTlnanp	RCTlnaqc	RCTmf	RCTmfqc	RCTmyal	RCTmyaqc	RCThead	RCTheaqc	RCTnaus	RCTnauqc	RCTvom	RCTvomqc	RCTchill	RCTchiqc	RCTarth	RCTartqc	RCTlpr	RCTlprqc	RCTtr	RCTtrqc	RCTlpl	RCTlplqc	RCTtl	RCTtlqc	RCTany72	RCTcomx	formlang	sfdt_190	MouseId
201.0000			2006-02-14 00:00:00.0	Yes	37.0		Yes	No							No	0							not required		None		None		None		None		None		None		None		None		Moderate		None		None		Yes		English	0	213866
1301.0000			2006-08-14 00:00:00.0	Yes	37.0		Yes	No							No	0							not required		None		None		None		None		None		None		None		None		Moderate		None		None		Yes		English	0	213866
201.0000			2006-02-04 00:00:00.0	Yes	36.7		Yes	No							No	0							not required		None		None		None		None		None		None		None		None		None		Mild		Mild		0		English	0	229925
601.0000			2006-03-09 00:00:00.0	Yes	37.0		Yes	No							No	0							not required		None		None		None		None		None		None		None		None		None		None		None		0		English	0	229925
201.0000			2006-01-18 00:00:00.0	Yes	36.6		Yes	No							No	0							not present		None		None		None		None		None		None		None		None		None		None		None		0		English	0	332043
601.0000			2006-02-18 00:00:00.0	Yes	37.0		No	0							Yes	No							not present		None		None		Severe		None		None		None		None		None		None		None		None		Yes		English	0	332043
1301.0000			2006-09-04 00:00:00.0	Yes	37.1		Yes	No							No	0							not required		None		None		None		None		None		None		None		None		Moderate		None		None		Yes		English	0	333077
601.0000			2006-04-17 00:00:00.0	Yes	37.1		No	0							Yes	No							not required		None		None		None		None		None		None		None		None		None		None		None		No		English	0	341432
201.0000			2005-02-04 00:00:00.0	Yes			0	0							0	0							0		0		0		0		0		0		0		0		0		0		Mild	0		0				0	439789
601.0000			2006-03-14 00:00:00.0	Yes	37.0		No	0							Yes	Yes				27.1	27.2		not required		None		None		None		None		None		None		None		None		None		None		None		Yes		English	0	530577
201.0000			2006-02-13 00:00:00.0	Yes	39.9		No	0							Yes	Yes	12.2	12.1		0.0	0.0		not required		None		None		None		None		None		None		None		None		None		None		None		Yes		English	0	560370
1301.0000			2006-08-08 00:00:00.0	Yes	37.1		Yes	No							No	0							not required		None		None		None		None		None		None		None		Moderate		None		None		None		Yes		English	0	583783
201.0000			2006-03-04 00:00:00.0	Yes	37.1		No	0							Yes	No							not required		None		None		None		None		None		None		None		None		None		Moderate		None		Yes		English	0	659146
601.0000			2006-04-04 00:00:00.0	Yes	37.0		Yes	No							No	0							not required		None		None		None		None		None		None		None		Moderate		None		None		None		Yes		English	0	659146
201.0000			2006-01-29 00:00:00.0	Yes	37.5		No	0							Yes	No							not required		None		None		None		Mild		Mild		Mild		None		None		None		Mild		Mild		0		English	0	741839
201.0000				0			0	0							0	0							0		0		0		0		0		0		0		0		0		0		Mild	0		0				0	742180
601.0000				0			0	0							0	0							0		0		0		0		0		0		0		0		0		0		Mild	0		0				0	742180
1301.0000				0			0	0							0	0							0		0		0		0		0		0		0		0		0		0		Mild	0		0				0	742180
201.0000			2006-02-06 00:00:00.0	Yes	37.1		No	0							Yes	No							not required		None		Moderate		None		None		None		None		None		None		None		None		None		Yes		English	0	870101
1301.0000			2006-08-04 00:00:00.0	Yes	37.1		No	0							Yes	No							not required		None		None		None		None		None		None		None		None		None		Moderate		None		Yes		English	0	870101
201.0000			2006-03-13 00:00:00.0	Yes	37.0		Yes	No							No	0							not required		None		None		None		None		None		None		None		None		None		None		None		No		English	0	929176
201.0000			2006-02-04 00:00:00.0	Yes	37.1		No	0							Yes	Yes	10.1	12.2		0.0	0.0		not required		None		None		None		None		None		None		None		None		None		None		None		Yes		English	1	944315
201.0000			2006-03-16 00:00:00.0	Yes	37.1		Yes	No							No	0							not required		None		None		None		None		None		None		None		None		None		None		None		No		English	0	976589
