SequenceNum	date	QCStateLabel	EVCdt	EVCgroup	EVCloc	EVCtm	EVCadm	formlang	sfdt_125	MouseId
201.0000			2006-02-11 00:00:00.0	Group 2	right deltoid	13:00:00	0	English	0	213866
201.0000			2006-02-08 00:00:00.0	Group 2	left deltoid	13:00:00	0	English	0	220644
201.0000			2006-02-01 00:00:00.0	Group 2	right deltoid	08:00:00	1	English	0	229925
201.0000			2006-03-13 00:00:00.0	Group 1	left deltoid	13:00:00	0	English	0	300310
201.0000			2006-01-15 00:00:00.0	Group 2	right deltoid	09:01:00	1	English	0	332043
201.0000			2006-03-01 00:00:00.0	Group 2	right deltoid	13:00:00	0	English	0	333077
201.0000			2006-03-14 00:00:00.0	Group 2	left deltoid	13:00:00	0	English	0	341432
201.0000			2005-02-01 00:00:00.0	Group 1	right deltoid	08:00:00	1	English	1	439789
201.0000			2006-02-07 00:00:00.0	Group 2	left deltoid	13:00:00	0	English	0	441295
201.0000			2006-02-05 00:00:00.0	Group 1	left deltoid	13:00:00	0	English	0	512868
201.0000			2006-03-11 00:00:00.0	Group 2	left deltoid	13:00:00	0	English	0	530577
201.0000			2006-02-13 00:00:00.0	Group 1	right deltoid	13:00:00	0	English	0	560055
201.0000			2006-02-10 00:00:00.0	Group 2	left deltoid	13:00:00	0	English	0	560370
201.0000			2006-02-04 00:00:00.0	Group 2	right deltoid	12:00:00	0	English	0	583783
201.0000			2006-03-01 00:00:00.0	Group 2	left deltoid	13:00:00	0	English	0	659146
201.0000			2006-02-02 00:00:00.0	Group 2	right deltoid	14:00:00	1	English	0	662416
201.0000			2006-02-06 00:00:00.0	Group 1	right deltoid	13:00:00	0	English	0	717634
201.0000			2006-01-26 00:00:00.0	Group 1	left deltoid	09:30:00	1	English	0	741839
201.0000			2005-01-01 00:00:00.0	Group 2	0		0		0	742180
201.0000			2006-03-15 00:00:00.0	Group 1	left deltoid	13:00:00	0	English	0	776875
201.0000			2006-02-09 00:00:00.0	Group 2	left deltoid	14:00:00	0	English	0	785216
201.0000			2006-02-03 00:00:00.0	Group 1	left deltoid	14:00:00	0	English	0	870101
201.0000			2006-03-10 00:00:00.0	Group 2	right deltoid	13:00:00	0	English	0	929176
201.0000			2006-02-01 00:00:00.0	Group 1	left deltoid	13:00:00	1	English	1	944315
201.0000			2006-03-13 00:00:00.0	Group 1	right deltoid	13:00:00	0	English	0	976589
