SequenceNum	date	QCStateLabel	RCEdt	RCEassdn	RCEtempc	RCEtemqc	RCErdelt	RCErles	RCEreryx	RCEreryy	RCErerqc	RCErindx	RCErindy	RCErinqc	RCEldelt	RCElles	RCEleryx	RCEleryy	RCElerqc	RCElindx	RCElindy	RCElinqc	RCElnanp	RCElnaqc	RCEmfqc	RCEmf	RCEmyal	RCEmyaqc	RCEhead	RCEheaqc	RCEnaus	RCEnauqc	RCEvom	RCEvomqc	RCEchill	RCEchiqc	RCEarth	RCEartqc	RCElpr	RCElprqc	RCEtr	RCEtrqc	RCElpl	RCElplqc	RCEtl	RCEtlqc	RCEcomx	formlang	sfdt_184	MouseId
201.0000			2006-02-11 00:00:00.0	Yes	37.0		Yes	No							No	0							not required			None	None		None		None		None		None		None		None		None		None		None			English	0	213866
1301.0000			2006-08-11 00:00:00.0	Yes	37.0		Yes	No							No	0							not required			None	None		None		None		None		None		None		None		None		None		None			English	0	213866
201.0000			2006-02-01 00:00:00.0	Yes	36.9		Yes	No							No	0							not assessed			Mild	None		Mild		Mild		None		None		None		Mild		Mild		None		None			English	0	229925
601.0000			2006-03-01 00:00:00.0	Yes	37.0		Yes	No							No	0							not required			Mild	None		Mild		Mild		None		None		None		None		None		None		None			English	0	229925
201.0000			2006-01-15 00:00:00.0	Yes	36.8		Yes	No							No	0							not present			None	None		None		None		None		None		None		None		None		None		None			English	0	332043
601.0000			2006-02-15 00:00:00.0	Yes	36.2		No	0							Yes	No							not present			None	None		None		None		None		None		None		None		None		None		None			English	0	332043
1301.0000			2006-09-01 00:00:00.0	Yes	37.1		Yes	No							No	0							not required			None	None		None		None		None		None		None		None		Severe		None		None			English	0	333077
601.0000			2006-04-14 00:00:00.0	Yes	37.1		No	0							Yes	No							not required			None	None		None		None		Severe		None		None		None		None		None		None			English	0	341432
201.0000			2005-02-01 00:00:00.0	Yes			0	0							0	0							0			0	0		0		0		0		0		0		0		0		0		0				0	439789
601.0000			2006-03-11 00:00:00.0	Yes	37.0		No	0							Yes	No							not required			None	None		None		None		None		None		None		None		None		None		None			English	0	530577
201.0000			2006-02-10 00:00:00.0	Yes	37.0		No	0							Yes	No							not required			None	None		None		None		None		None		None		None		None		None		None			English	0	560370
1301.0000			2006-08-05 00:00:00.0	Yes	37.0		Yes	No							No	0							not required			None	None		None		None		None		None		None		None		None		None		None			English	0	583783
201.0000			2006-03-01 00:00:00.0	Yes	37.0		No	0							Yes	No							not required			None	None		None		None		None		None		None		None		None		None		None			English	0	659146
601.0000			2006-04-01 00:00:00.0	Yes	37.0		Yes	No							No	0							not required			None	None		None		None		None		None		None		None		None		None		None			English	0	659146
201.0000			2006-01-26 00:00:00.0	Yes	37.2		No	0							Yes	No							not present			None	Mild		None		Mild		None		Mild		None		Mild		None		Mild		None			English	0	741839
201.0000			2006-02-03 00:00:00.0	Yes	37.1		No	0							Yes	No							not present			None	None		None		None		None		None		None		None		None		None		None			English	0	870101
1301.0000			2006-08-01 00:00:00.0	Yes	37.1		No	0							Yes	No							not required			None	None		None		None		None		None		None		None		None		None		None			English	0	870101
201.0000			2006-03-10 00:00:00.0	Yes	37.0		Yes	No							No	0							not required			None	None		None		None		None		None		None		None		None		None		None			English	0	929176
201.0000			2006-02-01 00:00:00.0	Yes	37.1		No	0							Yes	Yes	10.1	12.2		0	0		not present			None	None		None		None		None		None		None		None		None		None		None			English	1	944315
201.0000			2006-03-13 00:00:00.0	Yes	37.1		Yes	No							No	0							not required			None	None		None		None		Severe		None		None		None		None		None		None			English	0	976589
