SequenceNum	date	QCStateLabel	RCBdt	RCBassdn	RCBextm	RCBtempc	RCBtemqc	RCBrdelt	RCBrles	RCBreryx	RCBreryy	RCBrerqc	RCBrindx	RCBrindy	RCBrinqc	RCBldelt	RCBlles	RCBleryx	RCBleryy	RCBlerqc	RCBlindx	RCBlindy	RCBlinqc	RCBlnanp	RCBlnaqc	RCBmf	RCBmfqc	RCBmyal	RCBmyaqc	RCBhead	RCBheaqc	RCBnaus	RCBnauqc	RCBvom	RCBvomqc	RCBchill	RCBchiqc	RCBarth	RCBartqc	RCBlpr	RCBlprqc	RCBtr	RCBtrqc	RCBlpl	RCBlplqc	RCBtl	RCBtlqc	RCBcomx	formlang	sfdt_180	MouseId
201.0000			2006-02-11 00:00:00.0	Yes	12:30:00	37.0		Yes	No							No	0							not present		None		None		None		None		None		None		None		None		None		None		None			English	0	213866
1301.0000			2006-08-11 00:00:00.0	Yes	12:30:00	37.0		Yes	No							No	0							not present		None		None		None		None		None		None		None		None		None		None		None			English	0	213866
201.0000			2006-02-01 00:00:00.0	Yes	07:30:00	36.8		No	0							No	No							not present		None		None		Mild		None		None		None		None		None		None		None		None			English	0	229925
601.0000			2006-02-14 00:00:00.0	Yes	08:30:00	37.0		No	0							No	0							not assessed		None		None		None		None		None		None		None		None		None		None		None			English	0	229925
201.0000			2006-01-15 00:00:00.0	Yes		36.6		Yes	No							No	0							not present		None		None		None		None		None		None		None		None		None		None		None			English	0	332043
601.0000			2006-02-15 00:00:00.0	Yes		36.5		No	0							Yes	Yes	5.0	5.0		5.0	5.0		not present		None		None		None		None		None		None		None		None		None		None		None		RCB test	English	0	332043
1301.0000			2006-09-01 00:00:00.0	Yes	12:30:00	37.1		Yes	No							No	0							not present		None		None		None		None		None		None		None		None		None		None		None			English	0	333077
601.0000			2006-04-14 00:00:00.0	Yes	12:30:00	37.1		No	0							Yes	No							not present		None		None		None		None		None		None		None		None		None		None		None			English	0	341432
201.0000			2005-02-01 00:00:00.0	Yes				0	0							0	0							0		0		0		0		0		0		0		0		0		0		0		0				0	439789
601.0000			2006-03-11 00:00:00.0	Yes	12:30:00	37.0		No	0							Yes	No							not present		None		None		None		None		None		None		None		None		None		None		None			English	0	530577
201.0000			2006-02-10 00:00:00.0	Yes	12:30:00	37.0		No	0							Yes	No							not present		None		None		None		None		None		None		None		None		None		None		None			English	0	560370
1301.0000			2006-08-05 00:00:00.0	Yes	11:30:00	37.0		Yes	No							No	0							not present		None		None		None		None		None		None		None		None		None		None		None			English	0	583783
201.0000			2006-03-01 00:00:00.0	Yes	12:30:00	37.1		No	0							Yes	No							not present		None		None		None		None		None		None		None		None		None		None		None			English	0	659146
601.0000			2006-04-01 00:00:00.0	Yes	12:15:00	37.0		Yes	No							No	0							not present		None		None		None		None		None		None		None		None		None		None		None			English	0	659146
201.0000			2006-01-26 00:00:00.0	Yes	08:30:00	37.0		No	0							No	0							not present		None		Mild		None		Mild		None		Mild		None		Mild		None		Mild		None			English	0	741839
201.0000			2006-02-03 00:00:00.0	Yes	13:30:00	37.1		No	0							Yes	No							not present		None		None		None		None		None		None		None		None		None		None		None			English	0	870101
1301.0000			2006-08-01 00:00:00.0	Yes	14:30:00	37.1		No	0							Yes	No							not present		None		None		None		None		None		None		None		None		None		None		None			English	0	870101
201.0000			2006-03-10 00:00:00.0	Yes	12:30:00	37.0		Yes	No							No	0							not present		None		None		None		None		None		None		None		None		None		None		None			English	0	929176
201.0000			2006-02-01 00:00:00.0	Yes	12:30:00	37.1		No	0							Yes	No							not present		None		None		None		None		None		None		None		None		None		None		None			English	1	944315
201.0000			2006-03-13 00:00:00.0	Yes	12:30:00	37.0		Yes	No							No	0							not present		None		None		None		None		None		None		None		None		None		None		None			English	0	976589
