MouseId	SequenceNum	date	QCStateLabel	RCFdt	RCFassdn	RCFtempc	RCFtemqc	RCFrdelt	RCFrles	RCFreryx	RCFreryy	RCFrerqc	RCFrindx	RCFrindy	RCFrinqc	RCFldelt	RCFlles	RCFleryx	RCFleryy	RCFlerqc	RCFlindx	RCFlindy	RCFlinqc	RCFlnanp	RCFlnaqc	RCFmf	RCFmfqc	RCFmyal	RCFmyaqc	RCFhead	RCFheaqc	RCFnaus	RCFnauqc	RCFvom	RCFvomqc	RCFchill	RCFchiqc	RCFarth	RCFartqc	RCFlpr	RCFlprqc	RCFtr	RCFtrqc	RCFlpl	RCFlplqc	RCFtl	RCFtlqc	RCFcomx	formlang	sfdt_188
999320016	201.0			2005-02-03 00:00:00.0	Yes			0	0							0	0							0		0		0		0		0		0		0		0		0		0		0		0				0
999320518	201.0			2006-03-03 00:00:00.0	Yes	37.1		No	0							Yes	No							not required		None		None		None		None		None		None		None		None		None		Severe		None			English	0
999320518	601.0			2006-04-03 00:00:00.0	Yes	37.0		Yes	No							No	0							not required		None		None		None		None		None		None		None		Severe		None		None		None			English	0
999320529	1301.0			2006-09-03 00:00:00.0	Yes	37.1		Yes	No							No	0							not required		None		None		None		None		None		None		None		None		Severe		None		None			English	0
999320557	601.0			2006-04-16 00:00:00.0	Yes	39.9		No	0							Yes	No							not required		None		None		None		None		None		None		None		None		None		None		None			English	0
999320565	201.0			2006-03-15 00:00:00.0	Yes	39.9		Yes	No							No	0							not required		None		None		None		None		None		None		None		None		None		None		None			English	0
999320576	601.0			2006-03-13 00:00:00.0	Yes	37.0		No	0							Yes	Yes				25.1	25.0		not required		None		None		None		None		None		None		None		None		None		None		None			English	0
999320582	201.0			2006-03-12 00:00:00.0	Yes	37.0		Yes	No							No	0							not required		None		None		None		None		None		None		None		None		None		None		None			English	0
999320609	201.0			2006-02-13 00:00:00.0	Yes	37.0		Yes	No							No	0							not required		None		None		None		None		None		None		None		None		Severe		None		None			English	0
999320609	1301.0			2006-08-13 00:00:00.0	Yes	37.0		Yes	No							No	0							not required		None		None		None		None		None		None		None		None		Severe		None		None			English	0
999320613	201.0			2006-02-12 00:00:00.0	Yes	39.9		No	0							Yes	Yes	10.2	10.3		0.0	0.0		not required		None		None		None		None		None		None		None		None		None		None		None			English	0
999320671	1301.0			2006-08-07 00:00:00.0	Yes	40.0		Yes	No							No	0							not required		None		None		None		None		None		None		None		Severe		None		None		None			English	0
999320687	201.0			2006-02-05 00:00:00.0	Yes	37.1		No	0							Yes	No							not required		None		Severe		None		None		None		None		None		None		None		None		None			English	0
999320687	1301.0			2006-08-03 00:00:00.0	Yes	37.1		No	0							Yes	No							not required		None		None		None		None		None		None		None		None		None		Severe		None			English	0
999320703	201.0			2006-02-03 00:00:00.0	Yes	37.1		No	0							Yes	Yes	10.1	12.2		0.0	0.0		not required		None		None		None		None		None		None		None		None		None		None		None			English	1
999320719	201.0			2006-01-17 00:00:00.0	Yes	36.5		Yes	No							No	0							not present		None		None		None		None		None		None		None		None		None		None		None			English	0
999320719	601.0			2006-02-17 00:00:00.0	Yes	36.6		No	0							Yes	No							not present		None		Mild		None		None		None		None		Mild		None		None		None		None			English	0
999321029	201.0			2006-01-28 00:00:00.0	Yes	37.4		No	0							Yes	No							not present		None		Mild		None		Mild		None		Mild		None		Mild		None		Mild		None			English	0
999321033	201.0			2006-02-03 00:00:00.0	Yes	36.7		Yes	No							No	0							not assessed		None		None		None		None		None		None		None		None		None		None		None			English	0
999321033	601.0			2006-03-03 00:00:00.0	Yes	37.0		No	0							Yes	No							not required		None		None		None		None		None		None		None		None		None		None		None			English	0
