SequenceNum	date	QCStateLabel	URFmenst	URFddone	URFdsdt	URFdsloc	URFdprot	URFdprqc	URFdhemo	URFdheqc	URFdoabn	URFdotqc	URFdoabx	URFdover	URFdovqc	URFmei	URFmedn	URFco1x	formlang	sfdt_140	MouseId
401.0000			0	Yes	2006-02-14 00:00:00.0	site	Negative		Negative		No			normal		0	0		English	0	229925
401.0000			0	Yes	2006-02-01 00:00:00.0	site	Negative		4+		No			abnormal/significant		Yes	Yes		English	0	332043
801.0000			0	Yes	2006-03-01 00:00:00.0	lab	Negative		Negative		No			normal		0	0	URF test	English	0	332043
301.0000			No	Yes		0	0		0		0			0		0	No			0	439789
401.0000			0	0		0	0		0		0			0		0	0			0	439789
411.0000			0	0		0	0		0		0			0		0	0			0	439789
401.0000			No	Yes	2006-02-16 00:00:00.0	site	Negative		Negative		No			normal		0	0		English	1	662416
401.0000			0	0		0	0		0		0			0		0	No			0	742180
801.0000			0	0		0	0		0		0			0		0	0			0	742180
1501.0000			0	0		0	0		0		0			0		0	No			0	742180
401.0000			0	Yes	2006-02-23 00:00:00.0	site	3+		Negative		No			abnormal/significant		Yes	Yes		English	0	785216
