SequenceNum	date	QCStateLabel	LLFdt	LLFhemn	LLFhemdt	LLFwbcn	LLFwbc	LLFwbcgr	LLFwbcpg	LLFwbcqc	LLFhgbn	LLFhgb	LLFhgbgr	LLFhgbpg	LLFhgbqc	LLFhctn	LLFhct	LLFhctqc	LLFmcvn	LLFmcv	LLFmcvqc	LLFpltn	LLFplt	LLFpltgr	LLFpltpg	LLFpltqc	LLFdifn	LLFdifdt	LLFneun	LLFneup	LLFneu	LLFneugr	LLFneupg	LLFneuqc	LLFlymn	LLFlymp	LLFlym	LLFlymgr	LLFlympg	LLFlymqc	LLFmonn	LLFmonp	LLFmon	LLFmonqc	LLFeosn	LLFeosp	LLFeos	LLFeosqc	LLFbasn	LLFbasp	LLFbas	LLFbasqc	LLFbann	LLFbanp	LLFban	LLFbanqc	LLFatyn	LLFatyp	LLFaty	LLFatyqc	LLFodn	LLFodp	LLFod	LLFodqc	LLFodx	LLFco2x	formlang	sfdt_143	MouseId
401.0000			2006-02-14 00:00:00.0	0		0					0					0			0			0					0		0	6.0					0		888				2c.Monocytes Not Reported				0	4.4			0	0.5			2f.Bands Not Reported				2g.Atypic lymph Nt Reprtd				2h.Other Not Reported						English	0	229925
401.0000			2006-02-01 00:00:00.0	0		0	7.1				0	13.5				0	39.0		0	93		0	900000				0		0	63.1					0	28.2					0	7.1			0	1.0			0	0.6			2f.Bands Not Reported				2g.Atypic lymph Nt Reprtd				2h.Other Not Reported					LLF 1 test!	English	0	332043
801.0000			2006-03-01 00:00:00.0	0		0	7.0				0	13.4				0	39.1		0	94		0	300000				0		0	5.0					0	29.0					0	7.0			0	1.1			0	0.7			2f.Bands Not Reported				2g.Atypic lymph Nt Reprtd				2h.Other Not Reported						English	0	332043
401.0000				0		0					0					0			0			0					0		0						0						0				0				0				0				0				0						English	0	439789
411.0000				0		0					0					0			0			0					0		0						0						0				0				0				0				0				0						English	0	439789
401.0000			2006-02-19 00:00:00.0	0		0	7.0				0	7.5	3	1		0	42.0		0	94		0	300000				0		2a.Neuts Not Reported						2b.Lymphs Not Reported						2c.Monocytes Not Reported				2d.Eosinophils Not Rprtd.				2e.Basophils Not Reprtd.				2f.Bands Not Reported				2g.Atypic lymph Nt Reprtd				0						English	0	512868
411.0000			2006-02-24 00:00:00.0	0		1a. WBC not reported					0	13.0				1c.Hematocrit not done			1d.MCV not done			1e.Platelets not done					0		2a.Neuts Not Reported						2b.Lymphs Not Reported						2c.Monocytes Not Reported				2d.Eosinophils Not Rprtd.				2e.Basophils Not Reprtd.				2f.Bands Not Reported				2g.Atypic lymph Nt Reprtd				2h.Other Not Reported						English	0	512868
1201.0000			2006-07-05 00:00:00.0	0		0	7.0				0	7.5	3	2		0	42.0		0	94		0	300000				0		2a.Neuts Not Reported						2b.Lymphs Not Reported						2c.Monocytes Not Reported				2d.Eosinophils Not Rprtd.				2e.Basophils Not Reprtd.				2f.Bands Not Reported				2g.Atypic lymph Nt Reprtd				2h.Other Not Reported						English	0	512868
1211.0000			2006-07-10 00:00:00.0	0		1a. WBC not reported					0	13.0				1c.Hematocrit not done			1d.MCV not done			1e.Platelets not done					0		2a.Neuts Not Reported						2b.Lymphs Not Reported						2c.Monocytes Not Reported				2d.Eosinophils Not Rprtd.				2e.Basophils Not Reprtd.				2f.Bands Not Reported				2g.Atypic lymph Nt Reprtd				2h.Other Not Reported						English	0	512868
401.0000			2006-02-16 00:00:00.0	0		0	6.0				0	13.0				0	40.0		0	95		0	300000				0		2a.Neuts Not Reported						2b.Lymphs Not Reported						2c.Monocytes Not Reported				2d.Eosinophils Not Rprtd.				2e.Basophils Not Reprtd.				2f.Bands Not Reported				2g.Atypic lymph Nt Reprtd				2h.Other Not Reported						English	1	662416
411.0000			2006-02-23 00:00:00.0	0		0	6.0				0	13.0				0	40.0		0	95		0	300000				0		2a.Neuts Not Reported						2b.Lymphs Not Reported						2c.Monocytes Not Reported				2d.Eosinophils Not Rprtd.				2e.Basophils Not Reprtd.				2f.Bands Not Reported				2g.Atypic lymph Nt Reprtd				2h.Other Not Reported						English	1	662416
401.0000			2006-02-20 00:00:00.0	0		0	2.6				0	13.2				0	40.0		0	81		0					0		0		490	4	1		2b.Lymphs Not Reported						2c.Monocytes Not Reported				2d.Eosinophils Not Rprtd.				2e.Basophils Not Reprtd.				2f.Bands Not Reported				2g.Atypic lymph Nt Reprtd				2h.Other Not Reported						English	0	717634
411.0000			2006-02-25 00:00:00.0	0		0	4.5				1b. Hemoglobin not report					1c.Hematocrit not done			1d.MCV not done			1e.Platelets not done					0		0		900	2	1		2b.Lymphs Not Reported						2c.Monocytes Not Reported				2d.Eosinophils Not Rprtd.				2e.Basophils Not Reprtd.				2f.Bands Not Reported				2g.Atypic lymph Nt Reprtd				2h.Other Not Reported						English	0	717634
801.0000				0		0					0					0			0			0					0		0						0						0				0				0				0				0				0						English	0	742180
101.0000			2006-05-01 00:00:00.0	0		0	1.3	3	1		0	15.5				0	47.0		0	90		0	300000				0		2a.Neuts Not Reported						2b.Lymphs Not Reported						2c.Monocytes Not Reported				2d.Eosinophils Not Rprtd.				2e.Basophils Not Reprtd.				2f.Bands Not Reported				2g.Atypic lymph Nt Reprtd				2h.Other Not Reported						English	0	776875
811.0000			2006-05-04 00:00:00.0	0		0	5.0				1b. Hemoglobin not report					1c.Hematocrit not done			1d.MCV not done			1e.Platelets not done					0		2a.Neuts Not Reported						2b.Lymphs Not Reported						2c.Monocytes Not Reported				2d.Eosinophils Not Rprtd.				2e.Basophils Not Reprtd.				2f.Bands Not Reported				2g.Atypic lymph Nt Reprtd				2h.Other Not Reported						English	0	776875
1201.0000			2006-08-15 00:00:00.0	0		0	1.4				0	15.5				0	47.0		0	90		0					0		2a.Neuts Not Reported						2b.Lymphs Not Reported						2c.Monocytes Not Reported				2d.Eosinophils Not Rprtd.				2e.Basophils Not Reprtd.				2f.Bands Not Reported				2g.Atypic lymph Nt Reprtd				2h.Other Not Reported						English	0	776875
1211.0000			2006-08-18 00:00:00.0	0		0	5.0				1b. Hemoglobin not report					1c.Hematocrit not done			1d.MCV not done			1e.Platelets not done					0		2a.Neuts Not Reported						2b.Lymphs Not Reported						2c.Monocytes Not Reported				2d.Eosinophils Not Rprtd.				2e.Basophils Not Reprtd.				2f.Bands Not Reported				2g.Atypic lymph Nt Reprtd				2h.Other Not Reported						English	0	776875
