SequenceNum	date	QCStateLabel	RCHdt	RCHassdn	RCHtempc	RCHtemqc	RCHrdelt	RCHrles	RCHreryx	RCHreryy	RCHrerqc	RCHrindx	RCHrindy	RCHrinqc	RCHldelt	RCHlles	RCHleryx	RCHleryy	RCHlerqc	RCHlindx	RCHlindy	RCHlinqc	RCHlnanp	RCHlnaqc	RCHmf	RCHmfqc	RCHmyal	RCHmyaqc	RCHhead	RCHheaqc	RCHnaus	RCHnauqc	RCHvom	RCHvomqc	RCHchill	RCHchiqc	RCHarth	RCHartqc	RCHlpr	RCHlprqc	RCHtr	RCHtrqc	RCHlpl	RCHlplqc	RCHtl	RCHtlqc	RCHcomx	formlang	sfdt_186	MouseId
201.0000			2006-02-12 00:00:00.0	Yes	37.0		Yes	No							No	0							not required		None		None		None		None		None		None		None		None		None		None		None			English	0	213866
1301.0000			2006-08-12 00:00:00.0	Yes	37.0		Yes	No							No	0							not required		None		None		None		None		None		None		None		None		None		None		None			English	0	213866
201.0000			2006-02-02 00:00:00.0	Yes	36.8		Yes	No							No	0							not assessed		None		None		None		None		None		None		None		None		None		None		None			English	0	229925
601.0000			2006-03-02 00:00:00.0	Yes	37.1		Yes	No							No	0							not required		None		None		None		None		None		None		None		None		None		None		None			English	0	229925
201.0000			2006-01-16 00:00:00.0	Yes	36.7		Yes	No							No	0							not present		None		None		None		None		None		None		None		None		None		None		None			English	0	332043
601.0000			2006-02-16 00:00:00.0	Yes	36.6		No	0							Yes	No							not present		None		None		None		None		Mild		None		None		None		None		None		None			English	0	332043
1301.0000			2006-09-02 00:00:00.0	Yes	37.1		Yes	No							No	0							not required		None		None		None		None		None		None		None		None		Life Threatening		None		None			English	0	333077
601.0000			2006-04-15 00:00:00.0	Yes	39.9		No	0							Yes	No							not required		None		None		None		None		None		None		None		None		None		None		None			English	0	341432
201.0000			2005-02-02 00:00:00.0	Yes			0	0							0	0							0		0		0		0		0		0		0		0		0		0		0		0				0	439789
601.0000			2006-03-12 00:00:00.0	Yes	37.0		No	0							Yes	Yes				25.1	25.0		not required		None		None		None		None		None		None		None		None		None		None		None			English	0	530577
201.0000			2006-02-11 00:00:00.0	Yes	37.0		No	0							Yes	No							not required		None		None		None		None		None		None		None		None		None		None		None			English	0	560370
1301.0000			2006-08-06 00:00:00.0	Yes	40.0		Yes	No							No	0							not required		None		None		None		None		None		None		None		None		None		None		None			English	0	583783
201.0000			2006-03-02 00:00:00.0	Yes	37.1		No	0							Yes	No							not required		None		None		None		None		None		None		None		None		None		None		None			English	0	659146
601.0000			2006-04-02 00:00:00.0	Yes	37.0		Yes	No							No	0							not required		None		None		None		None		None		None		None		None		None		None		None			English	0	659146
201.0000			2006-01-27 00:00:00.0	Yes	37.2		No	0							Yes	No							not assessed		None		None		Mild		Mild		None		None		Mild		Mild		None		None		Mild			English	0	741839
201.0000			2006-02-04 00:00:00.0	Yes	37.1		No	0							Yes	No							not present		None		Life Threatening		None		None		None		None		None		None		None		None		None			English	0	870101
1301.0000			2006-08-02 00:00:00.0	Yes	37.1		No	0							Yes	No							not required		None		None		None		None		None		None		None		None		None		None		None			English	0	870101
201.0000			2006-03-11 00:00:00.0	Yes	37.0		Yes	No							No	0							not required		None		None		None		None		None		None		None		None		None		None		None			English	0	929176
201.0000			2006-02-02 00:00:00.0	Yes	37.1		No	0							Yes	Yes	10.1	12.2		0.0	0.0		not required		None		None		None		None		None		None		None		None		None		None		None			English	1	944315
201.0000			2006-03-14 00:00:00.0	Yes	39.9		Yes	No							No	0							not required		None		None		None		None		None		None		None		None		None		None		None			English	0	976589
