MouseId	SequenceNum	date	QCStateLabel	EVCdt	EVCgroup	EVCloc	EVCtm	EVCadm	formlang	sfdt_125
999320016	201.0			2005-02-01 00:00:00.0	Group 1	right deltoid	08:00:00	1	English	1
999320485	201.0			2005-01-01 00:00:00.0	Group 2	0		0		0
999320518	201.0			2006-03-01 00:00:00.0	Group 2	left deltoid	13:00:00	0	English	0
999320529	201.0			2006-03-01 00:00:00.0	Group 2	right deltoid	13:00:00	0	English	0
999320533	201.0			2006-03-15 00:00:00.0	Group 1	left deltoid	13:00:00	0	English	0
999320541	201.0			2006-03-13 00:00:00.0	Group 1	left deltoid	13:00:00	0	English	0
999320557	201.0			2006-03-14 00:00:00.0	Group 2	left deltoid	13:00:00	0	English	0
999320565	201.0			2006-03-13 00:00:00.0	Group 1	right deltoid	13:00:00	0	English	0
999320576	201.0			2006-03-11 00:00:00.0	Group 2	left deltoid	13:00:00	0	English	0
999320582	201.0			2006-03-10 00:00:00.0	Group 2	right deltoid	13:00:00	0	English	0
999320590	201.0			2006-02-13 00:00:00.0	Group 1	right deltoid	13:00:00	0	English	0
999320609	201.0			2006-02-11 00:00:00.0	Group 2	right deltoid	13:00:00	0	English	0
999320613	201.0			2006-02-10 00:00:00.0	Group 2	left deltoid	13:00:00	0	English	0
999320624	201.0			2006-02-09 00:00:00.0	Group 2	left deltoid	14:00:00	0	English	0
999320638	201.0			2006-02-08 00:00:00.0	Group 2	left deltoid	13:00:00	0	English	0
999320646	201.0			2006-02-07 00:00:00.0	Group 2	left deltoid	13:00:00	0	English	0
999320652	201.0			2006-02-06 00:00:00.0	Group 1	right deltoid	13:00:00	0	English	0
999320660	201.0			2006-02-05 00:00:00.0	Group 1	left deltoid	13:00:00	0	English	0
999320671	201.0			2006-02-04 00:00:00.0	Group 2	right deltoid	12:00:00	0	English	0
999320687	201.0			2006-02-03 00:00:00.0	Group 1	left deltoid	14:00:00	0	English	0
999320695	201.0			2006-02-02 00:00:00.0	Group 2	right deltoid	14:00:00	1	English	0
999320703	201.0			2006-02-01 00:00:00.0	Group 1	left deltoid	13:00:00	1	English	1
999320719	201.0			2006-01-15 00:00:00.0	Group 2	right deltoid	09:01:00	1	English	0
999321029	201.0			2006-01-26 00:00:00.0	Group 1	left deltoid	09:30:00	1	English	0
999321033	201.0			2006-02-01 00:00:00.0	Group 2	right deltoid	08:00:00	1	English	0
