MouseId	date	QCStateLabel	DEMdt	DEMbdt	DEMsex	DEMhisp	DEMnatam	DEMasian	DEMblack	DEMhawpi	DEMwhite	DEMraco	DEMracox	DEMsexor	formlang	sfdt_001	SequenceNum
999320016		clean	2005-01-01 00:00:00.0	1965-03-06	Female	No	0	0	0	0	White	0		heterosexual	English	1	101.0
999320518		dirty	2006-02-22 00:00:00.0	1970-10-11	Male	No	0	0	0	0	White	0		heterosexual	English	0	101.0
999320529		dirty	2006-02-01 00:00:00.0	1969-07-11	Female	No	0	0	0	0	White	0		heterosexual	English	0	101.0
999320533		dirty	2006-03-01 00:00:00.0	1961-06-06	Male	No	0	Asian	0	0	0	0		heterosexual	English	0	101.0
999320541		dirty	2006-03-01 00:00:00.0	1960-06-05	Female	No	0	0	African American or Black	0	0	0		bisexual	English	0	101.0
999320557		dirty	2006-02-27 00:00:00.0	1960-03-05	Male	No	0	0	African American or Black	0	0	0		bisexual	English	0	101.0
999320565		dirty	2006-03-10 00:00:00.0	1960-07-06	Male	Yes	0	0	0	0	0	Other, specify	Brazilian	heterosexual	English	0	101.0
999320576		dirty	2006-02-01 00:00:00.0	1968-10-11	Female	No	0	0	African American or Black	0	0	0		heterosexual	English	0	101.0
999320582		dirty	2006-02-11 00:00:00.0	1968-07-05	Male	No	0	0	0	0	White	0		homosexual	English	0	101.0
999320590		dirty	2006-01-07 00:00:00.0	1968-02-28	Female	No	0	0	African American or Black	0	0	0		heterosexual	English	0	101.0
999320609		dirty	2006-01-09 00:00:00.0	1970-09-15	Male	No	American Indian/Alaska Native	0	0	0	0	0		bisexual	English	0	101.0
999320613		dirty	2006-01-03 00:00:00.0	1972-10-18	Female	No	0	0	0	0	White	0		heterosexual	English	0	101.0
999320624		dirty	2006-01-01 00:00:00.0	1979-12-21	Male	No	0	0	African American or Black	0	0	0		homosexual	English	0	101.0
999320638		dirty	2006-02-03 00:00:00.0	1980-08-01	Female	No	0	0	0	0	White	0		heterosexual	English	0	101.0
999320646		dirty	2006-01-02 00:00:00.0	1974-08-17	Female	No	0	0	African American or Black	0	0	0		heterosexual	English	0	101.0
999320652		dirty	2006-02-01 00:00:00.0	1960-07-11	Male	No	0	0	0	Nat. Hawaiian/Pacific Island	0	0		heterosexual	English	0	101.0
999320660		dirty	2006-02-01 00:00:00.0	1969-11-14	Male	Yes	0	0	0	0	0	Other, specify		heterosexual	English	0	101.0
999320671		dirty	2006-01-15 00:00:00.0	1965-01-13	Female	No	0	Asian	0	0	0	0		bisexual	English	0	101.0
999320687		dirty	2006-01-14 00:00:00.0	1970-11-11	Male	No	0	0	African American or Black	0	0	0		heterosexual	English	0	101.0
999320695		dirty	2006-01-10 00:00:00.0	1972-12-09	Female	No	0	0	0	0	White	0		heterosexual	English	1	101.0
999320703		dirty	2006-01-11 00:00:00.0	1979-03-07	Male	No	0	0	African American or Black	0	0	0		homosexual	English	1	101.0
999320719		dirty	2006-01-02 00:00:00.0	1970-01-02	Male	No	0	0	0	Nat. Hawaiian/Pacific Island	0	0		heterosexual	English	0	101.0
999321029		dirty	2006-01-05 00:00:00.0	1971-05-27	Male	No	0	0	0	0	White	0		heterosexual	English	0	101.0
999321033		dirty	2006-01-06 00:00:00.0	1976-01-05	Male	No	0	Asian	0	0	0	0		heterosexual	English	0	101.0
