date	QCStateLabel	DEMdt	DEMbdt	DEMsex	DEMhisp	DEMnatam	DEMasian	DEMblack	DEMhawpi	DEMwhite	DEMraco	DEMracox	DEMsexor	formlang	sfdt_001	SequenceNum	MouseId
	dirty	2006-01-09 00:00:00.0	1970-09-15	Male	No	American Indian/Alaska Native	0	0	0	0	0		bisexual	English	0	101.0000	213866
	dirty	2006-02-03 00:00:00.0	1980-08-01	Female	No	0	0	0	0	White	0		heterosexual	English	0	101.0000	220644
	dirty	2006-01-06 00:00:00.0	1976-01-05	Male	No	0	Asian	0	0	0	0		heterosexual	English	0	101.0000	229925
	dirty	2006-03-01 00:00:00.0	1960-06-05	Female	No	0	0	African American or Black	0	0	0		bisexual	English	0	101.0000	300310
	dirty	2006-01-02 00:00:00.0	1970-01-02	Male	No	0	0	0	Nat. Hawaiian/Pacific Island	0	0		heterosexual	English	0	101.0000	332043
	dirty	2006-02-01 00:00:00.0	1969-07-11	Female	No	0	0	0	0	White	0		heterosexual	English	0	101.0000	333077
	dirty	2006-02-27 00:00:00.0	1960-03-05	Male	No	0	0	African American or Black	0	0	0		bisexual	English	0	101.0000	341432
	clean	2005-01-01 00:00:00.0	1965-03-06	Female	No	0	0	0	0	White	0		heterosexual	English	1	101.0000	439789
	dirty	2006-01-02 00:00:00.0	1974-08-17	Female	No	0	0	African American or Black	0	0	0		heterosexual	English	0	101.0000	441295
	dirty	2006-02-01 00:00:00.0	1969-11-14	Male	Yes	0	0	0	0	0	Other, specify		heterosexual	English	0	101.0000	512868
	dirty	2006-02-01 00:00:00.0	1968-10-11	Female	No	0	0	African American or Black	0	0	0		heterosexual	English	0	101.0000	530577
	dirty	2006-01-07 00:00:00.0	1968-02-28	Female	No	0	0	African American or Black	0	0	0		heterosexual	English	0	101.0000	560055
	dirty	2006-01-03 00:00:00.0	1972-10-18	Female	No	0	0	0	0	White	0		heterosexual	English	0	101.0000	560370
	dirty	2006-01-15 00:00:00.0	1965-01-13	Female	No	0	Asian	0	0	0	0		bisexual	English	0	101.0000	583783
	dirty	2006-02-22 00:00:00.0	1970-10-11	Male	No	0	0	0	0	White	0		heterosexual	English	0	101.0000	659146
	dirty	2006-01-10 00:00:00.0	1972-12-09	Female	No	0	0	0	0	White	0		heterosexual	English	1	101.0000	662416
	dirty	2006-02-01 00:00:00.0	1960-07-11	Male	No	0	0	0	Nat. Hawaiian/Pacific Island	0	0		heterosexual	English	0	101.0000	717634
	dirty	2006-01-05 00:00:00.0	1971-05-27	Male	No	0	0	0	0	White	0		heterosexual	English	0	101.0000	741839
	dirty	2006-03-01 00:00:00.0	1961-06-06	Male	No	0	Asian	0	0	0	0		heterosexual	English	0	101.0000	776875
	dirty	2006-01-01 00:00:00.0	1979-12-21	Male	No	0	0	African American or Black	0	0	0		homosexual	English	0	101.0000	785216
	dirty	2006-01-14 00:00:00.0	1970-11-11	Male	No	0	0	African American or Black	0	0	0		heterosexual	English	0	101.0000	870101
	dirty	2006-02-11 00:00:00.0	1968-07-05	Male	No	0	0	0	0	White	0		homosexual	English	0	101.0000	929176
	dirty	2006-01-11 00:00:00.0	1979-03-07	Male	No	0	0	African American or Black	0	0	0		homosexual	English	1	101.0000	944315
	dirty	2006-03-10 00:00:00.0	1960-07-06	Male	Yes	0	0	0	0	0	Other, specify	Brazilian	heterosexual	English	0	101.0000	976589
