SequenceNum	date	QCStateLabel	URSdsdt	URSdgluc	URSdglqc	URSdprot	URSdprqc	URSdhemo	URSdheqc	URSrbc	URSdoabn	URSdoabx	URSdover	URSdovqc	URScomx	formlang	sfdt_014	MouseId
101.0000		dirty	2006-01-06 00:00:00.0	Negative		Negative		Negative		0	No		normal			English	0	229925
101.0000		dirty	2006-01-06 00:00:00.0	Negative		Negative		Negative		0	No		normal			English	0	229925
101.0000		dirty	2006-01-02 00:00:00.0	Negative		Negative		Negative		0	No		normal		Testing!	English	0	332043
101.0000		clean	2005-01-01 00:00:00.0	Negative		Negative		Negative		0	No		normal			English	1	439789
101.0000		dirty	2006-01-05 00:00:00.0	Negative		Negative		Negative		0	No		normal			English	0	741839
