SequenceNum	date	QCStateLabel	VACgiven	VACdt	VACdelt	VACtm	VACadmby	formlang	sfdt_135	MouseId
1301.0000			Yes	2006-08-11 00:00:00.0	Right deltoid	13:00:00	0	English	0	213866
601.0000			Yes	2006-03-16 00:00:00.0	Right deltoid	08:10:00	0	English	0	229925
601.0000			Yes	2006-02-15 00:00:00.0	Left deltoid	09:03:00	marked	English	0	332043
1301.0000			Yes	2006-07-15 00:00:00.0	Right deltoid	09:02:00	marked	English	0	332043
1301.0000			Yes	2006-09-01 00:00:00.0	Right deltoid	13:00:00	0	English	0	333077
601.0000			Yes	2006-04-14 00:00:00.0	Left deltoid	13:00:00	0	English	0	341432
601.0000			0		0		0		0	439789
1301.0000			No		0		0		0	439789
1301.0000			Yes	2006-08-05 00:00:00.0	Right deltoid	12:00:00	0	English	0	583783
601.0000			Yes	2006-04-01 00:00:00.0	Right deltoid	13:00:00	0	English	0	659146
601.0000			Yes	2005-02-01 00:00:00.0	0		0		0	742180
1301.0000			No		0		0		0	742180
1301.0000			Yes	2006-08-01 00:00:00.0	Left deltoid	15:00:00	0	English	0	870101
601.0000			Yes	2006-04-10 00:00:00.0	Right deltoid	13:00:00	0	English	0	929176
