SequenceNum	date	QCStateLabel	RCFdt	RCFassdn	RCFtempc	RCFtemqc	RCFrdelt	RCFrles	RCFreryx	RCFreryy	RCFrerqc	RCFrindx	RCFrindy	RCFrinqc	RCFldelt	RCFlles	RCFleryx	RCFleryy	RCFlerqc	RCFlindx	RCFlindy	RCFlinqc	RCFlnanp	RCFlnaqc	RCFmf	RCFmfqc	RCFmyal	RCFmyaqc	RCFhead	RCFheaqc	RCFnaus	RCFnauqc	RCFvom	RCFvomqc	RCFchill	RCFchiqc	RCFarth	RCFartqc	RCFlpr	RCFlprqc	RCFtr	RCFtrqc	RCFlpl	RCFlplqc	RCFtl	RCFtlqc	RCFcomx	formlang	sfdt_188	MouseId
201.0000			2006-02-13 00:00:00.0	Yes	37.0		Yes	No							No	0							not required		None		None		None		None		None		None		None		None		Severe		None		None			English	0	213866
1301.0000			2006-08-13 00:00:00.0	Yes	37.0		Yes	No							No	0							not required		None		None		None		None		None		None		None		None		Severe		None		None			English	0	213866
201.0000			2006-02-03 00:00:00.0	Yes	36.7		Yes	No							No	0							not assessed		None		None		None		None		None		None		None		None		None		None		None			English	0	229925
601.0000			2006-03-03 00:00:00.0	Yes	37.0		No	0							Yes	No							not required		None		None		None		None		None		None		None		None		None		None		None			English	0	229925
201.0000			2006-01-17 00:00:00.0	Yes	36.5		Yes	No							No	0							not present		None		None		None		None		None		None		None		None		None		None		None			English	0	332043
601.0000			2006-02-17 00:00:00.0	Yes	36.6		No	0							Yes	No							not present		None		Mild		None		None		None		None		Mild		None		None		None		None			English	0	332043
1301.0000			2006-09-03 00:00:00.0	Yes	37.1		Yes	No							No	0							not required		None		None		None		None		None		None		None		None		Severe		None		None			English	0	333077
601.0000			2006-04-16 00:00:00.0	Yes	39.9		No	0							Yes	No							not required		None		None		None		None		None		None		None		None		None		None		None			English	0	341432
201.0000			2005-02-03 00:00:00.0	Yes			0	0							0	0							0		0		0		0		0		0		0		0		0		0		0		0				0	439789
601.0000			2006-03-13 00:00:00.0	Yes	37.0		No	0							Yes	Yes				25.1	25.0		not required		None		None		None		None		None		None		None		None		None		None		None			English	0	530577
201.0000			2006-02-12 00:00:00.0	Yes	39.9		No	0							Yes	Yes	10.2	10.3		0.0	0.0		not required		None		None		None		None		None		None		None		None		None		None		None			English	0	560370
1301.0000			2006-08-07 00:00:00.0	Yes	40.0		Yes	No							No	0							not required		None		None		None		None		None		None		None		Severe		None		None		None			English	0	583783
201.0000			2006-03-03 00:00:00.0	Yes	37.1		No	0							Yes	No							not required		None		None		None		None		None		None		None		None		None		Severe		None			English	0	659146
601.0000			2006-04-03 00:00:00.0	Yes	37.0		Yes	No							No	0							not required		None		None		None		None		None		None		None		Severe		None		None		None			English	0	659146
201.0000			2006-01-28 00:00:00.0	Yes	37.4		No	0							Yes	No							not present		None		Mild		None		Mild		None		Mild		None		Mild		None		Mild		None			English	0	741839
201.0000			2006-02-05 00:00:00.0	Yes	37.1		No	0							Yes	No							not required		None		Severe		None		None		None		None		None		None		None		None		None			English	0	870101
1301.0000			2006-08-03 00:00:00.0	Yes	37.1		No	0							Yes	No							not required		None		None		None		None		None		None		None		None		None		Severe		None			English	0	870101
201.0000			2006-03-12 00:00:00.0	Yes	37.0		Yes	No							No	0							not required		None		None		None		None		None		None		None		None		None		None		None			English	0	929176
201.0000			2006-02-03 00:00:00.0	Yes	37.1		No	0							Yes	Yes	10.1	12.2		0.0	0.0		not required		None		None		None		None		None		None		None		None		None		None		None			English	1	944315
201.0000			2006-03-15 00:00:00.0	Yes	39.9		Yes	No							No	0							not required		None		None		None		None		None		None		None		None		None		None		None			English	0	976589
