<?xml version="1.0" encoding="UTF-8"?>
<datasets metaDataFile="datasets_metadata.xml" xmlns="http://labkey.org/study/xml">
  <datasets>
    <dataset name="DEM-1" id="1" demographicData="true" type="Standard">
      <tags/>
    </dataset>
    <dataset name="Alt ID mapping" id="5002" type="Standard">
      <tags/>
    </dataset>
    <dataset name="TYP" id="2" type="Standard">
      <tags/>
    </dataset>
    <dataset name="PRE-1" id="12" type="Standard">
      <tags/>
    </dataset>
    <dataset name="URS-1" id="14" type="Standard">
      <tags/>
    </dataset>
    <dataset name="LLS-1" id="16" type="Standard">
      <tags/>
    </dataset>
    <dataset name="LLS-2" id="17" type="Standard">
      <tags/>
    </dataset>
    <dataset name="CPS-1" id="19" type="Standard">
      <tags/>
    </dataset>
    <dataset name="ECI-1" id="23" type="Standard">
      <tags/>
    </dataset>
    <dataset name="EPX-1" id="122" type="Standard">
      <tags/>
    </dataset>
    <dataset name="ENR-1" id="124" type="Standard">
      <tags/>
    </dataset>
    <dataset name="EVC-1" id="125" type="Standard">
      <tags/>
    </dataset>
    <dataset name="VAC-1" id="135" type="Standard">
      <tags/>
    </dataset>
    <dataset name="APX-1" id="136" type="Standard">
      <tags/>
    </dataset>
    <dataset name="URF-1" id="140" type="Standard">
      <tags/>
    </dataset>
    <dataset name="URF-2" id="141" type="Standard">
      <tags/>
    </dataset>
    <dataset name="LLF-1" id="143" type="Standard">
      <tags/>
    </dataset>
    <dataset name="CPF-1" id="144" type="Standard">
      <tags/>
    </dataset>
    <dataset name="SIA-1" id="150" type="Standard">
      <tags/>
    </dataset>
    <dataset name="SIL-1" id="151" type="Standard">
      <tags/>
    </dataset>
    <dataset name="BRA-1" id="171" type="Standard">
      <tags/>
    </dataset>
    <dataset name="BRA-2" id="172" type="Standard">
      <tags/>
    </dataset>
    <dataset name="OTB-1" id="173" type="Standard">
      <tags/>
    </dataset>
    <dataset name="RCB-1" id="180" type="Standard">
      <tags/>
    </dataset>
    <dataset name="RCM-1" id="182" type="Standard">
      <tags/>
    </dataset>
    <dataset name="RCE-1" id="184" type="Standard">
      <tags/>
    </dataset>
    <dataset name="RCH-1" id="186" type="Standard">
      <tags/>
    </dataset>
    <dataset name="RCF-1" id="188" type="Standard">
      <tags/>
    </dataset>
    <dataset name="RCT-1" id="190" type="Standard">
      <tags/>
    </dataset>
    <dataset name="RCP-1" id="192" type="Standard">
      <tags/>
    </dataset>
    <dataset name="FPX-1" id="200" type="Standard">
      <tags/>
    </dataset>
    <dataset name="DOV-1" id="300" type="Standard">
      <tags/>
    </dataset>
    <dataset name="SP-1" id="310" type="Standard">
      <tags/>
    </dataset>
    <dataset name="IV-1" id="350" type="Standard">
      <tags/>
    </dataset>
    <dataset name="IHT-1" id="360" type="Standard">
      <tags/>
    </dataset>
    <dataset name="AE-1" id="420" type="Standard">
      <tags/>
    </dataset>
    <dataset name="CM-1" id="423" type="Standard">
      <tags/>
    </dataset>
    <dataset name="PR-1" id="440" type="Standard">
      <tags/>
    </dataset>
    <dataset name="PO-1" id="441" type="Standard">
      <tags/>
    </dataset>
    <dataset name="SCL-1" id="449" type="Standard">
      <tags/>
    </dataset>
    <dataset name="MV-1" id="463" type="Standard">
      <tags/>
    </dataset>
    <dataset name="PT-1" id="465" type="Standard">
      <tags/>
    </dataset>
    <dataset name="PRC-1" id="466" type="Standard">
      <tags/>
    </dataset>
    <dataset name="PIL-1" id="487" type="Standard">
      <tags/>
    </dataset>
    <dataset name="ESI-1" id="489" type="Standard">
      <tags/>
    </dataset>
    <dataset name="TM-1" id="490" type="Standard">
      <tags/>
    </dataset>
    <dataset name="QC" id="501" type="Standard">
      <tags/>
    </dataset>
    <dataset name="verifyAssay" id="5001" type="Standard">
      <tags/>
    </dataset>
  </datasets>
</datasets>