MouseId	SequenceNum	date	QCStateLabel	ENRdt	ENRsclab	scrnptid	protptid	ENRcouns	ENRhivt	ENRothrt	ENRfindv	ENRhprot	ENRcomp	ENRhrsch	ENRbehav	ENRhlpcm	ENRknow	ENReffct	formlang	sfdt_124
999320016	201.0			2005-02-01 00:00:00.0	No			Neither Agree nor Disagree	Neither Agree nor Disagree	Neither Agree nor Disagree	Neither Agree nor Disagree	Neither Agree nor Disagree	Neither Agree nor Disagree	Neither Agree nor Disagree	Neither Agree nor Disagree	Neither Agree nor Disagree	Neither Agree nor Disagree	somewhat effective	English	1
999320719	201.0			2006-01-15 00:00:00.0	No			Agree Strongly	Agree Strongly	Agree Strongly	Agree Strongly	Disagree Strongly	Neither Agree nor Disagree	Agree	Disagree	Agree Strongly	Disagree Strongly	don't know	English	0
999321029	201.0			2006-01-26 00:00:00.0	No			Agree Strongly	Agree	Neither Agree nor Disagree	Disagree	Disagree Strongly	Disagree	Neither Agree nor Disagree	Agree	Agree Strongly	Agree	somewhat effective	English	0
999321033	201.0			2006-02-01 00:00:00.0	No			Neither Agree nor Disagree	Neither Agree nor Disagree	Neither Agree nor Disagree	Neither Agree nor Disagree	Neither Agree nor Disagree	Neither Agree nor Disagree	Neither Agree nor Disagree	Neither Agree nor Disagree	Neither Agree nor Disagree	Neither Agree nor Disagree	don't know	English	0
