MouseId	SequenceNum	date	QCStateLabel	LLFdt	LLFhemn	LLFhemdt	LLFwbcn	LLFwbc	LLFwbcgr	LLFwbcpg	LLFwbcqc	LLFhgbn	LLFhgb	LLFhgbgr	LLFhgbpg	LLFhgbqc	LLFhctn	LLFhct	LLFhctqc	LLFmcvn	LLFmcv	LLFmcvqc	LLFpltn	LLFplt	LLFpltgr	LLFpltpg	LLFpltqc	LLFdifn	LLFdifdt	LLFneun	LLFneup	LLFneu	LLFneugr	LLFneupg	LLFneuqc	LLFlymn	LLFlymp	LLFlym	LLFlymgr	LLFlympg	LLFlymqc	LLFmonn	LLFmonp	LLFmon	LLFmonqc	LLFeosn	LLFeosp	LLFeos	LLFeosqc	LLFbasn	LLFbasp	LLFbas	LLFbasqc	LLFbann	LLFbanp	LLFban	LLFbanqc	LLFatyn	LLFatyp	LLFaty	LLFatyqc	LLFodn	LLFodp	LLFod	LLFodqc	LLFodx	LLFco2x	formlang	sfdt_143
999320016	401.0				0		0					0					0			0			0					0		0						0						0				0				0				0				0				0						English	0
999320016	411.0				0		0					0					0			0			0					0		0						0						0				0				0				0				0				0						English	0
999320485	801.0				0		0					0					0			0			0					0		0						0						0				0				0				0				0				0						English	0
999320533	101.0			2006-05-01 00:00:00.0	0		0	1.3	3	1		0	15.5				0	47.0		0	90		0	300000				0		2a.Neuts Not Reported						2b.Lymphs Not Reported						2c.Monocytes Not Reported				2d.Eosinophils Not Rprtd.				2e.Basophils Not Reprtd.				2f.Bands Not Reported				2g.Atypic lymph Nt Reprtd				2h.Other Not Reported						English	0
999320533	811.0			2006-05-04 00:00:00.0	0		0	5.0				1b. Hemoglobin not report					1c.Hematocrit not done			1d.MCV not done			1e.Platelets not done					0		2a.Neuts Not Reported						2b.Lymphs Not Reported						2c.Monocytes Not Reported				2d.Eosinophils Not Rprtd.				2e.Basophils Not Reprtd.				2f.Bands Not Reported				2g.Atypic lymph Nt Reprtd				2h.Other Not Reported						English	0
999320533	1201.0			2006-08-15 00:00:00.0	0		0	1.4				0	15.5				0	47.0		0	90		0					0		2a.Neuts Not Reported						2b.Lymphs Not Reported						2c.Monocytes Not Reported				2d.Eosinophils Not Rprtd.				2e.Basophils Not Reprtd.				2f.Bands Not Reported				2g.Atypic lymph Nt Reprtd				2h.Other Not Reported						English	0
999320533	1211.0			2006-08-18 00:00:00.0	0		0	5.0				1b. Hemoglobin not report					1c.Hematocrit not done			1d.MCV not done			1e.Platelets not done					0		2a.Neuts Not Reported						2b.Lymphs Not Reported						2c.Monocytes Not Reported				2d.Eosinophils Not Rprtd.				2e.Basophils Not Reprtd.				2f.Bands Not Reported				2g.Atypic lymph Nt Reprtd				2h.Other Not Reported						English	0
999320652	401.0			2006-02-20 00:00:00.0	0		0	2.6				0	13.2				0	40.0		0	81		0					0		0		490	4	1		2b.Lymphs Not Reported						2c.Monocytes Not Reported				2d.Eosinophils Not Rprtd.				2e.Basophils Not Reprtd.				2f.Bands Not Reported				2g.Atypic lymph Nt Reprtd				2h.Other Not Reported						English	0
999320652	411.0			2006-02-25 00:00:00.0	0		0	4.5				1b. Hemoglobin not report					1c.Hematocrit not done			1d.MCV not done			1e.Platelets not done					0		0		900	2	1		2b.Lymphs Not Reported						2c.Monocytes Not Reported				2d.Eosinophils Not Rprtd.				2e.Basophils Not Reprtd.				2f.Bands Not Reported				2g.Atypic lymph Nt Reprtd				2h.Other Not Reported						English	0
999320660	401.0			2006-02-19 00:00:00.0	0		0	7.0				0	7.5	3	1		0	42.0		0	94		0	300000				0		2a.Neuts Not Reported						2b.Lymphs Not Reported						2c.Monocytes Not Reported				2d.Eosinophils Not Rprtd.				2e.Basophils Not Reprtd.				2f.Bands Not Reported				2g.Atypic lymph Nt Reprtd				0						English	0
999320660	411.0			2006-02-24 00:00:00.0	0		1a. WBC not reported					0	13.0				1c.Hematocrit not done			1d.MCV not done			1e.Platelets not done					0		2a.Neuts Not Reported						2b.Lymphs Not Reported						2c.Monocytes Not Reported				2d.Eosinophils Not Rprtd.				2e.Basophils Not Reprtd.				2f.Bands Not Reported				2g.Atypic lymph Nt Reprtd				2h.Other Not Reported						English	0
999320660	1201.0			2006-07-05 00:00:00.0	0		0	7.0				0	7.5	3	2		0	42.0		0	94		0	300000				0		2a.Neuts Not Reported						2b.Lymphs Not Reported						2c.Monocytes Not Reported				2d.Eosinophils Not Rprtd.				2e.Basophils Not Reprtd.				2f.Bands Not Reported				2g.Atypic lymph Nt Reprtd				2h.Other Not Reported						English	0
999320660	1211.0			2006-07-10 00:00:00.0	0		1a. WBC not reported					0	13.0				1c.Hematocrit not done			1d.MCV not done			1e.Platelets not done					0		2a.Neuts Not Reported						2b.Lymphs Not Reported						2c.Monocytes Not Reported				2d.Eosinophils Not Rprtd.				2e.Basophils Not Reprtd.				2f.Bands Not Reported				2g.Atypic lymph Nt Reprtd				2h.Other Not Reported						English	0
999320695	401.0			2006-02-16 00:00:00.0	0		0	6.0				0	13.0				0	40.0		0	95		0	300000				0		2a.Neuts Not Reported						2b.Lymphs Not Reported						2c.Monocytes Not Reported				2d.Eosinophils Not Rprtd.				2e.Basophils Not Reprtd.				2f.Bands Not Reported				2g.Atypic lymph Nt Reprtd				2h.Other Not Reported						English	1
999320695	411.0			2006-02-23 00:00:00.0	0		0	6.0				0	13.0				0	40.0		0	95		0	300000				0		2a.Neuts Not Reported						2b.Lymphs Not Reported						2c.Monocytes Not Reported				2d.Eosinophils Not Rprtd.				2e.Basophils Not Reprtd.				2f.Bands Not Reported				2g.Atypic lymph Nt Reprtd				2h.Other Not Reported						English	1
999320719	401.0			2006-02-01 00:00:00.0	0		0	7.1				0	13.5				0	39.0		0	93		0	900000				0		0	63.1					0	28.2					0	7.1			0	1.0			0	0.6			2f.Bands Not Reported				2g.Atypic lymph Nt Reprtd				2h.Other Not Reported					LLF 1 test!	English	0
999320719	801.0			2006-03-01 00:00:00.0	0		0	7.0				0	13.4				0	39.1		0	94		0	300000				0		0	5.0					0	29.0					0	7.0			0	1.1			0	0.7			2f.Bands Not Reported				2g.Atypic lymph Nt Reprtd				2h.Other Not Reported						English	0
999321033	401.0			2006-02-14 00:00:00.0	0		0					0					0			0			0					0		0	6.0					0		888				2c.Monocytes Not Reported				0	4.4			0	0.5			2f.Bands Not Reported				2g.Atypic lymph Nt Reprtd				2h.Other Not Reported						English	0
