SequenceNum	date	QCStateLabel	ECIdt	ECIelig	ECIpsign	ECIssign	ECIcomm	formlang	sfdt_023	MouseId
101.0000		dirty	2006-01-06 00:00:00.0	Yes	1a.PI Signature/Date	1b.Second Signature/Date		English	0	229925
101.0000		dirty	2006-01-03 00:00:00.0	Yes	1a.PI Signature/Date	1b.Second Signature/Date		English	0	332043
101.0000		dirty	2005-02-01 00:00:00.0	Yes	1a.PI Signature/Date	1b.Second Signature/Date		English	1	439789
101.0000		dirty	2006-01-05 00:00:00.0	Yes	1a.PI Signature/Date	1b.Second Signature/Date		English	0	741839
