SequenceNum	date	QCStateLabel	LLShemdt	LLSwbc	LLSwbcqc	LLShgb	LLShgbqc	LLShct	LLShctqc	LLSmcv	LLSmcvqc	LLSplt	LLSpltqc	LLSdifdt	LLSneup	LLSneu	LLSneuqc	LLSlym	LLSlymqc	LLSmonn	LLSmonp	LLSmon	LLSmonqc	LLSeosn	LLSeosp	LLSeos	LLSeosqc	LLSbasn	LLSbasp	LLSbas	LLSbasqc	LLSbann	LLSbanp	LLSban	LLSbanqc	LLSatyn	LLSatyp	LLSaty	LLSatyqc	LLSodn	LLSodp	LLSod	LLSodqc	LLSodx	LLSdnorm	LLSdifap	LLSco2x	formlang	sfdt_017	MouseId
101.0000		dirty		9.0		13.5		37.5		90		225000			6			888		5c. Monocytes not reported				0	4.3			0	0.4			5f. Bands not reported				5g. Atyp lymph not reported				5h. Other, not reported					Yes	0		English	0	229925
101.0000		dirty		5.1		15.2		44.0		93		320000			67			1817		0	8			0	2.0			0	0.0			5f. Bands not reported				5g. Atyp lymph not reported				5h. Other, not reported					Yes	0	LLS test	English	0	332043
101.0000		clean		5.0		3.0		15.0		40		250000			12			650		0	12			0	12.0			0	12.0			0	12.0			0	12.0			0	12				Yes	0		English	1	439789
101.0000		dirty		7.0		12.5		42.0		94								1100		5c. Monocytes not reported				5d.Eosinophils not reported				5e. Basophils not reported				5f. Bands not reported				5g. Atyp lymph not reported				5h. Other, not reported					Yes	0		English	0	512868
101.0000		dirty		8.7		14.5		20.3		99		302250			6			977		5c. Monocytes not reported				0	5.5			0	0.4			0	2.3			0	3.4			5h. Other, not reported					Yes	0		English	0	741839
