SequenceNum	date	QCStateLabel	AEsubsum	AErptdt	AEsaeno	AEfver	AEmdra	AEdiag	AEcodeq	AEondt	AEseveqc	AEseve	AErelpro	AEdrad	AEoutc	AEocdt	AEtrno	AEtrrx	AEtrho	AEtrpr	AEtrot	AEich	AEdaids	AEsaerct	AEvisit	AEcomm	formlang	sfdt_420	MouseId
6001.0000			0	2006-02-14 00:00:00.0		L~08.1	10022102$Injection site tenderness~General disorders and administration site conditions	Injection site tenderness right deltoid		2006-02-13		Severe	Definitely Related	Held	Resolved	2006-02-16	1	0	0	0	0	Yes	No	Yes	2		English	0	213866
6002.0000			0	2006-08-14 00:00:00.0		L~08.1	10022102$Injection site tenderness~General disorders and administration site conditions	Injection site tenderness right deltoid		2006-08-13		Severe	Definitely Related	Not Applicable	Resolved	2006-08-16	1	0	0	0	0	Yes	No	Yes	13		English	0	213866
6001.0000			0	2006-03-10 00:00:00.0		E~08.1	10001845$ALT increased~Investigations	ALT Increased		2006-03-10		Severe	Possibly Related	Held	Continuing		0	1	0	0	0	Yes	No	No	7		English	0	220644
6001.0000			0	2006-04-29 00:00:00.0		E~08.1	10020772$Hypertension~Vascular disorders	Hypertension		2006-04-29		Severe	Possibly Related	No change	Continuing		0	1	0	0	0	Yes	No	No	8		English	0	300310
6001.0000			0	2006-02-01 00:00:00.0		L~08.1	10035547$Platelets increased~Investigations	High platelets		2006-02-01		Life Threatening	Probably not related	No change	Resolved		1	0	0	0	0	Yes	Yes	No		Test AE	English	0	332043
6002.0000			0	2006-04-01 00:00:00.0		E~08.1	10013786$Dry skin~Skin and subcutaneous tissue disorders	Dry skin		2006-04-01		Mild	Probably not related	No change	Continuing		1	0	0	0	0	No	No	No			English	0	332043
6001.0000			0	2006-04-22 00:00:00.0		EX08.1	10047700$Vomiting~Gastrointestinal disorders	Vomiting		2006-04-21		Severe	Possibly Related	No change	Resolved	2006-04-23	0	1	0	0	0	Yes	No	No	9		English	0	333077
6002.0000			0	2006-09-02 00:00:00.0		L~08.1	10022102$Injection site tenderness~General disorders and administration site conditions	tenderness at injection site (right Deltoid)		2006-09-01		Severe	Probably Related	No change	Severity/Frequency  Increased	2006-09-02	1	0	0	0	0	Yes	No	Yes	13		English	0	333077
6003.0000			0	2006-09-03 00:00:00.0		L~08.1	10022102$Injection site tenderness~General disorders and administration site conditions	Tenderness at injection site (Right Deltoid)		2006-09-02		Life Threatening	Probably Related	No change	Resolved	2006-09-06	0	0	1	0	0	Yes	Yes	Yes	13		English	0	333077
6001.0000			0	2006-03-30 00:00:00.0		L~08.1	10047700$Vomiting~Gastrointestinal disorders	Vomiting		2006-03-27		Severe	Probably Related	Held	Resolved	2006-03-30	0	1	0	0	0	Yes	No	No	4		English	0	341432
6002.0000			0	2006-03-30 00:00:00.0		L~08.1	10039910$Seizures~Nervous system disorders	Seizures		2006-03-23		Life Threatening	Possibly Related	Held	Resolved	2006-03-25	0	0	1	0	0	Yes	Yes	No	4		English	0	341432
6003.0000			0	2006-04-16 00:00:00.0		L~08.1	10016558$Fever~General disorders and administration site conditions	Fever		2006-04-15		Severe	Probably Related	No change	Resolved	2006-04-17	0	1	0	0	0	Yes	No	Yes	6		English	0	341432
6004.0000			0	2006-04-14 00:00:00.0		L~08.1	10047700$Vomiting~Gastrointestinal disorders	Vomiting		2006-04-14		Severe	Probably Related	No change	Resolved	2006-04-14	0	1	0	0	0	Yes	No	Yes	6		English	0	341432
6002.0000			0	2006-02-21 00:00:00.0		E~08.1	10011368$Creatinine increased~Investigations	Creatinine Increased		2006-02-21		Severe	Possibly Related	No change	Continuing		0	0	0	0	0	Yes	No	No	4		English	0	441295
6001.0000			0	2006-02-19 00:00:00.0		E~08.1	10011964$Decreased hemoglobin~Investigations	Decreased Hemoglobin		2006-02-19		Severe	Possibly Related	No change	Resolved	2006-02-24	0	1	0	0	0	Yes	No	No	4		English	0	512868
6002.0000			0	2006-07-05 00:00:00.0		E~08.1	10011964$Decreased hemoglobin~Investigations	Decreased Hemoglobin		2006-07-05		Severe	Possibly Related	No change	Resolved	2006-07-10	0	1	0	0	0	Yes	No	No	12		English	0	512868
6001.0000			0	2006-03-13 00:00:00.0		K~08.1	No exact match	Ulceration at injection site left deltoid		2006-03-12		Severe	Probably Related	Held	Resolved	2006-03-20	0	1	0	0	0	Yes	No	Yes	6		English	0	530577
6002.0000			0	2006-03-12 00:00:00.0		U~08.1	10029328$Neuropathy~Nervous system disorders	Increased Neropathy		2006-03-12		Severe	Possibly Related	Held	Resolved	2006-03-15	1	0	0	0	0	Yes	No	No	6		English	0	530577
6001.0000			0	2006-08-20 00:00:00.0		E~08.1	10016558$Fever~General disorders and administration site conditions	Fever		2006-08-20		Severe	Possibly Related	Not Applicable	Resolved	2006-08-22	0	1	0	0	0	Yes	No	No	14		English	0	560055
6002.0000			0	2006-08-27 00:00:00.0		E~08.1	10016558$Fever~General disorders and administration site conditions	Fever		2006-08-27		Severe	Possibly Related	Not Applicable	Resolved	2006-08-30	0	1	0	0	0	Yes	No	No	15		English	0	560055
6001.0000			0	2006-02-14 00:00:00.0		L~08.1	10022106$Injection site ulceration~General disorders and administration site conditions	Injection site ulceration left deltoid		2006-02-13		Severe	Probably Related	Held	Resolved	2006-02-25	0	1	0	0	0	Yes	No	Yes	2		English	0	560370
6002.0000			0	2006-02-13 00:00:00.0		E~08.1	10016558$Fever~General disorders and administration site conditions	Fever		2006-02-12		Severe	Probably Related	Held	Resolved	2006-02-15	0	1	0	0	0	Yes	No	Yes	2		English	0	560370
6001.0000			0	2006-08-07 00:00:00.0		E~08.1	10016558$Fever~General disorders and administration site conditions	Fever		2006-08-06		Severe	Definitely Related	Not Applicable	Resolved	2006-08-08	0	1	0	0	0	Yes	No	Yes	13		English	0	583783
6002.0000			0	2006-08-08 00:00:00.0		L~08.1	10022086$Injection site pain~General disorders and administration site conditions	Pain at injection site Right Deltoid		2006-08-07		Severe	Definitely Related	Not Applicable	Resolved	2006-08-10	0	1	0	0	0	Yes	No	Yes	13		English	0	583783
6001.0000			0	2006-03-04 00:00:00.0		L~08.1	10022086$Injection site pain~General disorders and administration site conditions	Injection site pain (L) deltoid		2006-03-03		Severe	Probably Related	Held	Resolved	2006-03-06	0	1	0	0	0	Yes	No	Yes	2		English	0	659146
6002.0000			0	2006-04-04 00:00:00.0		L~08.1	10022086$Injection site pain~General disorders and administration site conditions	Pain @ injection site (Right Deltoid)		2006-04-03		Severe	Probably Related	No change	Resolved	2006-04-07	0	1	0	0	0	Yes	No	Yes	6		English	0	659146
6003.0000			0	2006-04-22 00:00:00.0		L~08.1	10016558$Fever~General disorders and administration site conditions	Fever		2006-04-22		Severe	Possibly Related	No change	Resolved	2006-04-24	0	1	0	0	0	Yes	No	No	9		English	0	659146
6001.0000			0	2006-02-16 00:00:00.0		K~08.1	No exact match	cardiac arrhythemia		2006-02-16		Life Threatening	Possibly Related	Held	Continuing		0	1	1	0	0	Yes	Yes	No	4		English	1	662416
6001.0000			0	2006-02-20 00:00:00.0		L~08.1	10029366$Neutrophil count decreased~Investigations	Neutrophils Decreased		2006-02-20		Life Threatening	Probably Related	Held	Continuing		0	1	0	0	0	Yes	Yes	No	4		English	0	717634
6001.0000			0	2006-05-01 00:00:00.0		L~08.1	10056731$WBC decreased~Investigations	Decreased WBC		2006-05-01		Severe	Probably Related	No change	Resolved	2006-05-04	1	0	0	0	0	Yes	No	No	8		English	0	776875
6002.0000			0	2006-08-15 00:00:00.0		L~08.1	10056731$WBC decreased~Investigations	Decreased WBC		2006-08-15		Severe	Probably Related	No change	Resolved	2006-08-18	1	0	0	0	0	Yes	No	No	12		English	0	776875
6003.0000			0	2006-05-08 00:00:00.0		E~08.1	10016558$Fever~General disorders and administration site conditions	Fever		2006-05-08		Severe	Possibly Related	No change	Resolved	2006-05-09	0	1	0	0	0	Yes	No	No	9	Participant called clinic to report resolved fever	English	0	776875
6001.0000			0	2006-02-23 00:00:00.0		E~08.1	10037032$Proteinuria~Renal and urinary disorders	Proteinuria		2006-02-23		Severe	Possibly Related	Held	Continuing		1	0	0	0	0	Yes	No	No	4		English	0	785216
6002.0000			0	2006-02-23 00:00:00.0		E~08.1	10047700$Vomiting~Gastrointestinal disorders	Vomiting		2006-02-20		Severe	Probably Related	No change	Continuing		0	1	0	0	0	Yes	No	No	4	Vomiting persists for 2 days	English	0	785216
6001.0000			0	2006-02-05 00:00:00.0		E~08.1	10028411$Myalgia~Musculoskeletal and connective tissue disorders	Myalgia		2006-02-04		Life Threatening	Definitely Related	No change	Resolved	2006-02-10	1	0	0	0	0	Yes	Yes	Yes	2		English	0	870101
6002.0000			0	2006-08-04 00:00:00.0		L~08.1	10022086$Injection site pain~General disorders and administration site conditions	Pain left deltoid [Injection Site]		2006-08-03		Severe	Definitely Related	Not Applicable	Resolved	2006-08-06	0	1	0	0	0	Yes	No	Yes	13		English	0	870101
6001.0000			0	2006-03-11 00:00:00.0		L~08.1	10022079$Injection site irritation~General disorders and administration site conditions	Skin irritation at injection site right deltoid		2006-03-10		Severe	Definitely Related	Held	Resolved	2006-03-13	0	1	0	0	0	Yes	No	No	2		English	0	929176
6002.0000			0	2006-04-10 00:00:00.0		L~08.1	10022079$Injection site irritation~General disorders and administration site conditions	Skin irritation at injection site right deltoid		2006-04-10		Severe	Definitely Related	Held	Resolved	2006-04-11	0	1	0	0	0	Yes	No	No	6		English	0	929176
6001.0000			0	2006-02-02 00:00:00.0		L~08.1	10022106$Injection site ulceration~General disorders and administration site conditions	(L) Deltoid/ulceration at injection site		2006-02-01		Severe	Definitely Related	No change	Severity/Frequency  Increased	2006-02-04	0	1	0	0	0	Yes	No	Yes	2		English	1	944315
6002.0000			0	2006-02-04 00:00:00.0		L~08.1	10022082$Injection site necrosis~General disorders and administration site conditions	(L) deltoid/necrosis at injection site		2006-02-04		Life Threatening	Definitely Related	Permanently Discontinued	Resolved	2006-03-12	0	1	0	0	0	Yes	Yes	Yes	2		English	1	944315
6003.0000			0	2006-03-01 00:00:00.0		E~08.1	10047900$Weight loss~Investigations	Weight loss		2006-03-01		Life Threatening	Possibly Related	Not Applicable	Continuing		0	1	0	0	0	Yes	Yes	No	6		English	1	944315
6001.0000			0	2006-03-16 00:00:00.0		E~08.1	10047340$Vertigo~Ear and labyrinth disorders	Vertigo		2006-03-15		Life Threatening	Possibly Related	Held	Resolved	2006-03-18	0	1	0	0	0	Yes	Yes	No	2		English	0	976589
6002.0000			0	2006-03-15 00:00:00.0		E~08.1	10016558$Fever~General disorders and administration site conditions	Fever		2006-03-14		Severe	Probably Related	Held	Resolved	2006-03-16	0	1	0	0	0	Yes	No	Yes	2		English	0	976589
6003.0000			0	2006-03-13 00:00:00.0		E~08.1	10047700$Vomiting~Gastrointestinal disorders	Vomiting		2006-03-13		Severe	Probably Related	Held	Resolved	2006-03-13	0	1	0	0	0	Yes	No	Yes	2		English	0	976589
