<?xml version="1.0" encoding="UTF-8"?>
<!--Exported from LabKey Server at http://localhost:8080/Parsing%20Pattern%20For%20Date%20And%20Date%20Time%20Test%20Project/project-begin.view by danield on Mon Feb 05 16:39:24 PST 2024-->
<study archiveVersion="24.001" label="StudyForDateParsing Study" timepointType="DATE" subjectNounSingular="Participant" subjectNounPlural="Participants" subjectColumnName="ParticipantId" investigator="" grant="" species="" alternateIdPrefix="" alternateIdDigits="6" defaultTimepointDuration="1" failForUndefinedTimepoints="false" startDate="2021-11-01-07:00" securityType="BASIC_READ" xmlns="http://labkey.org/study/xml" xmlns:xsi="http://www.w3.org/2001/XMLSchema-instance">
  <specimens dir="specimens" file="StudyForDateParsing.specimens" settings="specimen_settings.xml"/>
  <datasets dir="datasets" file="datasets_manifest.xml">
    <definition file="StudyForDateParsing.dataset"/>
  </datasets>
  <assaySchedule dir="assaySchedule"/>
  <cohorts type="AUTOMATIC" mode="SIMPLE" file="cohorts.xml"/>
  <comments/>
  <treatmentData dir="treatmentData"/>
  <visits file="visit_map.xml"/>
  <studyViews dir="views" settings="settings.xml"/>
  <studySecurity file="security_policy.xml"/>
  <studyDescription rendererType="TEXT_WITH_LINKS">
    <description xsi:nil="true"/>
  </studyDescription>
  <properties dir="properties"/>
</study>