<?xml version="1.0" encoding="UTF-8"?>
<specimens repositoryType="ADVANCED" enableRequests="true" editableRepository="false" xmlns="http://labkey.org/study/xml">
  <webPartGroupings>
    <grouping>
      <groupBy>Primary Type</groupBy>
      <groupBy>Derivative Type</groupBy>
      <groupBy>Additive Type</groupBy>
    </grouping>
    <grouping>
      <groupBy>Derivative Type</groupBy>
      <groupBy>Additive Type</groupBy>
      <groupBy/>
    </grouping>
  </webPartGroupings>
  <locationTypes>
    <repository allowRequests="true"/>
    <clinic allowRequests="true"/>
    <siteAffiliatedLab allowRequests="true"/>
    <endpointLab allowRequests="true"/>
  </locationTypes>
</specimens>