<?xml version="1.0" encoding="UTF-8"?>
<cohorts xmlns="http://labkey.org/study/xml">
  <cohort label="Group 1" enrolled="true">
    <id>999320016</id>
    <id>999320533</id>
    <id>999320541</id>
    <id>999320565</id>
    <id>999320590</id>
    <id>999320652</id>
    <id>999320660</id>
    <id>999320687</id>
    <id>999320703</id>
    <id>999321029</id>
  </cohort>
  <cohort label="Group 2" enrolled="true">
    <id>999320485</id>
    <id>999320518</id>
    <id>999320529</id>
    <id>999320557</id>
    <id>999320576</id>
    <id>999320582</id>
    <id>999320609</id>
    <id>999320613</id>
    <id>999320624</id>
    <id>999320638</id>
    <id>999320646</id>
    <id>999320671</id>
    <id>999320695</id>
    <id>999320719</id>
    <id>999321033</id>
  </cohort>
</cohorts>