<?xml version="1.0" encoding="UTF-8"?>
<!--Exported from LabKey Software Foundation at https://www.labkey.org/project/Staff/cnathe/time%20chart%20testing/Visit%20Based%20Study/begin.view by cnathe on Thu Oct 03 08:51:11 PDT 2013-->
<study archiveVersion="13.2" label="Study 001" timepointType="VISIT" subjectNounSingular="Mouse" subjectNounPlural="Mice" subjectColumnName="MouseId" investigator="" grant="" alternateIdPrefix="" alternateIdDigits="6" defaultTimepointDuration="1" startDate="2009-08-16-07:00" securityType="BASIC_READ" xmlns="http://labkey.org/study/xml">
  <cohorts type="AUTOMATIC" mode="SIMPLE" datasetId="125" datasetProperty="EVCgroup" file="cohorts.xml"/>
  <datasets dir="datasets" file="datasets_manifest.xml">
    <definition file="Study.dataset"/>
  </datasets>
  <visits file="visit_map.xml"/>
  <studyDescription rendererType="TEXT_WITH_LINKS">
    <description xsi:nil="true" xmlns:xsi="http://www.w3.org/2001/XMLSchema-instance"/>
  </studyDescription>
</study>