<?xml version="1.0" encoding="UTF-8"?>
<tables xmlns="http://labkey.org/data/xml">
  <table tableName="Cohort Assignments" tableDbType="TABLE">
    <description>Contains up to one row of Cohort Assignments data for each Participant/Visit combination.</description>
    <columns>
      <column columnName="ParticipantId">
        <datatype>varchar</datatype>
        <columnTitle>Participant ID</columnTitle>
        <description>Subject identifier</description>
        <propertyURI>http://cpas.labkey.com/Study#ParticipantId</propertyURI>
        <nullable>false</nullable>
        <url replaceMissing="blankValue">/study-participant.view?participantId=${ParticipantId/ParticipantId}</url>
        <importAliases>
          <importAlias>ptid</importAlias>
          <importAlias>participantid</importAlias>
        </importAliases>
        <fk>
          <fkDbSchema>study</fkDbSchema>
          <fkTable>Participant</fkTable>
          <fkColumnName>ParticipantId</fkColumnName>
        </fk>
        <scale>32</scale>
      </column>
      <column columnName="SequenceNum">
        <datatype>double</datatype>
        <columnTitle>Sequence Num</columnTitle>
        <propertyURI>http://cpas.labkey.com/Study#SequenceNum</propertyURI>
        <nullable>false</nullable>
        <importAliases>
          <importAlias>visit</importAlias>
          <importAlias>visitid</importAlias>
        </importAliases>
      </column>
      <column columnName="date">
        <datatype>timestamp</datatype>
        <columnTitle>Date</columnTitle>
        <propertyURI>http://cpas.labkey.com/Study#VisitDate</propertyURI>
        <formatString>Date</formatString>
      </column>
      <column columnName="Cohort">
        <datatype>varchar</datatype>
        <columnTitle>Cohort</columnTitle>
        <rangeURI>http://www.w3.org/2001/XMLSchema#string</rangeURI>
        <required>true</required>
        <scale>4000</scale>
      </column>
    </columns>
    <tableTitle>Cohort Assignments</tableTitle>
  </table>
  <table tableName="Test Results" tableDbType="TABLE">
    <description>Contains up to one row of Test Results data for each Participant/Visit combination.</description>
    <columns>
      <column columnName="ParticipantId">
        <datatype>varchar</datatype>
        <columnTitle>Participant ID</columnTitle>
        <description>Subject identifier</description>
        <propertyURI>http://cpas.labkey.com/Study#ParticipantId</propertyURI>
        <nullable>false</nullable>
        <url replaceMissing="blankValue">/study-participant.view?participantId=${ParticipantId/ParticipantId}</url>
        <importAliases>
          <importAlias>ptid</importAlias>
          <importAlias>participantid</importAlias>
        </importAliases>
        <fk>
          <fkDbSchema>study</fkDbSchema>
          <fkTable>Participant</fkTable>
          <fkColumnName>ParticipantId</fkColumnName>
        </fk>
        <scale>32</scale>
      </column>
      <column columnName="SequenceNum">
        <datatype>double</datatype>
        <columnTitle>Sequence Num</columnTitle>
        <propertyURI>http://cpas.labkey.com/Study#SequenceNum</propertyURI>
        <nullable>false</nullable>
        <importAliases>
          <importAlias>visit</importAlias>
          <importAlias>visitid</importAlias>
        </importAliases>
      </column>
      <column columnName="date">
        <datatype>timestamp</datatype>
        <columnTitle>Date</columnTitle>
        <propertyURI>http://cpas.labkey.com/Study#VisitDate</propertyURI>
        <formatString>Date</formatString>
      </column>
      <column columnName="Infected">
        <datatype>boolean</datatype>
        <columnTitle>Infected</columnTitle>
        <rangeURI>http://www.w3.org/2001/XMLSchema#boolean</rangeURI>
      </column>
    </columns>
    <tableTitle>Test Results</tableTitle>
  </table>
</tables>