ParticipantId	SequenceNum	date	QCStateLabel	Infected
Infected1	0.0000			false
Infected1	1.0000			true
Infected1	2.0000			true
Infected1	3.0000			true
Infected1	4.0000			true
Infected2	0.0000			false
Infected2	1.0000			false
Infected2	2.0000			true
Infected2	3.0000			true
Infected2	4.0000			true
Infected3	0.0000			false
Infected3	1.0000			false
Infected3	2.0000			false
Infected3	3.0000			true
Infected3	4.0000			true
Infected4	0.0000			false
Infected4	1.0000			false
Infected4	2.0000			false
Infected4	3.0000			false
Infected4	4.0000			true
