<?xml version="1.0" encoding="UTF-8"?>
<tables xmlns="http://labkey.org/data/xml">
  <table tableName="DEM-1" tableDbType="TABLE">
    <description>This is the demographics dataset, dammit. Here are some ‘special symbols’ - they help test that we're roundtripping in UTF-8.</description>
    <columns>
      <column columnName="MouseId">
        <datatype>varchar</datatype>
        <columnTitle>Mouse Id</columnTitle>
        <description>Subject identifier</description>
        <propertyURI>http://cpas.labkey.com/Study#ParticipantId</propertyURI>
        <nullable>false</nullable>
        <importAliases>
          <importAlias>ptid</importAlias>
        </importAliases>
        <fk>
          <fkDbSchema>study</fkDbSchema>
          <fkTable>Mouse</fkTable>
          <fkColumnName>MouseId</fkColumnName>
        </fk>
      </column>
      <column columnName="DEMdt">
        <datatype>timestamp</datatype>
        <columnTitle>Contact Date</columnTitle>
      </column>
      <column columnName="DEMbdt">
        <datatype>varchar</datatype>
        <inputType>textarea</inputType>
        <columnTitle>1.Date of Birth</columnTitle>
      </column>
      <column columnName="DEMsex">
        <datatype>varchar</datatype>
        <inputType>textarea</inputType>
        <columnTitle>2.What is your sex?</columnTitle>
      </column>
      <column columnName="DEMhisp">
        <datatype>varchar</datatype>
        <inputType>textarea</inputType>
        <columnTitle>3.Latino/a or Hispanic?</columnTitle>
      </column>
      <column columnName="DEMnatam">
        <datatype>varchar</datatype>
        <inputType>textarea</inputType>
        <columnTitle>4a.Amer Indian/Alaska</columnTitle>
      </column>
      <column columnName="DEMasian">
        <datatype>varchar</datatype>
        <inputType>textarea</inputType>
        <columnTitle>4b.Asian</columnTitle>
      </column>
      <column columnName="DEMblack">
        <datatype>varchar</datatype>
        <inputType>textarea</inputType>
        <columnTitle>4c.African American/Black</columnTitle>
      </column>
      <column columnName="DEMhawpi">
        <datatype>varchar</datatype>
        <inputType>textarea</inputType>
        <columnTitle>4d.Hawaiian/Pacific Islnd</columnTitle>
      </column>
      <column columnName="DEMwhite">
        <datatype>varchar</datatype>
        <inputType>textarea</inputType>
        <columnTitle>4e.White</columnTitle>
      </column>
      <column columnName="DEMraco">
        <datatype>varchar</datatype>
        <inputType>textarea</inputType>
        <columnTitle>4f.Other specify</columnTitle>
      </column>
      <column columnName="DEMracox">
        <datatype>varchar</datatype>
        <inputType>textarea</inputType>
        <columnTitle>4f. Other, specify text</columnTitle>
      </column>
      <column columnName="DEMsexor">
        <datatype>varchar</datatype>
        <inputType>textarea</inputType>
        <columnTitle>5. Sexual orientation</columnTitle>
      </column>
      <column columnName="formlang">
        <datatype>varchar</datatype>
        <inputType>textarea</inputType>
        <columnTitle>Form Language</columnTitle>
      </column>
      <column columnName="sfdt_001">
        <datatype>varchar</datatype>
        <inputType>textarea</inputType>
        <columnTitle>Staff Initials/Date</columnTitle>
      </column>
    </columns>
    <tableTitle>DEM-1: Demographics</tableTitle>
  </table>
  <table tableName="Alt ID mapping" tableDbType="TABLE">
    <description>Contains up to one row of Alt ID mapping data for each Mouse/Visit combination.</description>
    <columns>
      <column columnName="MouseId">
        <datatype>varchar</datatype>
        <columnTitle>Mouse Id</columnTitle>
        <description>Subject identifier</description>
        <propertyURI>http://cpas.labkey.com/Study#ParticipantId</propertyURI>
        <nullable>false</nullable>
        <importAliases>
          <importAlias>ptid</importAlias>
        </importAliases>
        <fk>
          <fkDbSchema>study</fkDbSchema>
          <fkTable>Mouse</fkTable>
          <fkColumnName>MouseId</fkColumnName>
        </fk>
      </column>
      <column columnName="SequenceNum">
        <datatype>double</datatype>
        <columnTitle>Sequence Num</columnTitle>
        <propertyURI>http://cpas.labkey.com/Study#SequenceNum</propertyURI>
        <nullable>false</nullable>
        <importAliases>
          <importAlias>visit</importAlias>
        </importAliases>
      </column>
      <column columnName="Alt ID">
        <datatype>varchar</datatype>
        <inputType>textarea</inputType>
        <columnTitle>Alt ID</columnTitle>
      </column>
      <column columnName="Source">
        <datatype>varchar</datatype>
        <inputType>textarea</inputType>
        <columnTitle>Source</columnTitle>
      </column>
    </columns>
    <tableTitle>Alt ID mapping</tableTitle>
  </table>
  <table tableName="TYP" tableDbType="TABLE">
    <description>Contains up to one row of Types data for each Mouse/Visit combination.</description>
    <columns>
      <column columnName="MouseId">
        <datatype>varchar</datatype>
        <columnTitle>Mouse Id</columnTitle>
        <description>Subject identifier</description>
        <propertyURI>http://cpas.labkey.com/Study#ParticipantId</propertyURI>
        <nullable>false</nullable>
        <importAliases>
          <importAlias>ptid</importAlias>
        </importAliases>
        <fk>
          <fkDbSchema>study</fkDbSchema>
          <fkTable>Mouse</fkTable>
          <fkColumnName>MouseId</fkColumnName>
        </fk>
      </column>
      <column columnName="SequenceNum">
        <datatype>double</datatype>
        <columnTitle>Sequence Num</columnTitle>
        <propertyURI>http://cpas.labkey.com/Study#SequenceNum</propertyURI>
        <nullable>false</nullable>
        <importAliases>
          <importAlias>visit</importAlias>
        </importAliases>
      </column>
      <column columnName="boolean">
        <datatype>boolean</datatype>
        <columnTitle>Boolean</columnTitle>
      </column>
      <column columnName="dbl">
        <datatype>double</datatype>
        <columnTitle>Double</columnTitle>
      </column>
      <column columnName="date">
        <datatype>timestamp</datatype>
        <columnTitle>Date</columnTitle>
      </column>
      <column columnName="integer">
        <datatype>integer</datatype>
        <columnTitle>Integer</columnTitle>
      </column>
      <column columnName="string">
        <datatype>varchar</datatype>
        <inputType>textarea</inputType>
        <columnTitle>String</columnTitle>
      </column>
    </columns>
    <tableTitle>Types</tableTitle>
  </table>
  <table tableName="APX-1" tableDbType="TABLE">
    <description>Contains up to one row of APX-1: Abbreviated Physical Exam data for each Mouse/Visit combination.</description>
    <columns>
      <column columnName="MouseId">
        <datatype>varchar</datatype>
        <columnTitle>Mouse Id</columnTitle>
        <description>Subject identifier</description>
        <propertyURI>http://cpas.labkey.com/Study#ParticipantId</propertyURI>
        <nullable>false</nullable>
        <importAliases>
          <importAlias>ptid</importAlias>
        </importAliases>
        <fk>
          <fkDbSchema>study</fkDbSchema>
          <fkTable>Mouse</fkTable>
          <fkColumnName>MouseId</fkColumnName>
        </fk>
      </column>
      <column columnName="SequenceNum">
        <datatype>double</datatype>
        <columnTitle>Sequence Num</columnTitle>
        <propertyURI>http://cpas.labkey.com/Study#SequenceNum</propertyURI>
        <nullable>false</nullable>
        <importAliases>
          <importAlias>visit</importAlias>
        </importAliases>
      </column>
      <column columnName="APXdt">
        <datatype>timestamp</datatype>
        <columnTitle>Exam Date</columnTitle>
      </column>
      <column columnName="APXwtkg">
        <datatype>double</datatype>
        <columnTitle>1. Weight</columnTitle>
        <formatString>##0</formatString>
      </column>
      <column columnName="APXwtqc">
        <datatype>varchar</datatype>
        <inputType>textarea</inputType>
        <columnTitle>Weight QC</columnTitle>
      </column>
      <column columnName="APXtempc">
        <datatype>double</datatype>
        <columnTitle>2. Body Temp</columnTitle>
        <formatString>#0.0</formatString>
      </column>
      <column columnName="APXtemqc">
        <datatype>varchar</datatype>
        <inputType>textarea</inputType>
        <columnTitle>Body Temp QC</columnTitle>
      </column>
      <column columnName="APXbpsys">
        <datatype>integer</datatype>
        <columnTitle>3. BP systolic xxx/</columnTitle>
        <formatString>##0</formatString>
      </column>
      <column columnName="APXbpdia">
        <datatype>integer</datatype>
        <columnTitle>3. BP diastolic /xxx</columnTitle>
        <formatString>##0</formatString>
      </column>
      <column columnName="APXbpqc">
        <datatype>varchar</datatype>
        <inputType>textarea</inputType>
        <columnTitle>Blood Pressure QC</columnTitle>
      </column>
      <column columnName="APXpulse">
        <datatype>integer</datatype>
        <columnTitle>4. Pulse</columnTitle>
        <formatString>##0</formatString>
      </column>
      <column columnName="APXresp">
        <datatype>integer</datatype>
        <columnTitle>5. Respirations</columnTitle>
        <formatString>#0</formatString>
      </column>
      <column columnName="APXheent">
        <datatype>varchar</datatype>
        <inputType>textarea</inputType>
        <columnTitle>6. HEENT</columnTitle>
      </column>
      <column columnName="APXheenx">
        <datatype>varchar</datatype>
        <inputType>textarea</inputType>
        <columnTitle>6. HEENT Notes</columnTitle>
      </column>
      <column columnName="APXneck">
        <datatype>varchar</datatype>
        <inputType>textarea</inputType>
        <columnTitle>7. Neck</columnTitle>
      </column>
      <column columnName="APXneckx">
        <datatype>varchar</datatype>
        <inputType>textarea</inputType>
        <columnTitle>7. Neck Notes</columnTitle>
      </column>
      <column columnName="APXlymph">
        <datatype>varchar</datatype>
        <inputType>textarea</inputType>
        <columnTitle>8. Lymph Nodes</columnTitle>
      </column>
      <column columnName="APXlympx">
        <datatype>varchar</datatype>
        <inputType>textarea</inputType>
        <columnTitle>8. Lymph Nodes Notes</columnTitle>
      </column>
      <column columnName="APXheart">
        <datatype>varchar</datatype>
        <inputType>textarea</inputType>
        <columnTitle>9. Heart</columnTitle>
      </column>
      <column columnName="APXhrtx">
        <datatype>varchar</datatype>
        <inputType>textarea</inputType>
        <columnTitle>9. Heart Notes</columnTitle>
      </column>
      <column columnName="APXchest">
        <datatype>varchar</datatype>
        <inputType>textarea</inputType>
        <columnTitle>10. Chest</columnTitle>
      </column>
      <column columnName="APXchstx">
        <datatype>varchar</datatype>
        <inputType>textarea</inputType>
        <columnTitle>10. Chest Notes</columnTitle>
      </column>
      <column columnName="APXabdom">
        <datatype>varchar</datatype>
        <inputType>textarea</inputType>
        <columnTitle>11. Abdomen</columnTitle>
      </column>
      <column columnName="APXabdox">
        <datatype>varchar</datatype>
        <inputType>textarea</inputType>
        <columnTitle>11. Abdomen Notes</columnTitle>
      </column>
      <column columnName="APXextrm">
        <datatype>varchar</datatype>
        <inputType>textarea</inputType>
        <columnTitle>12. Extremities</columnTitle>
      </column>
      <column columnName="APXextrx">
        <datatype>varchar</datatype>
        <inputType>textarea</inputType>
        <columnTitle>12. Extremities Notes</columnTitle>
      </column>
      <column columnName="APXneuro">
        <datatype>varchar</datatype>
        <inputType>textarea</inputType>
        <columnTitle>13. Neurological</columnTitle>
      </column>
      <column columnName="APXneurx">
        <datatype>varchar</datatype>
        <inputType>textarea</inputType>
        <columnTitle>13. Neurological Notes</columnTitle>
      </column>
      <column columnName="APXskin">
        <datatype>varchar</datatype>
        <inputType>textarea</inputType>
        <columnTitle>14. Skin</columnTitle>
      </column>
      <column columnName="APXskinx">
        <datatype>varchar</datatype>
        <inputType>textarea</inputType>
        <columnTitle>14. Skin Notes</columnTitle>
      </column>
      <column columnName="APXother">
        <datatype>varchar</datatype>
        <inputType>textarea</inputType>
        <columnTitle>15. Other</columnTitle>
      </column>
      <column columnName="APXothex">
        <datatype>varchar</datatype>
        <inputType>textarea</inputType>
        <columnTitle>15. Other Notes</columnTitle>
      </column>
      <column columnName="APXcemqc">
        <datatype>varchar</datatype>
        <inputType>textarea</inputType>
        <columnTitle>Sx-directed eval deemed</columnTitle>
      </column>
      <column columnName="APXcemh">
        <datatype>varchar</datatype>
        <inputType>textarea</inputType>
        <columnTitle>16. Evaluation Summary</columnTitle>
      </column>
      <column columnName="APXsign">
        <datatype>varchar</datatype>
        <inputType>textarea</inputType>
        <columnTitle>Clinician signature/date</columnTitle>
      </column>
      <column columnName="APXprdt">
        <datatype>timestamp</datatype>
        <columnTitle>17. Date Pregnancy test</columnTitle>
      </column>
      <column columnName="APXprtna">
        <datatype>varchar</datatype>
        <inputType>textarea</inputType>
        <columnTitle>17. Pregnancy test N/A</columnTitle>
      </column>
      <column columnName="APXpregt">
        <datatype>varchar</datatype>
        <inputType>textarea</inputType>
        <columnTitle>17a. Preg. test result</columnTitle>
      </column>
      <column columnName="APXco1x">
        <datatype>varchar</datatype>
        <inputType>textarea</inputType>
        <columnTitle>Comments</columnTitle>
      </column>
      <column columnName="formlang">
        <datatype>varchar</datatype>
        <inputType>textarea</inputType>
        <columnTitle>Form Language</columnTitle>
      </column>
      <column columnName="sfdt_136">
        <datatype>varchar</datatype>
        <inputType>textarea</inputType>
        <columnTitle>Staff Initials/Date</columnTitle>
      </column>
    </columns>
    <tableTitle>APX-1: Abbreviated Physical Exam</tableTitle>
  </table>
  <table tableName="RCH-1" tableDbType="TABLE">
    <description>Contains up to one row of RCH-1: Reactogenicity-Day 1 data for each Mouse/Visit combination.</description>
    <columns>
      <column columnName="MouseId">
        <datatype>varchar</datatype>
        <columnTitle>Mouse Id</columnTitle>
        <description>Subject identifier</description>
        <propertyURI>http://cpas.labkey.com/Study#ParticipantId</propertyURI>
        <nullable>false</nullable>
        <importAliases>
          <importAlias>ptid</importAlias>
        </importAliases>
        <fk>
          <fkDbSchema>study</fkDbSchema>
          <fkTable>Mouse</fkTable>
          <fkColumnName>MouseId</fkColumnName>
        </fk>
      </column>
      <column columnName="SequenceNum">
        <datatype>double</datatype>
        <columnTitle>Sequence Num</columnTitle>
        <propertyURI>http://cpas.labkey.com/Study#SequenceNum</propertyURI>
        <nullable>false</nullable>
        <importAliases>
          <importAlias>visit</importAlias>
        </importAliases>
      </column>
      <column columnName="RCHdt">
        <datatype>timestamp</datatype>
        <columnTitle>Assessment Date</columnTitle>
      </column>
      <column columnName="RCHassdn">
        <datatype>varchar</datatype>
        <inputType>textarea</inputType>
        <columnTitle>1.Was assessment done?</columnTitle>
      </column>
      <column columnName="RCHtempc">
        <datatype>double</datatype>
        <columnTitle>2.Body temperature</columnTitle>
        <formatString>#0.0</formatString>
      </column>
      <column columnName="RCHtemqc">
        <datatype>varchar</datatype>
        <inputType>textarea</inputType>
        <columnTitle>Body Temp</columnTitle>
      </column>
      <column columnName="RCHrdelt">
        <datatype>varchar</datatype>
        <inputType>textarea</inputType>
        <columnTitle>3. Right Deltoid</columnTitle>
      </column>
      <column columnName="RCHrles">
        <datatype>varchar</datatype>
        <inputType>textarea</inputType>
        <columnTitle>3a.Vaccine-related lesion</columnTitle>
      </column>
      <column columnName="RCHreryx">
        <datatype>integer</datatype>
        <columnTitle>3b.Erythema 1st measure</columnTitle>
        <formatString>#0.0</formatString>
      </column>
      <column columnName="RCHreryy">
        <datatype>integer</datatype>
        <columnTitle>3b.Erythema 2nd measure</columnTitle>
        <formatString>#0.0</formatString>
      </column>
      <column columnName="RCHrerqc">
        <datatype>varchar</datatype>
        <inputType>textarea</inputType>
        <columnTitle>Right Erythema</columnTitle>
      </column>
      <column columnName="RCHrindx">
        <datatype>integer</datatype>
        <columnTitle>3c.Induration 1st measure</columnTitle>
        <formatString>#0.0</formatString>
      </column>
      <column columnName="RCHrindy">
        <datatype>integer</datatype>
        <columnTitle>3c.Induration 2nd measure</columnTitle>
        <formatString>#0.0</formatString>
      </column>
      <column columnName="RCHrinqc">
        <datatype>varchar</datatype>
        <inputType>textarea</inputType>
        <columnTitle>Right Induration</columnTitle>
      </column>
      <column columnName="RCHldelt">
        <datatype>varchar</datatype>
        <inputType>textarea</inputType>
        <columnTitle>4. Left Deltoid</columnTitle>
      </column>
      <column columnName="RCHlles">
        <datatype>varchar</datatype>
        <inputType>textarea</inputType>
        <columnTitle>4a.Vaccine-related lesion</columnTitle>
      </column>
      <column columnName="RCHleryx">
        <datatype>double</datatype>
        <columnTitle>4b.Erythema 1st measure</columnTitle>
        <formatString>#0.0</formatString>
      </column>
      <column columnName="RCHleryy">
        <datatype>double</datatype>
        <columnTitle>4b.Erythema 2nd measure</columnTitle>
        <formatString>#0.0</formatString>
      </column>
      <column columnName="RCHlerqc">
        <datatype>varchar</datatype>
        <inputType>textarea</inputType>
        <columnTitle>Left Erythema</columnTitle>
      </column>
      <column columnName="RCHlindx">
        <datatype>double</datatype>
        <columnTitle>4c.Induration 1st measure</columnTitle>
        <formatString>#0.0</formatString>
      </column>
      <column columnName="RCHlindy">
        <datatype>double</datatype>
        <columnTitle>4c.Induration 2nd measure</columnTitle>
        <formatString>#0.0</formatString>
      </column>
      <column columnName="RCHlinqc">
        <datatype>varchar</datatype>
        <inputType>textarea</inputType>
        <columnTitle>Left Induration</columnTitle>
      </column>
      <column columnName="RCHlnanp">
        <datatype>varchar</datatype>
        <inputType>textarea</inputType>
        <columnTitle>5.AxillaryLymphadenopathy</columnTitle>
      </column>
      <column columnName="RCHlnaqc">
        <datatype>varchar</datatype>
        <inputType>textarea</inputType>
        <columnTitle>Lymphadenopathy</columnTitle>
      </column>
      <column columnName="RCHmf">
        <datatype>varchar</datatype>
        <inputType>textarea</inputType>
        <columnTitle>6a.Malaise/Fatigue</columnTitle>
      </column>
      <column columnName="RCHmfqc">
        <datatype>varchar</datatype>
        <inputType>textarea</inputType>
        <columnTitle>Malaise/Fatigue</columnTitle>
      </column>
      <column columnName="RCHmyal">
        <datatype>varchar</datatype>
        <inputType>textarea</inputType>
        <columnTitle>6b.Myalgia</columnTitle>
      </column>
      <column columnName="RCHmyaqc">
        <datatype>varchar</datatype>
        <inputType>textarea</inputType>
        <columnTitle>Myalgia</columnTitle>
      </column>
      <column columnName="RCHhead">
        <datatype>varchar</datatype>
        <inputType>textarea</inputType>
        <columnTitle>6c.Headache</columnTitle>
      </column>
      <column columnName="RCHheaqc">
        <datatype>varchar</datatype>
        <inputType>textarea</inputType>
        <columnTitle>Headache</columnTitle>
      </column>
      <column columnName="RCHnaus">
        <datatype>varchar</datatype>
        <inputType>textarea</inputType>
        <columnTitle>6d.Nausea</columnTitle>
      </column>
      <column columnName="RCHnauqc">
        <datatype>varchar</datatype>
        <inputType>textarea</inputType>
        <columnTitle>Nausea</columnTitle>
      </column>
      <column columnName="RCHvom">
        <datatype>varchar</datatype>
        <inputType>textarea</inputType>
        <columnTitle>6e.Vomiting</columnTitle>
      </column>
      <column columnName="RCHvomqc">
        <datatype>varchar</datatype>
        <inputType>textarea</inputType>
        <columnTitle>Vomiting</columnTitle>
      </column>
      <column columnName="RCHchill">
        <datatype>varchar</datatype>
        <inputType>textarea</inputType>
        <columnTitle>6f.Chills</columnTitle>
      </column>
      <column columnName="RCHchiqc">
        <datatype>varchar</datatype>
        <inputType>textarea</inputType>
        <columnTitle>Chills</columnTitle>
      </column>
      <column columnName="RCHarth">
        <datatype>varchar</datatype>
        <inputType>textarea</inputType>
        <columnTitle>6g.Arthralgia</columnTitle>
      </column>
      <column columnName="RCHartqc">
        <datatype>varchar</datatype>
        <inputType>textarea</inputType>
        <columnTitle>Arthralgia</columnTitle>
      </column>
      <column columnName="RCHlpr">
        <datatype>varchar</datatype>
        <inputType>textarea</inputType>
        <columnTitle>7a.Pain (R deltoid)</columnTitle>
      </column>
      <column columnName="RCHlprqc">
        <datatype>varchar</datatype>
        <inputType>textarea</inputType>
        <columnTitle>Local pain (right)</columnTitle>
      </column>
      <column columnName="RCHtr">
        <datatype>varchar</datatype>
        <inputType>textarea</inputType>
        <columnTitle>7b.Tenderness (R deltoid)</columnTitle>
      </column>
      <column columnName="RCHtrqc">
        <datatype>varchar</datatype>
        <inputType>textarea</inputType>
        <columnTitle>Local tenderness (right)</columnTitle>
      </column>
      <column columnName="RCHlpl">
        <datatype>varchar</datatype>
        <inputType>textarea</inputType>
        <columnTitle>7c.Pain (L deltoid)</columnTitle>
      </column>
      <column columnName="RCHlplqc">
        <datatype>varchar</datatype>
        <inputType>textarea</inputType>
        <columnTitle>Local pain (left)</columnTitle>
      </column>
      <column columnName="RCHtl">
        <datatype>varchar</datatype>
        <inputType>textarea</inputType>
        <columnTitle>7d.Tenderness (L deltoid)</columnTitle>
      </column>
      <column columnName="RCHtlqc">
        <datatype>varchar</datatype>
        <inputType>textarea</inputType>
        <columnTitle>Local tenderness (left)</columnTitle>
      </column>
      <column columnName="RCHcomx">
        <datatype>varchar</datatype>
        <inputType>textarea</inputType>
        <columnTitle>Comments</columnTitle>
      </column>
      <column columnName="formlang">
        <datatype>varchar</datatype>
        <inputType>textarea</inputType>
        <columnTitle>Form Language</columnTitle>
      </column>
      <column columnName="sfdt_186">
        <datatype>varchar</datatype>
        <inputType>textarea</inputType>
        <columnTitle>Staff Initials/Date</columnTitle>
      </column>
    </columns>
    <tableTitle>RCH-1: Reactogenicity-Day 1</tableTitle>
  </table>
  <table tableName="RCF-1" tableDbType="TABLE">
    <description>Contains up to one row of RCF-1: Reactogenicity-Day 2 data for each Mouse/Visit combination.</description>
    <columns>
      <column columnName="MouseId">
        <datatype>varchar</datatype>
        <columnTitle>Mouse Id</columnTitle>
        <description>Subject identifier</description>
        <propertyURI>http://cpas.labkey.com/Study#ParticipantId</propertyURI>
        <nullable>false</nullable>
        <importAliases>
          <importAlias>ptid</importAlias>
        </importAliases>
        <fk>
          <fkDbSchema>study</fkDbSchema>
          <fkTable>Mouse</fkTable>
          <fkColumnName>MouseId</fkColumnName>
        </fk>
      </column>
      <column columnName="SequenceNum">
        <datatype>double</datatype>
        <columnTitle>Sequence Num</columnTitle>
        <propertyURI>http://cpas.labkey.com/Study#SequenceNum</propertyURI>
        <nullable>false</nullable>
        <importAliases>
          <importAlias>visit</importAlias>
        </importAliases>
      </column>
      <column columnName="RCFdt">
        <datatype>timestamp</datatype>
        <columnTitle>Assessment Date</columnTitle>
      </column>
      <column columnName="RCFassdn">
        <datatype>varchar</datatype>
        <inputType>textarea</inputType>
        <columnTitle>1.Was assessment done?</columnTitle>
      </column>
      <column columnName="RCFtempc">
        <datatype>double</datatype>
        <columnTitle>2.Body temperature</columnTitle>
        <formatString>#0.0</formatString>
      </column>
      <column columnName="RCFtemqc">
        <datatype>varchar</datatype>
        <inputType>textarea</inputType>
        <columnTitle>Body Temp</columnTitle>
      </column>
      <column columnName="RCFrdelt">
        <datatype>varchar</datatype>
        <inputType>textarea</inputType>
        <columnTitle>3. Right Deltoid</columnTitle>
      </column>
      <column columnName="RCFrles">
        <datatype>varchar</datatype>
        <inputType>textarea</inputType>
        <columnTitle>3a.Vaccine-related lesion</columnTitle>
      </column>
      <column columnName="RCFreryx">
        <datatype>integer</datatype>
        <columnTitle>3b.Erythema 1st measure</columnTitle>
        <formatString>#0.0</formatString>
      </column>
      <column columnName="RCFreryy">
        <datatype>integer</datatype>
        <columnTitle>3b.Erythema 2nd measure</columnTitle>
        <formatString>#0.0</formatString>
      </column>
      <column columnName="RCFrerqc">
        <datatype>varchar</datatype>
        <inputType>textarea</inputType>
        <columnTitle>Right Erythema</columnTitle>
      </column>
      <column columnName="RCFrindx">
        <datatype>integer</datatype>
        <columnTitle>3c.Induration 1st measure</columnTitle>
        <formatString>#0.0</formatString>
      </column>
      <column columnName="RCFrindy">
        <datatype>integer</datatype>
        <columnTitle>3c.Induration 2nd measure</columnTitle>
        <formatString>#0.0</formatString>
      </column>
      <column columnName="RCFrinqc">
        <datatype>varchar</datatype>
        <inputType>textarea</inputType>
        <columnTitle>Right Induration</columnTitle>
      </column>
      <column columnName="RCFldelt">
        <datatype>varchar</datatype>
        <inputType>textarea</inputType>
        <columnTitle>4. Left Deltoid</columnTitle>
      </column>
      <column columnName="RCFlles">
        <datatype>varchar</datatype>
        <inputType>textarea</inputType>
        <columnTitle>4a.Vaccine-related lesion</columnTitle>
      </column>
      <column columnName="RCFleryx">
        <datatype>double</datatype>
        <columnTitle>4b.Erythema 1st measure</columnTitle>
        <formatString>#0.0</formatString>
      </column>
      <column columnName="RCFleryy">
        <datatype>double</datatype>
        <columnTitle>4b.Erythema 2nd measure</columnTitle>
        <formatString>#0.0</formatString>
      </column>
      <column columnName="RCFlerqc">
        <datatype>varchar</datatype>
        <inputType>textarea</inputType>
        <columnTitle>Left Erythema</columnTitle>
      </column>
      <column columnName="RCFlindx">
        <datatype>double</datatype>
        <columnTitle>4c.Induration 1st measure</columnTitle>
        <formatString>#0.0</formatString>
      </column>
      <column columnName="RCFlindy">
        <datatype>double</datatype>
        <columnTitle>4c.Induration 2nd measure</columnTitle>
        <formatString>#0.0</formatString>
      </column>
      <column columnName="RCFlinqc">
        <datatype>varchar</datatype>
        <inputType>textarea</inputType>
        <columnTitle>Left Induration</columnTitle>
      </column>
      <column columnName="RCFlnanp">
        <datatype>varchar</datatype>
        <inputType>textarea</inputType>
        <columnTitle>5.AxillaryLymphadenopathy</columnTitle>
      </column>
      <column columnName="RCFlnaqc">
        <datatype>varchar</datatype>
        <inputType>textarea</inputType>
        <columnTitle>Lymphadenopathy</columnTitle>
      </column>
      <column columnName="RCFmf">
        <datatype>varchar</datatype>
        <inputType>textarea</inputType>
        <columnTitle>6a.Malaise/Fatigue</columnTitle>
      </column>
      <column columnName="RCFmfqc">
        <datatype>varchar</datatype>
        <inputType>textarea</inputType>
        <columnTitle>Malaise/Fatigue</columnTitle>
      </column>
      <column columnName="RCFmyal">
        <datatype>varchar</datatype>
        <inputType>textarea</inputType>
        <columnTitle>6b.Myalgia</columnTitle>
      </column>
      <column columnName="RCFmyaqc">
        <datatype>varchar</datatype>
        <inputType>textarea</inputType>
        <columnTitle>Myalgia</columnTitle>
      </column>
      <column columnName="RCFhead">
        <datatype>varchar</datatype>
        <inputType>textarea</inputType>
        <columnTitle>6c.Headache</columnTitle>
      </column>
      <column columnName="RCFheaqc">
        <datatype>varchar</datatype>
        <inputType>textarea</inputType>
        <columnTitle>Headache</columnTitle>
      </column>
      <column columnName="RCFnaus">
        <datatype>varchar</datatype>
        <inputType>textarea</inputType>
        <columnTitle>6d.Nausea</columnTitle>
      </column>
      <column columnName="RCFnauqc">
        <datatype>varchar</datatype>
        <inputType>textarea</inputType>
        <columnTitle>Nausea</columnTitle>
      </column>
      <column columnName="RCFvom">
        <datatype>varchar</datatype>
        <inputType>textarea</inputType>
        <columnTitle>6e.Vomiting</columnTitle>
      </column>
      <column columnName="RCFvomqc">
        <datatype>varchar</datatype>
        <inputType>textarea</inputType>
        <columnTitle>Vomiting</columnTitle>
      </column>
      <column columnName="RCFchill">
        <datatype>varchar</datatype>
        <inputType>textarea</inputType>
        <columnTitle>6f.Chills</columnTitle>
      </column>
      <column columnName="RCFchiqc">
        <datatype>varchar</datatype>
        <inputType>textarea</inputType>
        <columnTitle>Chills</columnTitle>
      </column>
      <column columnName="RCFarth">
        <datatype>varchar</datatype>
        <inputType>textarea</inputType>
        <columnTitle>6g.Arthralgia</columnTitle>
      </column>
      <column columnName="RCFartqc">
        <datatype>varchar</datatype>
        <inputType>textarea</inputType>
        <columnTitle>Arthralgia</columnTitle>
      </column>
      <column columnName="RCFlpr">
        <datatype>varchar</datatype>
        <inputType>textarea</inputType>
        <columnTitle>7a.Pain (R deltoid)</columnTitle>
      </column>
      <column columnName="RCFlprqc">
        <datatype>varchar</datatype>
        <inputType>textarea</inputType>
        <columnTitle>Local pain (right)</columnTitle>
      </column>
      <column columnName="RCFtr">
        <datatype>varchar</datatype>
        <inputType>textarea</inputType>
        <columnTitle>7b.Tenderness (R deltoid)</columnTitle>
      </column>
      <column columnName="RCFtrqc">
        <datatype>varchar</datatype>
        <inputType>textarea</inputType>
        <columnTitle>Local tenderness (right)</columnTitle>
      </column>
      <column columnName="RCFlpl">
        <datatype>varchar</datatype>
        <inputType>textarea</inputType>
        <columnTitle>7c.Pain (L deltoid)</columnTitle>
      </column>
      <column columnName="RCFlplqc">
        <datatype>varchar</datatype>
        <inputType>textarea</inputType>
        <columnTitle>Local pain (left)</columnTitle>
      </column>
      <column columnName="RCFtl">
        <datatype>varchar</datatype>
        <inputType>textarea</inputType>
        <columnTitle>7d.Tenderness (L deltoid)</columnTitle>
      </column>
      <column columnName="RCFtlqc">
        <datatype>varchar</datatype>
        <inputType>textarea</inputType>
        <columnTitle>Local tenderness (left)</columnTitle>
      </column>
      <column columnName="RCFcomx">
        <datatype>varchar</datatype>
        <inputType>textarea</inputType>
        <columnTitle>Comments</columnTitle>
      </column>
      <column columnName="formlang">
        <datatype>varchar</datatype>
        <inputType>textarea</inputType>
        <columnTitle>Form Language</columnTitle>
      </column>
      <column columnName="sfdt_188">
        <datatype>varchar</datatype>
        <inputType>textarea</inputType>
        <columnTitle>Staff Initials/Date</columnTitle>
      </column>
    </columns>
    <tableTitle>RCF-1: Reactogenicity-Day 2</tableTitle>
  </table>
</tables>