<?xml version="1.0" encoding="UTF-8"?>
<datasets metaDataFile="datasets_metadata.xml" xmlns="http://labkey.org/study/xml">
  <datasets>
    <dataset name="DEM-1" id="1" demographicData="true" type="Standard">
      <tags/>
    </dataset>
    <dataset name="Alt ID mapping" id="5002" type="Standard">
      <tags/>
    </dataset>
    <dataset name="TYP" id="2" type="Standard">
      <tags/>
    </dataset>
    <dataset name="APX-1" id="136" type="Standard">
      <tags/>
    </dataset>
    <dataset name="RCH-1" id="186" type="Standard">
      <tags/>
    </dataset>
    <dataset name="RCF-1" id="188" type="Standard">
      <tags/>
    </dataset>
  </datasets>
</datasets>