<?xml version="1.0" encoding="UTF-8"?>
<!--Exported from LabKey Server at http://localhost:8080/labkey/project/FolderTestProject/A/AA/begin.view by ryans on Fri Jun 26 15:10:04 PDT 2015-->
<tables xmlns="http://labkey.org/data/xml">
  <table tableName="Reagents" tableDbType="TABLE">
    <columns>
      <column columnName="Key">
        <datatype>integer</datatype>
        <columnTitle>Key</columnTitle>
        <rangeURI>http://www.w3.org/2001/XMLSchema#int</rangeURI>
        <nullable>false</nullable>
        <isHidden>true</isHidden>
        <isKeyField>true</isKeyField>
        <isAutoInc>true</isAutoInc>
      </column>
      <column columnName="Reagent">
        <datatype>varchar</datatype>
        <columnTitle>Reagent</columnTitle>
        <rangeURI>http://www.w3.org/2001/XMLSchema#string</rangeURI>
      </column>
    </columns>
    <pkColumnName>Key</pkColumnName>
  </table>
  <table tableName="Technicians" tableDbType="TABLE">
    <columns>
      <column columnName="Key">
        <datatype>integer</datatype>
        <columnTitle>Key</columnTitle>
        <rangeURI>http://www.w3.org/2001/XMLSchema#int</rangeURI>
        <nullable>false</nullable>
        <isHidden>true</isHidden>
        <measure>true</measure>
        <isKeyField>true</isKeyField>
        <isAutoInc>true</isAutoInc>
      </column>
      <column columnName="FirstName">
        <datatype>varchar</datatype>
        <columnTitle>First Name</columnTitle>
        <rangeURI>http://www.w3.org/2001/XMLSchema#string</rangeURI>
      </column>
      <column columnName="LastName">
        <datatype>varchar</datatype>
        <columnTitle>Last Name</columnTitle>
        <rangeURI>http://www.w3.org/2001/XMLSchema#string</rangeURI>
      </column>
      <column columnName="ID">
        <datatype>integer</datatype>
        <columnTitle>ID</columnTitle>
        <rangeURI>http://www.w3.org/2001/XMLSchema#int</rangeURI>
      </column>
    </columns>
    <pkColumnName>Key</pkColumnName>
  </table>
  <table tableName="Lab Machines" tableDbType="TABLE">
    <columns>
      <column columnName="InstrumentID">
        <datatype>varchar</datatype>
        <columnTitle>Instrument ID</columnTitle>
        <rangeURI>http://www.w3.org/2001/XMLSchema#string</rangeURI>
        <nullable>false</nullable>
        <isKeyField>true</isKeyField>
      </column>
      <column columnName="Name">
        <datatype>varchar</datatype>
        <columnTitle>Name</columnTitle>
        <rangeURI>http://www.w3.org/2001/XMLSchema#string</rangeURI>
      </column>
      <column columnName="ContactPerson">
        <datatype>varchar</datatype>
        <columnTitle>Contact Person</columnTitle>
        <rangeURI>http://www.w3.org/2001/XMLSchema#string</rangeURI>
      </column>
    </columns>
    <pkColumnName>InstrumentID</pkColumnName>
  </table>
</tables>