Sample	Population	Graph	Path
032912 BCG 30.2  11.001		FSC-H:SSC-H	032912 BCG 30.2  11/e7899cfc3caac8d5dc287cc7b208aa4a.png
032912 BCG 30.2  11.001	FSC-H; SSC-H subset	FL1-H:FL3-H	032912 BCG 30.2  11/411c629c36228654945b5398203f6ac4.png
032912 BCG 30.2  11.001	FSC-H; SSC-H subset	FL1-H:FL4-H	032912 BCG 30.2  11/29f25a4032ac6c66f49ff7d3b794a311.png
032912 BCG 30.2  11.001	FSC-H; SSC-H subset	FL3-H:FL4-H	032912 BCG 30.2  11/d67040defb3fe9305284ea158ec2c011.png
032912 BCG 30.2  11.001	FSC-H; SSC-H subset/CD8+BRIGHTCD3+	FL1-H:FL2-H	032912 BCG 30.2  11/1da394b5d3cdb014440f9bc7e304fe16.png
10-323-7_M243_H02.fcs		FSC-A:SSC-A	10-323-7_M243_H02/1b896c816255edc1ff68f4a688516089.png
10-323-7_M243_H02.fcs	LYMPHS	<Alexa Fluor 700-A>:SSC-A	10-323-7_M243_H02/ce12e7a7c713c5b83a9ce02a44a5ca2d.png
10-323-7_M243_H02.fcs	LYMPHS/CD3+	<APC-Cy7-A>:<PerCP-Cy5-5-A>	10-323-7_M243_H02/9f8736e9eaae91719e925dd338425dc5.png
10-323-7_M243_H02.fcs	LYMPHS/CD3+/CD4+	<APC-A>:<PE-Cy7-A>	10-323-7_M243_H02/162c11ac826add360e534a3185202683.png
10-323-7_M243_H02.fcs	LYMPHS/CD3+/CD4+/memory	<FITC-A>:<PE-A>	10-323-7_M243_H02/75296fd2846e6c563f8d4b2dbb5c8b70.png
10-323-7_M243_H02.fcs	LYMPHS/CD3+/CD8+	<APC-A>:<PE-Cy7-A>	10-323-7_M243_H02/2081205c7c25994c7dc977f477a80600.png
10-323-7_M243_H02.fcs	LYMPHS/CD3+/CD8+/memory	<FITC-A>:<PE-A>	10-323-7_M243_H02/755a4ccc42e3f29d43869396f8052a31.png
