Sample	Keyword	Value
10-323-7_M243_H02.fcs	$BEGINANALYSIS	0
10-323-7_M243_H02.fcs	$BEGINDATA	3595
10-323-7_M243_H02.fcs	$BEGINSTEXT	0
10-323-7_M243_H02.fcs	$BTIM	10:35:15
10-323-7_M243_H02.fcs	$BYTEORD	4,3,2,1
10-323-7_M243_H02.fcs	$CYT	Blue (LSRII)
10-323-7_M243_H02.fcs	$DATATYPE	F
10-323-7_M243_H02.fcs	$DATE	20-JUN-2012
10-323-7_M243_H02.fcs	$ENDANALYSIS	0
10-323-7_M243_H02.fcs	$ENDDATA	"7846394            "
10-323-7_M243_H02.fcs	$ENDSTEXT	0
10-323-7_M243_H02.fcs	$ETIM	10:37:27
10-323-7_M243_H02.fcs	$FIL	10-323-7_M243_H02.fcs
10-323-7_M243_H02.fcs	$INST	" "
10-323-7_M243_H02.fcs	$MODE	L
10-323-7_M243_H02.fcs	$NEXTDATA	0
10-323-7_M243_H02.fcs	$OP	Katie
10-323-7_M243_H02.fcs	$P10B	32
10-323-7_M243_H02.fcs	$P10E	0,0
10-323-7_M243_H02.fcs	$P10G	1.0
10-323-7_M243_H02.fcs	$P10N	PE-Cy7-A
10-323-7_M243_H02.fcs	$P10R	262144
10-323-7_M243_H02.fcs	$P10S	CD28
10-323-7_M243_H02.fcs	$P10V	562
10-323-7_M243_H02.fcs	$P11B	32
10-323-7_M243_H02.fcs	$P11E	0,0
10-323-7_M243_H02.fcs	$P11G	1.0
10-323-7_M243_H02.fcs	$P11N	APC-A
10-323-7_M243_H02.fcs	$P11R	262144
10-323-7_M243_H02.fcs	$P11S	CD95
10-323-7_M243_H02.fcs	$P11V	671
10-323-7_M243_H02.fcs	$P12B	32
10-323-7_M243_H02.fcs	$P12E	0,0
10-323-7_M243_H02.fcs	$P12G	1.0
10-323-7_M243_H02.fcs	$P12N	Alexa Fluor 700-A
10-323-7_M243_H02.fcs	$P12R	262144
10-323-7_M243_H02.fcs	$P12S	CD3
10-323-7_M243_H02.fcs	$P12V	644
10-323-7_M243_H02.fcs	$P13B	32
10-323-7_M243_H02.fcs	$P13E	0,0
10-323-7_M243_H02.fcs	$P13G	1.0
10-323-7_M243_H02.fcs	$P13N	APC-Cy7-A
10-323-7_M243_H02.fcs	$P13R	262144
10-323-7_M243_H02.fcs	$P13S	CD8
10-323-7_M243_H02.fcs	$P13V	624
10-323-7_M243_H02.fcs	$P14B	32
10-323-7_M243_H02.fcs	$P14E	0,0
10-323-7_M243_H02.fcs	$P14G	0.01
10-323-7_M243_H02.fcs	$P14N	Time
10-323-7_M243_H02.fcs	$P14R	2048
10-323-7_M243_H02.fcs	$P1B	32
10-323-7_M243_H02.fcs	$P1E	0,0
10-323-7_M243_H02.fcs	$P1G	1.0
10-323-7_M243_H02.fcs	$P1N	FSC-A
10-323-7_M243_H02.fcs	$P1R	262144
10-323-7_M243_H02.fcs	$P1V	310
10-323-7_M243_H02.fcs	$P2B	32
10-323-7_M243_H02.fcs	$P2E	0,0
10-323-7_M243_H02.fcs	$P2G	1.0
10-323-7_M243_H02.fcs	$P2N	FSC-H
10-323-7_M243_H02.fcs	$P2R	262144
10-323-7_M243_H02.fcs	$P2V	310
10-323-7_M243_H02.fcs	$P3B	32
10-323-7_M243_H02.fcs	$P3E	0,0
10-323-7_M243_H02.fcs	$P3G	1.0
10-323-7_M243_H02.fcs	$P3N	FSC-W
10-323-7_M243_H02.fcs	$P3R	262144
10-323-7_M243_H02.fcs	$P3V	310
10-323-7_M243_H02.fcs	$P4B	32
10-323-7_M243_H02.fcs	$P4E	0,0
10-323-7_M243_H02.fcs	$P4G	1.0
10-323-7_M243_H02.fcs	$P4N	SSC-A
10-323-7_M243_H02.fcs	$P4R	262144
10-323-7_M243_H02.fcs	$P4V	225
10-323-7_M243_H02.fcs	$P5B	32
10-323-7_M243_H02.fcs	$P5E	0,0
10-323-7_M243_H02.fcs	$P5G	1.0
10-323-7_M243_H02.fcs	$P5N	SSC-H
10-323-7_M243_H02.fcs	$P5R	262144
10-323-7_M243_H02.fcs	$P5V	225
10-323-7_M243_H02.fcs	$P6B	32
10-323-7_M243_H02.fcs	$P6E	0,0
10-323-7_M243_H02.fcs	$P6G	1.0
10-323-7_M243_H02.fcs	$P6N	SSC-W
10-323-7_M243_H02.fcs	$P6R	262144
10-323-7_M243_H02.fcs	$P6V	225
10-323-7_M243_H02.fcs	$P7B	32
10-323-7_M243_H02.fcs	$P7E	0,0
10-323-7_M243_H02.fcs	$P7G	1.0
10-323-7_M243_H02.fcs	$P7N	FITC-A
10-323-7_M243_H02.fcs	$P7R	262144
10-323-7_M243_H02.fcs	$P7S	CCR7
10-323-7_M243_H02.fcs	$P7V	489
10-323-7_M243_H02.fcs	$P8B	32
10-323-7_M243_H02.fcs	$P8E	0,0
10-323-7_M243_H02.fcs	$P8G	1.0
10-323-7_M243_H02.fcs	$P8N	PE-A
10-323-7_M243_H02.fcs	$P8R	262144
10-323-7_M243_H02.fcs	$P8S	CCR5
10-323-7_M243_H02.fcs	$P8V	448
10-323-7_M243_H02.fcs	$P9B	32
10-323-7_M243_H02.fcs	$P9E	0,0
10-323-7_M243_H02.fcs	$P9G	1.0
10-323-7_M243_H02.fcs	$P9N	PerCP-Cy5-5-A
10-323-7_M243_H02.fcs	$P9R	262144
10-323-7_M243_H02.fcs	$P9S	CD4
10-323-7_M243_H02.fcs	$P9V	530
10-323-7_M243_H02.fcs	$PAR	14
10-323-7_M243_H02.fcs	$SRC	10-323-7
10-323-7_M243_H02.fcs	$SYS	Windows XP 5.1
10-323-7_M243_H02.fcs	$TIMESTEP	0.08
10-323-7_M243_H02.fcs	$TOT	"140050             "
10-323-7_M243_H02.fcs	APPLY COMPENSATION	TRUE
10-323-7_M243_H02.fcs	AUTOBS	TRUE
10-323-7_M243_H02.fcs	CREATOR	BD FACSDiva Software Version 6.1.1
10-323-7_M243_H02.fcs	CST BASELINE DATE	07/28/2008 01:11:26 PM
10-323-7_M243_H02.fcs	CST BEADS LOT ID	85631
10-323-7_M243_H02.fcs	CST SETUP DATE	08/12/2008 09:39:26 AM
10-323-7_M243_H02.fcs	CST SETUP STATUS	SUCCESS
10-323-7_M243_H02.fcs	CYTNUM	H47300025
10-323-7_M243_H02.fcs	CYTOMETER CONFIG CREATE DATE	07/28/2008 11:20:34 AM
10-323-7_M243_H02.fcs	CYTOMETER CONFIG NAME	BIDMC  072508
10-323-7_M243_H02.fcs	EXPERIMENT NAME	06-20-12 2012 mem naive studies
10-323-7_M243_H02.fcs	EXPORT TIME	20-JUN-2012-10:38:12
10-323-7_M243_H02.fcs	EXPORT USER NAME	Katie
10-323-7_M243_H02.fcs	FJ_$P14R	262144
10-323-7_M243_H02.fcs	FJ_$TIMESTEP	0.01
10-323-7_M243_H02.fcs	FJ_CompMatrixName	06-20-12 mem naive
10-323-7_M243_H02.fcs	FSC ASF	0.90
10-323-7_M243_H02.fcs	GUID	7b8862cb-bd2a-4321-88ee-0874d98fb1af
10-323-7_M243_H02.fcs	LASER1ASF	1.14
10-323-7_M243_H02.fcs	LASER1DELAY	0.00
10-323-7_M243_H02.fcs	LASER1NAME	Blue
10-323-7_M243_H02.fcs	LASER2ASF	1.20
10-323-7_M243_H02.fcs	LASER2DELAY	17.40
10-323-7_M243_H02.fcs	LASER2NAME	Violet
10-323-7_M243_H02.fcs	LASER3ASF	0.85
10-323-7_M243_H02.fcs	LASER3DELAY	52.62
10-323-7_M243_H02.fcs	LASER3NAME	Red
10-323-7_M243_H02.fcs	P10BS	1106
10-323-7_M243_H02.fcs	P10DISPLAY	LOG
10-323-7_M243_H02.fcs	P10MS	0
10-323-7_M243_H02.fcs	P11BS	615
10-323-7_M243_H02.fcs	P11DISPLAY	LOG
10-323-7_M243_H02.fcs	P11MS	0
10-323-7_M243_H02.fcs	P12BS	2364
10-323-7_M243_H02.fcs	P12DISPLAY	LOG
10-323-7_M243_H02.fcs	P12MS	0
10-323-7_M243_H02.fcs	P13BS	531
10-323-7_M243_H02.fcs	P13DISPLAY	LOG
10-323-7_M243_H02.fcs	P13MS	0
10-323-7_M243_H02.fcs	P14BS	0
10-323-7_M243_H02.fcs	P14MS	0
10-323-7_M243_H02.fcs	P1BS	0
10-323-7_M243_H02.fcs	P1DISPLAY	LIN
10-323-7_M243_H02.fcs	P1MS	0
10-323-7_M243_H02.fcs	P2BS	0
10-323-7_M243_H02.fcs	P2DISPLAY	LIN
10-323-7_M243_H02.fcs	P2MS	0
10-323-7_M243_H02.fcs	P3BS	-1
10-323-7_M243_H02.fcs	P3MS	0
10-323-7_M243_H02.fcs	P4BS	0
10-323-7_M243_H02.fcs	P4DISPLAY	LIN
10-323-7_M243_H02.fcs	P4MS	0
10-323-7_M243_H02.fcs	P5BS	0
10-323-7_M243_H02.fcs	P5DISPLAY	LIN
10-323-7_M243_H02.fcs	P5MS	0
10-323-7_M243_H02.fcs	P6BS	-1
10-323-7_M243_H02.fcs	P6MS	0
10-323-7_M243_H02.fcs	P7BS	117
10-323-7_M243_H02.fcs	P7DISPLAY	LOG
10-323-7_M243_H02.fcs	P7MS	0
10-323-7_M243_H02.fcs	P8BS	360
10-323-7_M243_H02.fcs	P8DISPLAY	LOG
10-323-7_M243_H02.fcs	P8MS	0
10-323-7_M243_H02.fcs	P9BS	295
10-323-7_M243_H02.fcs	P9DISPLAY	LOG
10-323-7_M243_H02.fcs	P9MS	0
10-323-7_M243_H02.fcs	PATIENT ID	" "
10-323-7_M243_H02.fcs	PLATE ID	76da7164-622c-452e-aca5-1e7e3e40e67f
10-323-7_M243_H02.fcs	PLATE NAME	06-20-12 10-323-7
10-323-7_M243_H02.fcs	SAMPLE ID	" "
10-323-7_M243_H02.fcs	SPILL	7,FITC-A,PE-A,PerCP-Cy5-5-A,PE-Cy7-A,APC-A,Alexa Fluor 700-A,APC-Cy7-A,1,0.2881249841385142,0.019062500614550323,0.002822094334283654,0.0007863923165151889,0,0,0.006781640027954919,1,0.0821431762858923,0.01763328848421388,0.00041858328308876823,0.00010045999545549175,0,0.000068547930959653,0.0002056437928789583,1,0.4027790194317874,0.04667222460872299,0.14093665234411962,0.05753015356472403,0.0007705012112923034,0.02628768716081126,0.005438832244755422,1,0.000937780831334931,0.001993840902674083,0.023568271720916977,0,0.00005560509885707936,0.003929426841181323,0.000799282628756998,1,0.12250721944725303,0.03548727323339698,0.0043902627128858725,0.002926841971821816,0.04253676772700379,0.02840234655137398,0.014585004298648584,1,0.2708826265489567,0.0001509041016505487,0.0004527123049516441,0.0004527123049516417,0.05418075058380278,0.057364519482257,0.047481841075846735,1
10-323-7_M243_H02.fcs	THRESHOLD	FSC,45000
10-323-7_M243_H02.fcs	TUBE NAME	M243
10-323-7_M243_H02.fcs	WELL ID	H02
10-323-7_M243_H02.fcs	WINDOW EXTENSION	10.00
032912 BCG 30.2  11.001	$BTIM	14:17:55
032912 BCG 30.2  11.001	$BYTEORD	4,3,2,1
032912 BCG 30.2  11.001	$CYT	FACSCalibur
032912 BCG 30.2  11.001	$DATATYPE	I
032912 BCG 30.2  11.001	$DATE	29-Mar-12
032912 BCG 30.2  11.001	$ETIM	14:19:10
032912 BCG 30.2  11.001	$FIL	032912 BCG 30.2  11.001
032912 BCG 30.2  11.001	$MODE	L
032912 BCG 30.2  11.001	$NEXTDATA	0
032912 BCG 30.2  11.001	$P1B	16
032912 BCG 30.2  11.001	$P1E	0,0
032912 BCG 30.2  11.001	$P1N	FSC-H
032912 BCG 30.2  11.001	$P1R	1024
032912 BCG 30.2  11.001	$P1S	FSC-Height
032912 BCG 30.2  11.001	$P2B	16
032912 BCG 30.2  11.001	$P2E	0,0
032912 BCG 30.2  11.001	$P2N	SSC-H
032912 BCG 30.2  11.001	$P2R	1024
032912 BCG 30.2  11.001	$P2S	SSC-Height
032912 BCG 30.2  11.001	$P3B	16
032912 BCG 30.2  11.001	$P3E	4,0
032912 BCG 30.2  11.001	$P3N	FL1-H
032912 BCG 30.2  11.001	$P3R	1024
032912 BCG 30.2  11.001	$P3S	CD8 FITC
032912 BCG 30.2  11.001	$P4B	16
032912 BCG 30.2  11.001	$P4E	4,0
032912 BCG 30.2  11.001	$P4N	FL2-H
032912 BCG 30.2  11.001	$P4R	1024
032912 BCG 30.2  11.001	$P4S	p11C-PE
032912 BCG 30.2  11.001	$P5B	16
032912 BCG 30.2  11.001	$P5E	4,0
032912 BCG 30.2  11.001	$P5N	FL3-H
032912 BCG 30.2  11.001	$P5R	1024
032912 BCG 30.2  11.001	$P5S	CD4 PerCP-Cy5.5
032912 BCG 30.2  11.001	$P6B	16
032912 BCG 30.2  11.001	$P6E	0,0
032912 BCG 30.2  11.001	$P6N	FL1-A
032912 BCG 30.2  11.001	$P6R	1024
032912 BCG 30.2  11.001	$P7B	16
032912 BCG 30.2  11.001	$P7E	4,0
032912 BCG 30.2  11.001	$P7N	FL4-H
032912 BCG 30.2  11.001	$P7R	1024
032912 BCG 30.2  11.001	$P7S	CD3-APC
032912 BCG 30.2  11.001	$P8B	16
032912 BCG 30.2  11.001	$P8E	0,0
032912 BCG 30.2  11.001	$P8N	Time
032912 BCG 30.2  11.001	$P8R	512
032912 BCG 30.2  11.001	$P8S	Time (204.80 sec.)
032912 BCG 30.2  11.001	$PAR	8
032912 BCG 30.2  11.001	$SRC	"032912 BCG 30.2  "
032912 BCG 30.2  11.001	$SYS	Macintosh System Software 8.6.0
032912 BCG 30.2  11.001	$TOT	131317
032912 BCG 30.2  11.001	BD$AcqLibVersion	3.1
032912 BCG 30.2  11.001	BD$LASERMODE	1
032912 BCG 30.2  11.001	BD$NPAR	7
032912 BCG 30.2  11.001	BD$P1N	FSC-H
032912 BCG 30.2  11.001	BD$P2N	SSC-H
032912 BCG 30.2  11.001	BD$P3N	FL1-H
032912 BCG 30.2  11.001	BD$P4N	FL2-H
032912 BCG 30.2  11.001	BD$P5N	FL3-H
032912 BCG 30.2  11.001	BD$P6N	FL1-A
032912 BCG 30.2  11.001	BD$P7N	FL4-H
032912 BCG 30.2  11.001	BD$WORD0	136
032912 BCG 30.2  11.001	BD$WORD1	497
032912 BCG 30.2  11.001	BD$WORD10	302
032912 BCG 30.2  11.001	BD$WORD11	298
032912 BCG 30.2  11.001	BD$WORD12	510
032912 BCG 30.2  11.001	BD$WORD13	0
032912 BCG 30.2  11.001	BD$WORD14	503
032912 BCG 30.2  11.001	BD$WORD15	602
032912 BCG 30.2  11.001	BD$WORD16	570
032912 BCG 30.2  11.001	BD$WORD17	790
032912 BCG 30.2  11.001	BD$WORD18	169
032912 BCG 30.2  11.001	BD$WORD19	100
032912 BCG 30.2  11.001	BD$WORD2	590
032912 BCG 30.2  11.001	BD$WORD20	100
032912 BCG 30.2  11.001	BD$WORD21	100
032912 BCG 30.2  11.001	BD$WORD22	100
032912 BCG 30.2  11.001	BD$WORD23	1
032912 BCG 30.2  11.001	BD$WORD24	1
032912 BCG 30.2  11.001	BD$WORD25	0
032912 BCG 30.2  11.001	BD$WORD26	0
032912 BCG 30.2  11.001	BD$WORD27	0
032912 BCG 30.2  11.001	BD$WORD28	136
032912 BCG 30.2  11.001	BD$WORD29	199
032912 BCG 30.2  11.001	BD$WORD3	550
032912 BCG 30.2  11.001	BD$WORD30	52
032912 BCG 30.2  11.001	BD$WORD31	52
032912 BCG 30.2  11.001	BD$WORD32	52
032912 BCG 30.2  11.001	BD$WORD33	52
032912 BCG 30.2  11.001	BD$WORD34	5
032912 BCG 30.2  11.001	BD$WORD35	345
032912 BCG 30.2  11.001	BD$WORD36	0
032912 BCG 30.2  11.001	BD$WORD37	223
032912 BCG 30.2  11.001	BD$WORD38	280
032912 BCG 30.2  11.001	BD$WORD39	3
032912 BCG 30.2  11.001	BD$WORD4	784
032912 BCG 30.2  11.001	BD$WORD40	2
032912 BCG 30.2  11.001	BD$WORD41	100
032912 BCG 30.2  11.001	BD$WORD42	100
032912 BCG 30.2  11.001	BD$WORD43	0
032912 BCG 30.2  11.001	BD$WORD44	1023
032912 BCG 30.2  11.001	BD$WORD45	1023
032912 BCG 30.2  11.001	BD$WORD46	1023
032912 BCG 30.2  11.001	BD$WORD47	53
032912 BCG 30.2  11.001	BD$WORD48	760
032912 BCG 30.2  11.001	BD$WORD49	15
032912 BCG 30.2  11.001	BD$WORD5	386
032912 BCG 30.2  11.001	BD$WORD50	19
032912 BCG 30.2  11.001	BD$WORD51	52
032912 BCG 30.2  11.001	BD$WORD52	0
032912 BCG 30.2  11.001	BD$WORD53	0
032912 BCG 30.2  11.001	BD$WORD54	0
032912 BCG 30.2  11.001	BD$WORD55	0
032912 BCG 30.2  11.001	BD$WORD56	0
032912 BCG 30.2  11.001	BD$WORD57	0
032912 BCG 30.2  11.001	BD$WORD58	0
032912 BCG 30.2  11.001	BD$WORD59	0
032912 BCG 30.2  11.001	BD$WORD6	386
032912 BCG 30.2  11.001	BD$WORD60	0
032912 BCG 30.2  11.001	BD$WORD61	0
032912 BCG 30.2  11.001	BD$WORD62	0
032912 BCG 30.2  11.001	BD$WORD63	0
032912 BCG 30.2  11.001	BD$WORD7	386
032912 BCG 30.2  11.001	BD$WORD8	386
032912 BCG 30.2  11.001	BD$WORD9	386
032912 BCG 30.2  11.001	CREATOR	CELLQuest� 3.2.1
032912 BCG 30.2  11.001	CYTNUM	E2564
032912 BCG 30.2  11.001	CalibFile	FALSE
032912 BCG 30.2  11.001	END BATCH	TRUE
032912 BCG 30.2  11.001	FJ_$P8R	1024
032912 BCG 30.2  11.001	P7THRESVOL	52
032912 BCG 30.2  11.001	PANEL NAME	"8a/p11c/4/3 "
032912 BCG 30.2  11.001	SAMPLE ID	"P2301"
032912 BCG 30.2  11.001	START BATCH	TRUE
032912 BCG 30.2  11.001	TIMETICKS	200
032912 BCG 30.2  11.001	TUBE NAME	"8a/p11c/4/3 "
