Sample	Population	Statistic	Value
10-323-7_M243_H02.fcs		Count	140050.0
10-323-7_M243_H02.fcs	LYMPHS	Count	38338.0
10-323-7_M243_H02.fcs	LYMPHS	Freq_Of_Parent	27.37450910389147
10-323-7_M243_H02.fcs	LYMPHS/CD3+	Count	30127.0
10-323-7_M243_H02.fcs	LYMPHS/CD3+	Freq_Of_Parent	78.58260733475925
10-323-7_M243_H02.fcs	LYMPHS/CD3+/CD4+	Count	15271.0
10-323-7_M243_H02.fcs	LYMPHS/CD3+/CD4+	Freq_Of_Parent	50.688750954293496
10-323-7_M243_H02.fcs	LYMPHS/CD3+/CD4+/effector memory	Count	11551.0
10-323-7_M243_H02.fcs	LYMPHS/CD3+/CD4+/effector memory	Freq_Of_Parent	75.64010215441031
10-323-7_M243_H02.fcs	LYMPHS/CD3+/CD4+/memory	Count	2754.0
10-323-7_M243_H02.fcs	LYMPHS/CD3+/CD4+/memory	Freq_Of_Parent	18.034182437299457
10-323-7_M243_H02.fcs	LYMPHS/CD3+/CD4+/memory/CCR5+CCR7+	Count	108.0
10-323-7_M243_H02.fcs	LYMPHS/CD3+/CD4+/memory/CCR5+CCR7+	Freq_Of_Parent	3.9215686274509802
10-323-7_M243_H02.fcs	LYMPHS/CD3+/CD4+/memory/CCR5+CCR7-	Count	552.0
10-323-7_M243_H02.fcs	LYMPHS/CD3+/CD4+/memory/CCR5+CCR7-	Freq_Of_Parent	20.043572984749456
10-323-7_M243_H02.fcs	LYMPHS/CD3+/CD4+/memory/CCR5-CCR7+	Count	1831.0
10-323-7_M243_H02.fcs	LYMPHS/CD3+/CD4+/memory/CCR5-CCR7+	Freq_Of_Parent	66.48511256354394
10-323-7_M243_H02.fcs	LYMPHS/CD3+/CD4+/memory/CCR5-CCR7-	Count	263.0
10-323-7_M243_H02.fcs	LYMPHS/CD3+/CD4+/memory/CCR5-CCR7-	Freq_Of_Parent	9.549745824255629
10-323-7_M243_H02.fcs	LYMPHS/CD3+/CD4+/naive	Count	979.0
10-323-7_M243_H02.fcs	LYMPHS/CD3+/CD4+/naive	Freq_Of_Parent	6.410844083557069
10-323-7_M243_H02.fcs	LYMPHS/CD3+/CD8+	Count	14677.0
10-323-7_M243_H02.fcs	LYMPHS/CD3+/CD8+	Freq_Of_Parent	48.717097620075016
10-323-7_M243_H02.fcs	LYMPHS/CD3+/CD8+/effector memory	Count	12161.0
10-323-7_M243_H02.fcs	LYMPHS/CD3+/CD8+/effector memory	Freq_Of_Parent	82.8575321932275
10-323-7_M243_H02.fcs	LYMPHS/CD3+/CD8+/memory	Count	1516.0
10-323-7_M243_H02.fcs	LYMPHS/CD3+/CD8+/memory	Freq_Of_Parent	10.329086325543367
10-323-7_M243_H02.fcs	LYMPHS/CD3+/CD8+/memory/CCR5+CCR7+	Count	230.0
10-323-7_M243_H02.fcs	LYMPHS/CD3+/CD8+/memory/CCR5+CCR7+	Freq_Of_Parent	15.171503957783642
10-323-7_M243_H02.fcs	LYMPHS/CD3+/CD8+/memory/CCR5+CCR7-	Count	819.0
10-323-7_M243_H02.fcs	LYMPHS/CD3+/CD8+/memory/CCR5+CCR7-	Freq_Of_Parent	54.02374670184697
10-323-7_M243_H02.fcs	LYMPHS/CD3+/CD8+/memory/CCR5-CCR7+	Count	362.0
10-323-7_M243_H02.fcs	LYMPHS/CD3+/CD8+/memory/CCR5-CCR7+	Freq_Of_Parent	23.87862796833773
10-323-7_M243_H02.fcs	LYMPHS/CD3+/CD8+/memory/CCR5-CCR7-	Count	105.0
10-323-7_M243_H02.fcs	LYMPHS/CD3+/CD8+/memory/CCR5-CCR7-	Freq_Of_Parent	6.926121372031663
10-323-7_M243_H02.fcs	LYMPHS/CD3+/CD8+/naive	Count	1010.0
10-323-7_M243_H02.fcs	LYMPHS/CD3+/CD8+/naive	Freq_Of_Parent	6.881515296041425
032912 BCG 30.2  11.001		Count	131317.0
032912 BCG 30.2  11.001	FSC-H; SSC-H subset	Count	77163.0
032912 BCG 30.2  11.001	FSC-H; SSC-H subset	Freq_Of_Parent	58.76086112232232
032912 BCG 30.2  11.001	FSC-H; SSC-H subset/CD4+CD3+	Count	35548.0
032912 BCG 30.2  11.001	FSC-H; SSC-H subset/CD4+CD3+	Freq_Of_Parent	46.06871168824437
032912 BCG 30.2  11.001	FSC-H; SSC-H subset/CD4+CD8+	Count	5869.0
032912 BCG 30.2  11.001	FSC-H; SSC-H subset/CD4+CD8+	Freq_Of_Parent	7.605976957868409
032912 BCG 30.2  11.001	FSC-H; SSC-H subset/CD4-CD3+	Count	31596.0
032912 BCG 30.2  11.001	FSC-H; SSC-H subset/CD4-CD3+	Freq_Of_Parent	40.947086038645466
032912 BCG 30.2  11.001	FSC-H; SSC-H subset/CD8+BRIGHTCD3+	Count	26568.0
032912 BCG 30.2  11.001	FSC-H; SSC-H subset/CD8+BRIGHTCD3+	Freq_Of_Parent	34.431009680805566
032912 BCG 30.2  11.001	FSC-H; SSC-H subset/CD8+BRIGHTCD3+/CD8+CD3+P11C+	Count	0.0
032912 BCG 30.2  11.001	FSC-H; SSC-H subset/CD8+BRIGHTCD3+/CD8+CD3+P11C+	Freq_Of_Parent	0.0
032912 BCG 30.2  11.001	FSC-H; SSC-H subset/CD8+CD3+	Count	34868.0
032912 BCG 30.2  11.001	FSC-H; SSC-H subset/CD8+CD3+	Freq_Of_Parent	45.187460311289094
032912 BCG 30.2  11.001	FSC-H; SSC-H subset/CD8+CD3-	Count	5057.0
032912 BCG 30.2  11.001	FSC-H; SSC-H subset/CD8+CD3-	Freq_Of_Parent	6.553659137151226
032912 BCG 30.2  11.001	FSC-H; SSC-H subset/CD8-CD3+	Count	32534.0
032912 BCG 30.2  11.001	FSC-H; SSC-H subset/CD8-CD3+	Freq_Of_Parent	42.16269455568083
032912 BCG 30.2  11.001	FSC-H; SSC-H subset/Q12: CD3-APC-; CD8 FITC-	Count	4704.0
032912 BCG 30.2  11.001	FSC-H; SSC-H subset/Q12: CD3-APC-; CD8 FITC-	Freq_Of_Parent	6.096185995878854
