<?xml version="1.0" encoding="UTF-8"?>
<!--Exported from LabKey Server at http://localhost:8080/labkey/project/SpecimenCustomizeProject/My%20Study/begin.view by dave on Wed Apr 30 12:06:39 PDT 2014-->
<tables xmlns="http://labkey.org/data/xml">
  <table tableName="Countries" tableDbType="TABLE">
    <columns>
      <column columnName="CountryName">
        <datatype>varchar</datatype>
        <columnTitle>Country Name</columnTitle>
        <nullable>false</nullable>
        <isKeyField>true</isKeyField>
      </column>
    </columns>
    <pkColumnName>CountryName</pkColumnName>
  </table>
  <table tableName="Reagents" tableDbType="TABLE">
    <columns>
      <column columnName="Key">
        <datatype>integer</datatype>
        <columnTitle>Key</columnTitle>
        <nullable>false</nullable>
        <isHidden>true</isHidden>
        <isKeyField>true</isKeyField>
        <isAutoInc>true</isAutoInc>
      </column>
      <column columnName="Reagent">
        <datatype>varchar</datatype>
        <columnTitle>Reagent</columnTitle>
      </column>
    </columns>
    <pkColumnName>Key</pkColumnName>
  </table>
  <table tableName="Instruments" tableDbType="TABLE">
    <columns>
      <column columnName="Key">
        <datatype>integer</datatype>
        <columnTitle>Key</columnTitle>
        <nullable>false</nullable>
        <isHidden>true</isHidden>
        <isKeyField>true</isKeyField>
        <isAutoInc>true</isAutoInc>
      </column>
      <column columnName="Instrument ID">
        <datatype>varchar</datatype>
        <columnTitle>Instrument ID</columnTitle>
      </column>
      <column columnName="Name">
        <datatype>varchar</datatype>
        <columnTitle>Name</columnTitle>
      </column>
      <column columnName="Contact Person">
        <datatype>varchar</datatype>
        <columnTitle>Contact Person</columnTitle>
      </column>
    </columns>
    <pkColumnName>Key</pkColumnName>
  </table>
  <table tableName="Technicians" tableDbType="TABLE">
    <columns>
      <column columnName="Key">
        <datatype>integer</datatype>
        <columnTitle>Key</columnTitle>
        <nullable>false</nullable>
        <isHidden>true</isHidden>
        <measure>true</measure>
        <isKeyField>true</isKeyField>
        <isAutoInc>true</isAutoInc>
      </column>
      <column columnName="FirstName">
        <datatype>varchar</datatype>
        <columnTitle>First Name</columnTitle>
      </column>
      <column columnName="LastName">
        <datatype>varchar</datatype>
        <columnTitle>Last Name</columnTitle>
      </column>
      <column columnName="ID">
        <datatype>integer</datatype>
        <columnTitle>ID</columnTitle>
        <measure>true</measure>
      </column>
    </columns>
    <pkColumnName>Key</pkColumnName>
  </table>
  <table tableName="Languages" tableDbType="TABLE">
    <columns>
      <column columnName="LanguageId">
        <datatype>varchar</datatype>
        <columnTitle>Language Id</columnTitle>
        <nullable>false</nullable>
        <isKeyField>true</isKeyField>
      </column>
      <column columnName="LanguageName">
        <datatype>varchar</datatype>
        <columnTitle>Language Name</columnTitle>
      </column>
      <column columnName="TranslatorName">
        <datatype>varchar</datatype>
        <columnTitle>Translator Name</columnTitle>
      </column>
      <column columnName="TranslatorPhone">
        <datatype>varchar</datatype>
        <columnTitle>Translator Phone</columnTitle>
      </column>
    </columns>
    <pkColumnName>LanguageId</pkColumnName>
  </table>
  <table tableName="ARVType" tableDbType="TABLE">
    <description>Antiretroviral regimens.</description>
    <columns>
      <column columnName="ARVID">
        <datatype>varchar</datatype>
        <columnTitle>ARVID</columnTitle>
        <nullable>false</nullable>
        <isKeyField>true</isKeyField>
      </column>
      <column columnName="ARVRegimen">
        <datatype>varchar</datatype>
        <columnTitle>ARV Regimen Name</columnTitle>
      </column>
      <column columnName="AVRRegimenPeriodDays">
        <datatype>integer</datatype>
        <columnTitle>ARV Regimen Expected Duration Days</columnTitle>
      </column>
    </columns>
    <pkColumnName>ARVID</pkColumnName>
  </table>
  <table tableName="SpotCounts" tableDbType="TABLE">
    <columns>
      <column columnName="Key">
        <datatype>integer</datatype>
        <columnTitle>Key</columnTitle>
        <nullable>false</nullable>
        <isHidden>true</isHidden>
        <isKeyField>true</isKeyField>
        <isAutoInc>true</isAutoInc>
      </column>
      <column columnName="SpotCount">
        <datatype>double</datatype>
        <columnTitle>Spot Count</columnTitle>
      </column>
    </columns>
    <pkColumnName>Key</pkColumnName>
  </table>
</tables>