<?xml version="1.0" encoding="UTF-8"?>
<!--Exported from LabKey Server at http://localhost:8080/labkey/project/Flow%20Verify%20Project/KoStudy/begin.view by elvan on Tue Dec 04 14:55:51 PST 2012-->
<folder archiveVersion="12.3" label="KoStudy" type="normal" title="KoStudy" xmlns="http://labkey.org/folder/xml">
  <folderType name="Study">
    <defaultModule>Core</defaultModule>
    <modules>
      <moduleName>Pipeline</moduleName>
      <moduleName>Query</moduleName>
      <moduleName>Issues</moduleName>
      <moduleName>Letvin</moduleName>
      <moduleName>Announcements</moduleName>
      <moduleName>Core</moduleName>
      <moduleName>FileContent</moduleName>
      <moduleName>Experiment</moduleName>
      <moduleName>Flow</moduleName>
      <moduleName>Study</moduleName>
      <moduleName>Wiki</moduleName>
    </modules>
  </folderType>
  <searchable>true</searchable>
  <pages file="pages.xml"/>
  <wikis dir="wikis"/>
  <notifications>
    <messagesDefault id="2" label="My conversations"/>
    <filesDefault id="512" label="No Email"/>
  </notifications>
  <missingValueIndicators>
    <ns:missingValueIndicator indicator="Q" label="Data currently under quality control review." xmlns:ns="http://labkey.org/study/xml"/>
    <ns:missingValueIndicator indicator="N" label="Required field marked by site as 'data not available'." xmlns:ns="http://labkey.org/study/xml"/>
  </missingValueIndicators>
  <study dir="study"/>
</folder>