<?xml version="1.0" encoding="UTF-8"?>
<!--Exported from LabKey Server at http://localhost:8080/labkey/Study_Security_Only/My%20Study/project-begin.view by danield on Sat Mar 20 10:43:21 PDT 2021-->
<folder archiveVersion="21.001" label="My Study" type="normal" title="My Study" xmlns="http://labkey.org/folder/xml" xmlns:ns="http://labkey.org/study/xml">
  <folderType name="Study">
    <defaultModule>Core</defaultModule>
    <modules>
      <moduleName>Wiki</moduleName>
      <moduleName>Study</moduleName>
      <moduleName>Issues</moduleName>
      <moduleName>Search</moduleName>
      <moduleName>FileContent</moduleName>
      <moduleName>Assay</moduleName>
      <moduleName>Experiment</moduleName>
      <moduleName>Query</moduleName>
      <moduleName>Pipeline</moduleName>
      <moduleName>Internal</moduleName>
      <moduleName>API</moduleName>
      <moduleName>Announcements</moduleName>
      <moduleName>Core</moduleName>
    </modules>
  </folderType>
  <searchable>true</searchable>
  <pages file="pages.xml"/>
  <moduleProperties/>
  <roleAssignments inherited="true"/>
  <notifications>
    <messagesDefault id="2" label="My conversations"/>
    <filesDefault id="512" label="No Email"/>
  </notifications>
  <views dir="views"/>
  <reports dir="reports"/>
  <etls dir="etls"/>
  <missingValueIndicators>
    <ns:missingValueIndicator indicator="Q" label="Data currently under quality control review."/>
    <ns:missingValueIndicator indicator="N" label="Required field marked by site as 'data not available'."/>
  </missingValueIndicators>
  <study dir="study"/>
  <wikis dir="wikis"/>
</folder>