<?xml version="1.0" encoding="UTF-8"?>
<!--Exported from LabKey Server at http://localhost:8080/labkey/project/SpecimenCustomizeProject/My%20Study/begin.view by dave on Wed Apr 30 12:06:46 PDT 2014-->
<folder archiveVersion="14.1" label="My Study" type="normal" title="My Study" xmlns="http://labkey.org/folder/xml">
  <folderType name="Study">
    <defaultModule>Core</defaultModule>
    <modules>
      <moduleName>Wiki</moduleName>
      <moduleName>Core</moduleName>
      <moduleName>Experiment</moduleName>
      <moduleName>Issues</moduleName>
      <moduleName>Announcements</moduleName>
      <moduleName>FileContent</moduleName>
      <moduleName>Study</moduleName>
      <moduleName>Query</moduleName>
      <moduleName>Pipeline</moduleName>
    </modules>
  </folderType>
  <searchable>true</searchable>
  <pages file="pages.xml"/>
  <lists dir="lists"/>
  <queries dir="queries"/>
  <views dir="views"/>
  <reports dir="reports"/>
  <wikis dir="wikis"/>
  <notifications>
    <messagesDefault id="2" label="My conversations"/>
    <filesDefault id="512" label="No Email"/>
  </notifications>
  <missingValueIndicators>
    <ns:missingValueIndicator indicator="Q" label="Data currently under quality control review." xmlns:ns="http://labkey.org/study/xml"/>
    <ns:missingValueIndicator indicator="N" label="Required field marked by site as 'data not available'." xmlns:ns="http://labkey.org/study/xml"/>
    <ns:missingValueIndicator indicator="UNK" label="Unknown" xmlns:ns="http://labkey.org/study/xml"/>
  </missingValueIndicators>
  <study dir="study"/>
</folder>