<?xml version="1.0" encoding="UTF-8"?>
<pages xmlns="http://labkey.org/folder/xml">
  <page index="12" name="study.SPECIMENS" propertyString="" hidden="false">
    <webpart>
      <name>Specimen Tools</name>
      <index>1</index>
      <location>right</location>
      <permanent>false</permanent>
    </webpart>
    <webpart>
      <name>Specimen Search</name>
      <index>2</index>
      <location>!content</location>
      <permanent>false</permanent>
    </webpart>
    <webpart>
      <name>Specimens</name>
      <index>3</index>
      <location>!content</location>
      <permanent>false</permanent>
    </webpart>
  </page>
  <page index="11" name="study.DATA_ANALYSIS" propertyString="" hidden="false">
    <webpart>
      <name>Data Views</name>
      <index>1</index>
      <location>!content</location>
      <permanent>false</permanent>
      <properties>
        <property key="reports" value="on"/>
        <property key="webpart.height" value="700"/>
        <property key="datasets" value="on"/>
        <property key="Type" value="0"/>
        <property key="Details" value="on"/>
        <property key="Author" value="on"/>
        <property key="Status" value="on"/>
        <property key="queries (inherited)" value="0"/>
        <property key="Modified" value="on"/>
        <property key="webpart.title" value="Data Views"/>
        <property key="Data Cut Date" value="on"/>
        <property key="queries" value="on"/>
        <property key="Access" value="0"/>
      </properties>
    </webpart>
    <webpart>
      <name>Study Data Tools</name>
      <index>2</index>
      <location>right</location>
      <permanent>false</permanent>
    </webpart>
  </page>
  <page index="15" name="DefaultDashboard" propertyString="" hidden="true">
    <webpart>
      <name>Wiki</name>
      <index>1</index>
      <location>!content</location>
      <permanent>false</permanent>
    </webpart>
    <webpart>
      <name>Wiki Table of Contents</name>
      <index>2</index>
      <location>right</location>
      <permanent>false</permanent>
    </webpart>
    <webpart>
      <name>Messages</name>
      <index>3</index>
      <location>!content</location>
      <permanent>false</permanent>
    </webpart>
  </page>
  <page index="13" name="Manage" propertyString="" hidden="false"/>
  <page index="10" name="study.PARTICIPANTS" propertyString="" hidden="false">
    <webpart>
      <name>Subject List</name>
      <index>1</index>
      <location>!content</location>
      <permanent>false</permanent>
    </webpart>
  </page>
  <page index="14" name="portal.default" propertyString="" hidden="false">
    <webpart>
      <name>Study Overview</name>
      <index>1</index>
      <location>!content</location>
      <permanent>false</permanent>
      <properties>
        <property key="legacyPageAdded" value="true"/>
      </properties>
    </webpart>
  </page>
  <page index="9" name="Overview" propertyString="" hidden="false">
    <webpart>
      <name>Search</name>
      <index>1</index>
      <location>right</location>
      <permanent>false</permanent>
    </webpart>
    <webpart>
      <name>Study Data Tools</name>
      <index>2</index>
      <location>right</location>
      <permanent>false</permanent>
    </webpart>
    <webpart>
      <name>Study Overview</name>
      <index>3</index>
      <location>!content</location>
      <permanent>true</permanent>
    </webpart>
    <webpart>
      <name>Query</name>
      <index>4</index>
      <location>!content</location>
      <permanent>false</permanent>
      <properties>
        <property key="schemaName" value="study"/>
        <property key="queryName" value="SpecimenDetail"/>
        <property key="allowChooseQuery" value="false"/>
        <property key="allowChooseView" value="true"/>
        <property key="selectQuery" value="on"/>
        <property key="buttonBarPosition" value="BOTH"/>
      </properties>
    </webpart>
  </page>
</pages>