<?xml version="1.0" encoding="UTF-8"?>
<!--Exported from LabKey Server at http://localhost:8080/labkey/project/NPOD%20Project/My%20Study/begin.view by dave on Fri May 08 14:11:26 PDT 2015-->
<folder archiveVersion="15.1" label="My Study" type="normal" title="My Study" xmlns="http://labkey.org/folder/xml" xmlns:ns="http://labkey.org/study/xml">
  <folderType name="Study">
    <defaultModule>Core</defaultModule>
    <modules>
      <moduleName>Survey</moduleName>
      <moduleName>Pipeline</moduleName>
      <moduleName>FileContent</moduleName>
      <moduleName>Issues</moduleName>
      <moduleName>Query</moduleName>
      <moduleName>Study</moduleName>
      <moduleName>nPOD</moduleName>
      <moduleName>Core</moduleName>
      <moduleName>Announcements</moduleName>
      <moduleName>Wiki</moduleName>
      <moduleName>Experiment</moduleName>
    </modules>
  </folderType>
  <searchable>true</searchable>
  <pages file="pages.xml"/>
  <moduleProperties/>
  <lists dir="lists"/>
  <wikis dir="wikis"/>
  <notifications>
    <messagesDefault id="2" label="My conversations"/>
    <filesDefault id="512" label="No Email"/>
  </notifications>
  <missingValueIndicators>
    <ns:missingValueIndicator indicator="Q" label="Data currently under quality control review."/>
    <ns:missingValueIndicator indicator="N" label="Required field marked by site as 'data not available'."/>
  </missingValueIndicators>
  <study dir="study"/>
</folder>