<?xml version="1.0" encoding="UTF-8"?>
<pages xmlns="http://labkey.org/folder/xml">
  <page index="11" name="study.SPECIMENS" propertyString="" hidden="false">
    <webpart>
      <name>Specimen Search</name>
      <index>1</index>
      <location>!content</location>
      <permanent>false</permanent>
    </webpart>
    <webpart>
      <name>Specimens</name>
      <index>2</index>
      <location>!content</location>
      <permanent>false</permanent>
    </webpart>
    <webpart>
      <name>Specimen Tools</name>
      <index>3</index>
      <location>right</location>
      <permanent>false</permanent>
    </webpart>
  </page>
  <page index="10" name="study.DATA_ANALYSIS" propertyString="" hidden="false">
    <webpart>
      <name>Data Views</name>
      <index>1</index>
      <location>!content</location>
      <permanent>false</permanent>
    </webpart>
    <webpart>
      <name>Study Data Tools</name>
      <index>2</index>
      <location>right</location>
      <permanent>false</permanent>
    </webpart>
  </page>
  <page index="12" name="Manage" propertyString="" hidden="false"/>
  <page index="9" name="study.PARTICIPANTS" propertyString="" hidden="false">
    <webpart>
      <name>Search</name>
      <index>1</index>
      <location>right</location>
      <permanent>false</permanent>
    </webpart>
    <webpart>
      <name>NPOD Case Tools</name>
      <index>2</index>
      <location>!content</location>
      <permanent>false</permanent>
    </webpart>
    <webpart>
      <name>Subject List</name>
      <index>3</index>
      <location>!content</location>
      <permanent>false</permanent>
    </webpart>
  </page>
  <page index="13" name="portal.default" propertyString="" hidden="false">
    <webpart>
      <name>Study Overview</name>
      <index>1</index>
      <location>!content</location>
      <permanent>false</permanent>
      <properties>
        <property key="legacyPageAdded" value="true"/>
      </properties>
    </webpart>
  </page>
  <page index="8" name="Overview" propertyString="" hidden="false">
    <webpart>
      <name>Study Overview</name>
      <index>1</index>
      <location>!content</location>
      <permanent>false</permanent>
    </webpart>
  </page>
</pages>