<?xml version="1.0" encoding="UTF-8"?>
<!--Exported from LabKey Server at http://localhost:8080/labkey/project/Flow%20Verify%20Project/KoStudy/begin.view by elvan on Tue Dec 04 14:55:50 PST 2012-->
<study archiveVersion="12.3" label="KoStudy Study" timepointType="DATE" subjectNounSingular="Participant" subjectNounPlural="Participants" subjectColumnName="ParticipantId" investigator="" grant="" alternateIdPrefix="" alternateIdDigits="6" defaultTimepointDuration="7" startDate="2012-03-01-08:00" securityType="BASIC_READ" xmlns="http://labkey.org/study/xml">
  <cohorts type="AUTOMATIC" mode="SIMPLE" file="cohorts.xml"/>
  <datasets dir="datasets" file="datasets_manifest.xml">
    <definition file="KoStudyStudy.dataset"/>
  </datasets>
  <comments/>
  <qcStates showPrivateDataByDefault="true"/>
  <specimens dir="specimens" file="KoStudyStudy.specimens"/>
  <visits file="visit_map.xml"/>
  <studyDescription rendererType="TEXT_WITH_LINKS">
    <description xsi:nil="true" xmlns:xsi="http://www.w3.org/2001/XMLSchema-instance"/>
  </studyDescription>
</study>