<?xml version="1.0" encoding="UTF-8"?>
<study label="Cohort Study" dateBased="false" startDate="2009-09-18-07:00" securityType="BASIC_WRITE" xmlns="http://labkey.org/study/xml">
  <visits file="visit_map.xml"/>
  <cohorts type="AUTOMATIC" mode="ADVANCED" datasetId="5001" datasetProperty="Cohort"/>
  <qcStates showPrivateDataByDefault="false"/>
  <datasets dir="datasets" file="datasets_manifest.xml">
    <definition file="CohortStudy.dataset"/>
  </datasets>
  <specimens settings="specimen_settings.xml" dir="specimens" file="CohortStudy.specimens"/>
  <missingValueIndicators>
    <missingValueIndicator indicator="Q" label="Data currently under quality control review."/>
    <missingValueIndicator indicator="N" label="Required field marked by site as 'data not available'."/>
  </missingValueIndicators>
</study>