<?xml version="1.0" encoding="UTF-8"?>
<participantGroups xmlns="http://labkey.org/study/xml/participantGroups">
  <participantCategory label="Single Ptids" type="manual" shared="true" autoUpdate="false" datasetId="0">
    <group label="Third ptid" categoryLabel="Single Ptids">
      <participantId>249320127</participantId>
    </group>
    <group label="Fourth ptid" categoryLabel="Single Ptids">
      <participantId>249320489</participantId>
    </group>
    <group label="First ptid" categoryLabel="Single Ptids">
      <participantId>249318596</participantId>
    </group>
    <group label="Second ptid" categoryLabel="Single Ptids">
      <participantId>249320107</participantId>
    </group>
  </participantCategory>
  <participantCategory label="Gender" type="manual" shared="true" autoUpdate="false" datasetId="0">
    <group label="Female" categoryLabel="Gender">
      <participantId>249320107</participantId>
      <participantId>249320127</participantId>
      <participantId>249320489</participantId>
      <participantId>249320897</participantId>
    </group>
    <group label="Male" categoryLabel="Gender">
      <participantId>249318596</participantId>
      <participantId>249325717</participantId>
    </group>
  </participantCategory>
</participantGroups>