<?xml version="1.0" encoding="UTF-8"?>
<!--Exported from LabKey Software Foundation at https://www.labkey.org/project/Staff/cnathe/time%20chart%20testing/Date%20Based%20Study/begin.view by cnathe on Thu Oct 03 08:51:10 PDT 2013-->
<study archiveVersion="13.2" label="Demo Study" timepointType="DATE" subjectNounSingular="Participant" subjectNounPlural="Participants" subjectColumnName="ParticipantId" investigator="" grant="" alternateIdPrefix="" alternateIdDigits="6" defaultTimepointDuration="1" startDate="2007-12-31-08:00" securityType="ADVANCED_WRITE" xmlns="http://labkey.org/study/xml">
  <cohorts type="AUTOMATIC" mode="SIMPLE" datasetId="5008" datasetProperty="Group" file="cohorts.xml"/>
  <datasets dir="datasets" file="datasets_manifest.xml">
    <definition file="Demo.dataset"/>
  </datasets>
  <visits file="visit_map.xml"/>
  <studyDescription rendererType="TEXT_WITH_LINKS">
    <description xsi:nil="true" xmlns:xsi="http://www.w3.org/2001/XMLSchema-instance"/>
  </studyDescription>
</study>