<?xml version="1.0" encoding="UTF-8"?>
<!--Exported from LabKey Server at http://localhost:8080/labkey/project/CAVDStudyTest%20Project%20Keep/Study1/begin.view by cnathe@labkey.com on Fri May 25 09:04:11 CDT 2012-->
<study archiveVersion="12.1" label="Study1 Study" timepointType="DATE" subjectNounSingular="Participant" subjectNounPlural="Participants" subjectColumnName="ParticipantId" description="" descriptionRendererType="TEXT_WITH_LINKS" investigator="" grant="" defaultTimepointDuration="1" startDate="2012-05-25-05:00" securityType="BASIC_READ" xmlns="http://labkey.org/study/xml">
  <cohorts type="AUTOMATIC" mode="SIMPLE"/>
  <datasets dir="datasets" file="datasets_manifest.xml">
    <definition file="Study1Study.dataset"/>
  </datasets>
  <comments/>
  <qcStates showPrivateDataByDefault="true"/>
  <specimens dir="specimens" file="Study1Study.specimens"/>
  <visits file="visit_map.xml"/>
</study>