<?xml version="1.0" encoding="UTF-8"?>
<!--Exported from Release-21-3-Sanity-A at https://release-21-3-sanity-a.lkpoc.labkey.com/LabkeyDemoStudyWithCharts/project-begin.view by danield on Tue Mar 30 14:19:53 PDT 2021-->
<study archiveVersion="21.001" label="Demo Study" timepointType="DATE" subjectNounSingular="Participant" subjectNounPlural="Participants" subjectColumnName="ParticipantId" investigator="" grant="" species="" alternateIdPrefix="" alternateIdDigits="6" defaultTimepointDuration="1" startDate="2008-01-01-08:00" securityType="ADVANCED_WRITE" xmlns="http://labkey.org/study/xml" xmlns:xsi="http://www.w3.org/2001/XMLSchema-instance">
  <assaySchedule dir="assaySchedule"/>
  <cohorts type="AUTOMATIC" mode="SIMPLE" datasetId="5008" datasetProperty="Group" file="cohorts.xml"/>
  <datasets dir="datasets" file="datasets_manifest.xml">
    <definition file="Demo.dataset"/>
  </datasets>
  <comments participantCommentDatasetId="5008" participantCommentDatasetProperty="Comments"/>
  <treatmentData dir="treatmentData"/>
  <visits file="visit_map.xml"/>
  <studyViews dir="views" settings="settings.xml"/>
  <studyDescription rendererType="TEXT_WITH_LINKS">
    <description xsi:nil="true"/>
  </studyDescription>
  <properties dir="properties"/>
</study>