<?xml version="1.0" encoding="UTF-8"?>
<!--Exported from LabKey Server at http://localhost:8080/labkey/project/New%20Import/begin.view by rylan on Wed Apr 10 15:54:54 PDT 2013-->
<study archiveVersion="13.11" label="Demo Study" timepointType="DATE" subjectNounSingular="Participant" subjectNounPlural="Participants" subjectColumnName="ParticipantId" investigator="" grant="" alternateIdPrefix="" alternateIdDigits="6" defaultTimepointDuration="1" startDate="2008-01-01-08:00" securityType="ADVANCED_WRITE" xmlns="http://labkey.org/study/xml">
  <cohorts type="AUTOMATIC" mode="SIMPLE" datasetId="5008" datasetProperty="Group" file="cohorts.xml"/>
  <datasets dir="datasets" file="datasets_manifest.xml">
    <definition file="Demo.dataset"/>
  </datasets>
  <comments participantCommentDatasetId="5008" participantCommentDatasetProperty="Comments"/>
  <qcStates showPrivateDataByDefault="false"/>
  <specimens dir="specimens" settings="specimen_settings.xml" file="Demo.specimens"/>
  <visits file="visit_map.xml"/>
  <studyDescription rendererType="TEXT_WITH_LINKS">
    <description xsi:nil="true" xmlns:xsi="http://www.w3.org/2001/XMLSchema-instance"/>
  </studyDescription>
</study>