<?xml version="1.0" encoding="UTF-8"?>
<visitMap xmlns="http://labkey.org/study/xml">
  <visit label="Baseline" sequenceNum="0" protocolDay="0"/>
  <visit label="Month 1" sequenceNum="1" maxSequenceNum="31" protocolDay="16"/>
  <visit label="Month 2" sequenceNum="32" maxSequenceNum="60" protocolDay="46"/>
  <visit label="Month 3" sequenceNum="61" maxSequenceNum="91" protocolDay="76"/>
  <visit label="Month 4" sequenceNum="92" maxSequenceNum="121" protocolDay="107"/>
  <visit label="Month 5" sequenceNum="122" maxSequenceNum="152" protocolDay="137"/>
  <visit label="Month 6" sequenceNum="153" maxSequenceNum="182" protocolDay="168"/>
  <visit label="Month 7" sequenceNum="183" maxSequenceNum="213" protocolDay="198"/>
  <visit label="Month 8" sequenceNum="215" maxSequenceNum="244" protocolDay="230"/>
  <visit label="Month 9" sequenceNum="245" maxSequenceNum="274" protocolDay="260"/>
  <visit label="Month 10" sequenceNum="275" maxSequenceNum="305" protocolDay="290"/>
  <visit label="Month 11" sequenceNum="306" maxSequenceNum="335" protocolDay="321"/>
  <visit label="Month 12" sequenceNum="336" maxSequenceNum="366" protocolDay="351"/>
  <visit label="Month 13" sequenceNum="367" maxSequenceNum="397" protocolDay="382"/>
  <visit label="Month 14" sequenceNum="398" maxSequenceNum="425" protocolDay="412"/>
  <visit label="Month 15" sequenceNum="426" maxSequenceNum="456" protocolDay="441"/>
  <visit label="Month 16" sequenceNum="457" maxSequenceNum="486" protocolDay="472"/>
  <visit label="Month 17" sequenceNum="487" maxSequenceNum="517" protocolDay="502"/>
  <visit label="Month 18" sequenceNum="518" maxSequenceNum="547" protocolDay="533"/>
  <visit label="Month 19" sequenceNum="548" maxSequenceNum="578" protocolDay="563"/>
  <visit label="Month 20" sequenceNum="579" maxSequenceNum="609" protocolDay="594"/>
  <visit label="Month 21" sequenceNum="610" maxSequenceNum="639" protocolDay="625"/>
  <visit label="Month 22" sequenceNum="640" maxSequenceNum="670" protocolDay="655"/>
  <visit label="Month 23" sequenceNum="671" maxSequenceNum="700" protocolDay="686"/>
  <visit label="Month 24" sequenceNum="701" maxSequenceNum="731" protocolDay="716"/>
  <visit label="Day 743" sequenceNum="743" protocolDay="743"/>
</visitMap>