<?xml version="1.0" encoding="UTF-8"?>
<!--Exported from Release-21-3-Sanity-A at https://release-21-3-sanity-a.lkpoc.labkey.com/LabkeyDemoStudyWithCharts/project-begin.view by danield on Tue Mar 30 14:19:53 PDT 2021-->
<folder archiveVersion="21.001" label="LabkeyDemoStudyWithCharts" type="normal" title="LabkeyDemoStudyWithCharts" xmlns="http://labkey.org/folder/xml" xmlns:ns="http://labkey.org/security/xml" xmlns:rol="http://labkey.org/security/xml/roleAssignment" xmlns:ns1="http://labkey.org/study/xml">
  <folderType name="Study">
    <defaultModule>Core</defaultModule>
    <modules>
      <moduleName>Wiki</moduleName>
      <moduleName>Study</moduleName>
      <moduleName>Issues</moduleName>
      <moduleName>Search</moduleName>
      <moduleName>FileContent</moduleName>
      <moduleName>Assay</moduleName>
      <moduleName>Experiment</moduleName>
      <moduleName>Query</moduleName>
      <moduleName>Pipeline</moduleName>
      <moduleName>Internal</moduleName>
      <moduleName>API</moduleName>
      <moduleName>Announcements</moduleName>
      <moduleName>Core</moduleName>
    </modules>
  </folderType>
  <searchable>true</searchable>
  <pages file="pages.xml"/>
  <moduleProperties/>
  <groups>
    <ns:group name="Users" type="project"/>
  </groups>
  <roleAssignments>
    <rol:roleAssignment>
      <rol:role name="org.labkey.api.security.roles.ProjectAdminRole"/>
      <rol:users>
        <ns:user name="danield@labkey.com"/>
      </rol:users>
    </rol:roleAssignment>
  </roleAssignments>
  <qcStates file="quality_control_states.xml"/>
  <notifications>
    <messagesDefault id="2" label="My conversations"/>
    <filesDefault id="512" label="No Email"/>
  </notifications>
  <queries dir="queries"/>
  <views dir="views"/>
  <reports dir="reports"/>
  <etls dir="etls"/>
  <lists dir="lists"/>
  <missingValueIndicators>
    <ns1:missingValueIndicator indicator="Q" label="Data currently under quality control review."/>
    <ns1:missingValueIndicator indicator="UNK" label="Unknown"/>
    <ns1:missingValueIndicator indicator="N" label="Required field marked by site as 'data not available'."/>
  </missingValueIndicators>
  <study dir="study"/>
  <wikis dir="wikis"/>
</folder>