<?xml version="1.0" encoding="UTF-8"?>
<!--Exported from LabKey Server at http://localhost:8080/labkey/LabkeyDemoStudyWithCharts/project-begin.view by danield on Wed Mar 31 14:33:11 PDT 2021-->
<folder archiveVersion="21.001" label="LabkeyDemoStudyWithCharts" type="normal" title="LabkeyDemoStudyWithCharts" xmlns="http://labkey.org/folder/xml" xmlns:ns="http://labkey.org/study/xml">
  <folderType name="Study">
    <defaultModule>Core</defaultModule>
    <modules>
      <moduleName>Wiki</moduleName>
      <moduleName>Study</moduleName>
      <moduleName>Issues</moduleName>
      <moduleName>Search</moduleName>
      <moduleName>FileContent</moduleName>
      <moduleName>Assay</moduleName>
      <moduleName>Experiment</moduleName>
      <moduleName>Query</moduleName>
      <moduleName>Pipeline</moduleName>
      <moduleName>Internal</moduleName>
      <moduleName>API</moduleName>
      <moduleName>Announcements</moduleName>
      <moduleName>Core</moduleName>
    </modules>
  </folderType>
  <searchable>true</searchable>
  <pages file="pages.xml"/>
  <moduleProperties/>
  <qcStates file="quality_control_states.xml"/>
  <notifications>
    <messagesDefault id="2" label="My conversations"/>
    <filesDefault id="512" label="No Email"/>
  </notifications>
  <queries dir="queries"/>
  <views dir="views"/>
  <reports dir="reports"/>
  <etls dir="etls"/>
  <lists dir="lists"/>
  <missingValueIndicators>
    <ns:missingValueIndicator indicator="Q" label="Data currently under quality control review."/>
    <ns:missingValueIndicator indicator="UNK" label="Unknown"/>
    <ns:missingValueIndicator indicator="N" label="Required field marked by site as 'data not available'."/>
  </missingValueIndicators>
  <study dir="study"/>
  <wikis dir="wikis"/>
</folder>