<?xml version="1.0" encoding="UTF-8"?>
<!--Exported from LabKey Server at http://localhost:8080/labkey/project/FolderExportTest/Folder%201/begin.view by elvan@labkey.com on Wed Apr 25 12:41:33 PDT 2012-->
<study archiveVersion="12.1" label="Demo Study" timepointType="DATE" subjectNounSingular="Participant" subjectNounPlural="Participants" subjectColumnName="ParticipantId" description="" descriptionRendererType="TEXT_WITH_LINKS" investigator="" grant="" startDate="2008-01-01-08:00" securityType="ADVANCED_WRITE" xmlns="http://labkey.org/study/xml">
  <visits file="visit_map.xml"/>
  <cohorts type="AUTOMATIC" mode="SIMPLE" datasetId="5008" datasetProperty="Group"/>
  <qcStates showPrivateDataByDefault="false"/>
  <datasets dir="datasets" file="datasets_manifest.xml">
    <definition file="DemoStudy.dataset"/>
  </datasets>
  <specimens dir="specimens" settings="specimen_settings.xml" file="DemoStudy.specimens"/>
  <comments/>
  <missingValueIndicators>
    <missingValueIndicator indicator="Q" label="Data currently under quality control review."/>
    <missingValueIndicator indicator="N" label="Required field marked by site as 'data not available'."/>
    <missingValueIndicator indicator="UNK" label="Unknown"/>
  </missingValueIndicators>
</study>