<?xml version="1.0" encoding="UTF-8"?>
<datasets metaDataFile="datasets_metadata.xml" xmlns="http://labkey.org/study/xml">
  <datasets>
    <dataset name="GenericAssay" id="5010" category="Assays" type="Standard">
      <tags/>
    </dataset>
    <dataset name="TestDatasetB0" id="5050" type="Standard">
      <tags/>
    </dataset>
    <dataset name="TestDatasetB1" id="5051" type="Standard">
      <tags/>
    </dataset>
    <dataset name="TestDatasetB2" id="5052" type="Standard">
      <tags/>
    </dataset>
    <dataset name="TestDatasetB3" id="5053" type="Standard">
      <tags/>
    </dataset>
    <dataset name="TestDatasetB4" id="5054" type="Standard">
      <tags/>
    </dataset>
    <dataset name="TestDatasetB5" id="5055" type="Standard">
      <tags/>
    </dataset>
    <dataset name="TestDatasetB6" id="5056" type="Standard">
      <tags/>
    </dataset>
    <dataset name="TestDatasetB7" id="5057" type="Standard">
      <tags/>
    </dataset>
    <dataset name="TestDatasetB8" id="5058" type="Standard">
      <tags/>
    </dataset>
    <dataset name="TestDatasetB9" id="5059" type="Standard">
      <tags/>
    </dataset>
    <dataset name="TestDatasetB10" id="5060" type="Standard">
      <tags/>
    </dataset>
    <dataset name="TestDatasetB11" id="5061" type="Standard">
      <tags/>
    </dataset>
    <dataset name="TestDatasetB12" id="5062" type="Standard">
      <tags/>
    </dataset>
    <dataset name="TestDatasetB13" id="5063" type="Standard">
      <tags/>
    </dataset>
    <dataset name="TestDatasetB14" id="5064" type="Standard">
      <tags/>
    </dataset>
    <dataset name="TestDatasetB15" id="5065" type="Standard">
      <tags/>
    </dataset>
    <dataset name="TestDatasetB16" id="5066" type="Standard">
      <tags/>
    </dataset>
    <dataset name="TestDatasetB17" id="5067" type="Standard">
      <tags/>
    </dataset>
    <dataset name="TestDatasetB18" id="5068" type="Standard">
      <tags/>
    </dataset>
    <dataset name="TestDatasetB19" id="5069" type="Standard">
      <tags/>
    </dataset>
    <dataset name="TestDatasetB20" id="5070" type="Standard">
      <tags/>
    </dataset>
    <dataset name="TestDatasetB21" id="5071" type="Standard">
      <tags/>
    </dataset>
    <dataset name="TestDatasetB22" id="5072" type="Standard">
      <tags/>
    </dataset>
    <dataset name="TestDatasetB23" id="5073" type="Standard">
      <tags/>
    </dataset>
    <dataset name="TestDatasetB24" id="5074" type="Standard">
      <tags/>
    </dataset>
    <dataset name="TestDatasetB25" id="5075" type="Standard">
      <tags/>
    </dataset>
    <dataset name="TestDatasetB26" id="5076" type="Standard">
      <tags/>
    </dataset>
    <dataset name="TestDatasetB27" id="5077" type="Standard">
      <tags/>
    </dataset>
    <dataset name="TestDatasetB28" id="5078" type="Standard">
      <tags/>
    </dataset>
    <dataset name="TestDatasetB29" id="5079" type="Standard">
      <tags/>
    </dataset>
    <dataset name="TestDatasetB30" id="5080" type="Standard">
      <tags/>
    </dataset>
    <dataset name="TestDatasetB31" id="5081" type="Standard">
      <tags/>
    </dataset>
    <dataset name="TestDatasetB32" id="5082" type="Standard">
      <tags/>
    </dataset>
    <dataset name="TestDatasetB33" id="5083" type="Standard">
      <tags/>
    </dataset>
    <dataset name="TestDatasetB34" id="5084" type="Standard">
      <tags/>
    </dataset>
    <dataset name="TestDatasetB35" id="5085" type="Standard">
      <tags/>
    </dataset>
    <dataset name="TestDatasetB36" id="5086" type="Standard">
      <tags/>
    </dataset>
    <dataset name="TestDatasetB37" id="5087" type="Standard">
      <tags/>
    </dataset>
    <dataset name="TestDatasetB38" id="5088" type="Standard">
      <tags/>
    </dataset>
    <dataset name="TestDatasetB39" id="5089" type="Standard">
      <tags/>
    </dataset>
    <dataset name="TestDatasetB40" id="5090" type="Standard">
      <tags/>
    </dataset>
    <dataset name="TestDatasetB41" id="5091" type="Standard">
      <tags/>
    </dataset>
    <dataset name="TestDatasetB42" id="5092" type="Standard">
      <tags/>
    </dataset>
    <dataset name="TestDatasetB43" id="5093" type="Standard">
      <tags/>
    </dataset>
    <dataset name="TestDatasetB44" id="5094" type="Standard">
      <tags/>
    </dataset>
    <dataset name="TestDatasetB45" id="5095" type="Standard">
      <tags/>
    </dataset>
    <dataset name="TestDatasetB46" id="5096" type="Standard">
      <tags/>
    </dataset>
    <dataset name="TestDatasetB47" id="5097" type="Standard">
      <tags/>
    </dataset>
    <dataset name="TestDatasetB48" id="5098" type="Standard">
      <tags/>
    </dataset>
    <dataset name="TestDatasetB49" id="5099" type="Standard">
      <tags/>
    </dataset>
    <dataset name="TestDatasetB50" id="5100" type="Standard">
      <tags/>
    </dataset>
    <dataset name="TestDatasetB51" id="5101" type="Standard">
      <tags/>
    </dataset>
    <dataset name="TestDatasetB52" id="5102" type="Standard">
      <tags/>
    </dataset>
    <dataset name="TestDatasetB53" id="5103" type="Standard">
      <tags/>
    </dataset>
    <dataset name="TestDatasetB54" id="5104" type="Standard">
      <tags/>
    </dataset>
    <dataset name="TestDatasetB55" id="5105" type="Standard">
      <tags/>
    </dataset>
    <dataset name="TestDatasetB56" id="5106" type="Standard">
      <tags/>
    </dataset>
    <dataset name="TestDatasetB57" id="5107" type="Standard">
      <tags/>
    </dataset>
    <dataset name="TestDatasetB58" id="5108" type="Standard">
      <tags/>
    </dataset>
    <dataset name="TestDatasetB59" id="5109" type="Standard">
      <tags/>
    </dataset>
    <dataset name="TestDatasetB60" id="5110" type="Standard">
      <tags/>
    </dataset>
    <dataset name="TestDatasetB61" id="5111" type="Standard">
      <tags/>
    </dataset>
    <dataset name="TestDatasetB62" id="5112" type="Standard">
      <tags/>
    </dataset>
    <dataset name="TestDatasetB63" id="5113" type="Standard">
      <tags/>
    </dataset>
    <dataset name="TestDatasetB64" id="5114" type="Standard">
      <tags/>
    </dataset>
    <dataset name="TestDatasetB65" id="5115" type="Standard">
      <tags/>
    </dataset>
    <dataset name="TestDatasetB66" id="5116" type="Standard">
      <tags/>
    </dataset>
    <dataset name="TestDatasetB67" id="5117" type="Standard">
      <tags/>
    </dataset>
    <dataset name="TestDatasetB68" id="5118" type="Standard">
      <tags/>
    </dataset>
    <dataset name="TestDatasetB69" id="5119" type="Standard">
      <tags/>
    </dataset>
    <dataset name="TestDatasetB70" id="5120" type="Standard">
      <tags/>
    </dataset>
    <dataset name="TestDatasetB71" id="5121" type="Standard">
      <tags/>
    </dataset>
    <dataset name="TestDatasetB72" id="5122" type="Standard">
      <tags/>
    </dataset>
    <dataset name="TestDatasetB73" id="5123" type="Standard">
      <tags/>
    </dataset>
    <dataset name="TestDatasetB74" id="5124" type="Standard">
      <tags/>
    </dataset>
    <dataset name="TestDatasetB75" id="5125" type="Standard">
      <tags/>
    </dataset>
    <dataset name="TestDatasetB76" id="5126" type="Standard">
      <tags/>
    </dataset>
    <dataset name="TestDatasetB77" id="5127" type="Standard">
      <tags/>
    </dataset>
    <dataset name="TestDatasetB78" id="5128" type="Standard">
      <tags/>
    </dataset>
    <dataset name="TestDatasetB79" id="5129" type="Standard">
      <tags/>
    </dataset>
    <dataset name="TestDatasetB80" id="5130" type="Standard">
      <tags/>
    </dataset>
    <dataset name="TestDatasetB81" id="5131" type="Standard">
      <tags/>
    </dataset>
    <dataset name="TestDatasetB82" id="5132" type="Standard">
      <tags/>
    </dataset>
    <dataset name="TestDatasetB83" id="5133" type="Standard">
      <tags/>
    </dataset>
    <dataset name="TestDatasetB84" id="5134" type="Standard">
      <tags/>
    </dataset>
    <dataset name="TestDatasetB85" id="5135" type="Standard">
      <tags/>
    </dataset>
    <dataset name="TestDatasetB86" id="5136" type="Standard">
      <tags/>
    </dataset>
    <dataset name="TestDatasetB87" id="5137" type="Standard">
      <tags/>
    </dataset>
    <dataset name="TestDatasetB88" id="5138" type="Standard">
      <tags/>
    </dataset>
    <dataset name="TestDatasetB89" id="5139" type="Standard">
      <tags/>
    </dataset>
    <dataset name="TestDatasetB90" id="5140" type="Standard">
      <tags/>
    </dataset>
    <dataset name="TestDatasetB91" id="5141" type="Standard">
      <tags/>
    </dataset>
    <dataset name="TestDatasetB92" id="5142" type="Standard">
      <tags/>
    </dataset>
    <dataset name="TestDatasetB93" id="5143" type="Standard">
      <tags/>
    </dataset>
    <dataset name="TestDatasetB94" id="5144" type="Standard">
      <tags/>
    </dataset>
    <dataset name="TestDatasetB95" id="5145" type="Standard">
      <tags/>
    </dataset>
    <dataset name="TestDatasetB96" id="5146" type="Standard">
      <tags/>
    </dataset>
    <dataset name="TestDatasetB97" id="5147" type="Standard">
      <tags/>
    </dataset>
    <dataset name="TestDatasetB98" id="5148" type="Standard">
      <tags/>
    </dataset>
    <dataset name="TestDatasetB99" id="5149" type="Standard">
      <tags/>
    </dataset>
    <dataset name="TestDataset0" id="5018" type="Standard">
      <tags/>
    </dataset>
    <dataset name="TestDataset1" id="5019" type="Standard">
      <tags/>
    </dataset>
    <dataset name="TestDataset2" id="5020" type="Standard">
      <tags/>
    </dataset>
    <dataset name="TestDataset3" id="5021" type="Standard">
      <tags/>
    </dataset>
    <dataset name="TestDataset4" id="5022" type="Standard">
      <tags/>
    </dataset>
    <dataset name="TestDataset5" id="5023" type="Standard">
      <tags/>
    </dataset>
    <dataset name="TestDataset6" id="5024" type="Standard">
      <tags/>
    </dataset>
    <dataset name="TestDataset7" id="5025" type="Standard">
      <tags/>
    </dataset>
    <dataset name="TestDataset8" id="5026" type="Standard">
      <tags/>
    </dataset>
    <dataset name="TestDataset9" id="5027" type="Standard">
      <tags/>
    </dataset>
    <dataset name="TestDataset10" id="5028" type="Standard">
      <tags/>
    </dataset>
    <dataset name="TestDataset11" id="5029" type="Standard">
      <tags/>
    </dataset>
    <dataset name="TestDataset12" id="5030" type="Standard">
      <tags/>
    </dataset>
    <dataset name="TestDataset13" id="5031" type="Standard">
      <tags/>
    </dataset>
    <dataset name="TestDataset14" id="5032" type="Standard">
      <tags/>
    </dataset>
    <dataset name="TestDataset15" id="5033" type="Standard">
      <tags/>
    </dataset>
    <dataset name="TestDataset16" id="5034" type="Standard">
      <tags/>
    </dataset>
    <dataset name="TestDataset17" id="5035" type="Standard">
      <tags/>
    </dataset>
    <dataset name="TestDataset18" id="5036" type="Standard">
      <tags/>
    </dataset>
    <dataset name="TestDataset19" id="5037" type="Standard">
      <tags/>
    </dataset>
    <dataset name="TestDataset20" id="5038" type="Standard">
      <tags/>
    </dataset>
    <dataset name="TestDataset21" id="5039" type="Standard">
      <tags/>
    </dataset>
    <dataset name="TestDataset22" id="5040" type="Standard">
      <tags/>
    </dataset>
    <dataset name="TestDataset23" id="5041" type="Standard">
      <tags/>
    </dataset>
    <dataset name="TestDataset24" id="5042" type="Standard">
      <tags/>
    </dataset>
    <dataset name="TestDataset25" id="5043" type="Standard">
      <tags/>
    </dataset>
    <dataset name="TestDataset26" id="5044" type="Standard">
      <tags/>
    </dataset>
    <dataset name="TestDataset27" id="5045" type="Standard">
      <tags/>
    </dataset>
    <dataset name="TestDataset28" id="5046" type="Standard">
      <tags/>
    </dataset>
    <dataset name="TestDataset29" id="5047" type="Standard">
      <tags/>
    </dataset>
    <dataset name="TestDataset30" id="5048" type="Standard">
      <tags/>
    </dataset>
    <dataset name="TestDataset31" id="5049" type="Standard">
      <tags/>
    </dataset>
    <dataset name="ELISpotAssay" id="5012" category="Assays" type="Standard">
      <tags/>
    </dataset>
    <dataset name="NAbAssay" id="5013" category="Assays" type="Standard">
      <tags/>
    </dataset>
    <dataset name="LuminexAssay" id="5014" category="Assays" type="Standard">
      <tags/>
    </dataset>
    <dataset name="Microarray Test" id="5015" category="Assays" type="Standard">
      <tags/>
    </dataset>
    <dataset name="FileBasedAssay" id="5016" category="Assays" type="Standard">
      <tags/>
    </dataset>
    <dataset name="Participation and Genetic Consent" id="5017" category="Consent" demographicData="true" type="Standard">
      <tags/>
    </dataset>
    <dataset name="Physical Exam" id="5004" category="Exams" type="Standard">
      <tags/>
    </dataset>
    <dataset name="Demographics" id="5008" category="Exams" demographicData="true" type="Standard">
      <tags/>
    </dataset>
    <dataset name="Status Assessment" id="5009" category="Status" type="Standard">
      <tags/>
    </dataset>
    <dataset name="HIV Test Results" id="5006" category="Tests" type="Standard">
      <tags/>
    </dataset>
    <dataset name="Lab Results" id="5007" category="Tests" type="Standard">
      <tags/>
    </dataset>
  </datasets>
</datasets>