<?xml version="1.0" encoding="UTF-8"?>
<study label="CHAVI 001" dateBased="false" securityType="ADVANCED_WRITE" xmlns="http://labkey.org/study/xml">
  <queries dir="queries"/>
  <lists dir="lists"/>
  <visits file="visit_map.xml"/>
  <cohorts type="AUTOMATIC" mode="SIMPLE" datasetId="99" datasetProperty="GAgroup"/>
  <qcStates showPrivateDataByDefault="false"/>
  <datasets dir="datasets" file="datasets_manifest.xml">
    <definition file="CHAVI001.dataset"/>
  </datasets>
  <specimens repositoryType="STANDARD" dir="specimens" file="CHAVI001.specimens"/>
  <comments/>
  <missingValueIndicators>
    <missingValueIndicator indicator="Q" label="Data currently under quality control review."/>
    <missingValueIndicator indicator="N" label="Required field marked by site as 'data not available'."/>
  </missingValueIndicators>
</study>