ParticipantId	date	QCStateLabel	BatchMachine	BatchOperatorEmail	M1	M2	M3	ObjectId	RunComments	RunCreatedBy	RunCreatedOn	RunMachineSetting	RunName
249318596	2008-06-30 00:00:00.0		ABI-QSTAR	john.doe	543	1830	14.5	29100		1807	2009-09-02 15:22:51.329	24	Run1
249318596	2008-06-30 00:00:00.0		ABI-QSTAR	john.doe	520	1850	16.0	29110		1807	2009-09-02 15:23:16.477	24	Run2
249318596	2008-09-02 00:00:00.0		ABI-QSTAR	john.doe	420	1770	12.2	29111		1807	2009-09-02 15:23:16.477	24	Run2
249318596	2008-11-23 00:00:00.0		ABI-QSTAR	john.doe	185	1600	15.5	29112		1807	2009-09-02 15:23:16.477	24	Run2
