<?xml version="1.0" encoding="UTF-8"?>
<visitMap xmlns="http://labkey.org/study/xml">
  <visit label="Day -285" sequenceNum="-285.0" protocolDay="-285.0" sequenceNumHandling="normal"/>
  <visit label="Day -252" sequenceNum="-252.0" protocolDay="-252.0" sequenceNumHandling="normal"/>
  <visit label="Day -244" sequenceNum="-244.0" protocolDay="-244.0" sequenceNumHandling="normal"/>
  <visit label="Day -222" sequenceNum="-222.0" protocolDay="-222.0" sequenceNumHandling="normal"/>
  <visit label="Day -216" sequenceNum="-216.0" protocolDay="-216.0" sequenceNumHandling="normal"/>
  <visit label="Day -207" sequenceNum="-207.0" protocolDay="-207.0" sequenceNumHandling="normal"/>
  <visit label="Day -184" sequenceNum="-184.0" protocolDay="-184.0" sequenceNumHandling="normal"/>
  <visit label="Day -176" sequenceNum="-176.0" protocolDay="-176.0" sequenceNumHandling="normal"/>
  <visit label="Day -174" sequenceNum="-174.0" protocolDay="-174.0" sequenceNumHandling="normal"/>
  <visit label="Day -173" sequenceNum="-173.0" protocolDay="-173.0" sequenceNumHandling="normal"/>
  <visit label="Day -159" sequenceNum="-159.0" protocolDay="-159.0" sequenceNumHandling="normal"/>
  <visit label="Day -145" sequenceNum="-145.0" protocolDay="-145.0" sequenceNumHandling="normal"/>
  <visit label="Day -137" sequenceNum="-137.0" protocolDay="-137.0" sequenceNumHandling="normal"/>
  <visit label="Day -135" sequenceNum="-135.0" protocolDay="-135.0" sequenceNumHandling="normal"/>
  <visit label="Day -133" sequenceNum="-133.0" protocolDay="-133.0" sequenceNumHandling="normal"/>
  <visit label="Day -132" sequenceNum="-132.0" protocolDay="-132.0" sequenceNumHandling="normal"/>
  <visit label="Day -112" sequenceNum="-112.0" protocolDay="-112.0" sequenceNumHandling="normal"/>
  <visit label="Day -103" sequenceNum="-103.0" protocolDay="-103.0" sequenceNumHandling="normal"/>
  <visit label="Day -100" sequenceNum="-100.0" protocolDay="-100.0" sequenceNumHandling="normal"/>
  <visit label="Day -98" sequenceNum="-98.0" protocolDay="-98.0" sequenceNumHandling="normal"/>
  <visit label="Day -95" sequenceNum="-95.0" protocolDay="-95.0" sequenceNumHandling="normal"/>
  <visit label="Day -93" sequenceNum="-93.0" protocolDay="-93.0" sequenceNumHandling="normal"/>
  <visit label="Day -90" sequenceNum="-90.0" protocolDay="-90.0" sequenceNumHandling="normal"/>
  <visit label="Day -74" sequenceNum="-74.0" protocolDay="-74.0" sequenceNumHandling="normal"/>
  <visit label="Day -72" sequenceNum="-72.0" protocolDay="-72.0" sequenceNumHandling="normal"/>
  <visit label="Day -71" sequenceNum="-71.0" protocolDay="-71.0" sequenceNumHandling="normal"/>
  <visit label="Day -70" sequenceNum="-70.0" protocolDay="-70.0" sequenceNumHandling="normal"/>
  <visit label="Day -69" sequenceNum="-69.0" protocolDay="-69.0" sequenceNumHandling="normal"/>
  <visit label="Day -67" sequenceNum="-67.0" protocolDay="-67.0" sequenceNumHandling="normal"/>
  <visit label="Day -57" sequenceNum="-57.0" protocolDay="-57.0" sequenceNumHandling="normal"/>
  <visit label="Day -54" sequenceNum="-54.0" protocolDay="-54.0" sequenceNumHandling="normal"/>
  <visit label="Day -52" sequenceNum="-52.0" protocolDay="-52.0" sequenceNumHandling="normal"/>
  <visit label="Day -43" sequenceNum="-43.0" protocolDay="-43.0" sequenceNumHandling="normal"/>
  <visit label="Day -40" sequenceNum="-40.0" protocolDay="-40.0" sequenceNumHandling="normal"/>
  <visit label="Day -38" sequenceNum="-38.0" protocolDay="-38.0" sequenceNumHandling="normal"/>
  <visit label="Day -36" sequenceNum="-36.0" protocolDay="-36.0" sequenceNumHandling="normal"/>
  <visit label="Day -28" sequenceNum="-28.0" protocolDay="-28.0" sequenceNumHandling="normal"/>
  <visit label="Day -26" sequenceNum="-26.0" protocolDay="-26.0" sequenceNumHandling="normal"/>
  <visit label="Day -23" sequenceNum="-23.0" protocolDay="-23.0" sequenceNumHandling="normal"/>
  <visit label="Day -21" sequenceNum="-21.0" protocolDay="-21.0" sequenceNumHandling="normal"/>
  <visit label="Day -20" sequenceNum="-20.0" protocolDay="-20.0" sequenceNumHandling="normal"/>
  <visit label="Day -19" sequenceNum="-19.0" protocolDay="-19.0" sequenceNumHandling="normal"/>
  <visit label="Day -12" sequenceNum="-12.0" protocolDay="-12.0" sequenceNumHandling="normal"/>
  <visit label="Day -11" sequenceNum="-11.0" protocolDay="-11.0" sequenceNumHandling="normal"/>
  <visit label="Day -10" sequenceNum="-10.0" protocolDay="-10.0" sequenceNumHandling="normal"/>
  <visit label="Day -2" sequenceNum="-2.0" protocolDay="-2.0" sequenceNumHandling="normal"/>
  <visit label="Day 0" sequenceNum="0.0" protocolDay="0.0" sequenceNumHandling="normal">
    <visitTags>
      <visitTag name="FirstVac" cohort="1/3 - Heterologous boost regimen"/>
    </visitTags>
  </visit>
  <visit label="Month 1" sequenceNum="1.0" protocolDay="1.0" sequenceNumHandling="normal"/>
  <visit label="Day 3" sequenceNum="3.0" protocolDay="3.0" sequenceNumHandling="normal">
    <visitTags>
      <visitTag name="FirstVac" cohort="2/4 - Heterologous boost regimen"/>
    </visitTags>
  </visit>
  <visit label="Day 6" sequenceNum="6.0" protocolDay="6.0" sequenceNumHandling="normal"/>
  <visit label="Day 8" sequenceNum="8.0" protocolDay="8.0" sequenceNumHandling="normal"/>
  <visit label="Day 19" sequenceNum="19.0" protocolDay="19.0" sequenceNumHandling="normal"/>
  <visit label="Day 21" sequenceNum="21.0" protocolDay="21.0" sequenceNumHandling="normal"/>
  <visit label="Day 24" sequenceNum="24.0" protocolDay="24.0" sequenceNumHandling="normal"/>
  <visit label="Month 2" sequenceNum="32.0" protocolDay="32.0" sequenceNumHandling="normal"/>
  <visit label="Day 42" sequenceNum="42.0" protocolDay="42.0" sequenceNumHandling="normal"/>
  <visit label="Day 43" sequenceNum="43.0" protocolDay="43.0" sequenceNumHandling="normal"/>
  <visit label="Day 44" sequenceNum="44.0" protocolDay="44.0" sequenceNumHandling="normal"/>
  <visit label="Day 49" sequenceNum="49.0" protocolDay="49.0" sequenceNumHandling="normal"/>
  <visit label="Day 56" sequenceNum="56.0" protocolDay="56.0" sequenceNumHandling="normal"/>
  <visit label="Day 58" sequenceNum="58.0" protocolDay="58.0" sequenceNumHandling="normal"/>
  <visit label="Day 62" sequenceNum="62.0" protocolDay="62.0" sequenceNumHandling="normal">
    <visitTags>
      <visitTag name="SecondVac" cohort="1/3 - Heterologous boost regimen"/>
    </visitTags>
  </visit>
  <visit label="Day 64" sequenceNum="64.0" protocolDay="64.0" sequenceNumHandling="normal"/>
  <visit label="Day 79" sequenceNum="79.0" protocolDay="79.0" sequenceNumHandling="normal"/>
  <visit label="Day 80" sequenceNum="80.0" protocolDay="80.0" sequenceNumHandling="normal"/>
  <visit label="Day 84" sequenceNum="84.0" protocolDay="84.0" sequenceNumHandling="normal"/>
  <visit label="Month 3" sequenceNum="90.0" protocolDay="90.0" sequenceNumHandling="normal"/>
  <visit label="Day 99" sequenceNum="99.0" protocolDay="99.0" sequenceNumHandling="normal"/>
  <visit label="Day 101" sequenceNum="101.0" protocolDay="101.0" sequenceNumHandling="normal">
    <visitTags>
      <visitTag name="SecondVac" cohort="2/4 - Heterologous boost regimen"/>
    </visitTags>
  </visit>
  <visit label="Day 104" sequenceNum="104.0" protocolDay="104.0" sequenceNumHandling="normal"/>
  <visit label="Day 105" sequenceNum="105.0" protocolDay="105.0" sequenceNumHandling="normal"/>
  <visit label="Day 108" sequenceNum="108.0" protocolDay="108.0" sequenceNumHandling="normal"/>
  <visit label="Day 115" sequenceNum="115.0" protocolDay="115.0" sequenceNumHandling="normal"/>
  <visit label="Month 4" sequenceNum="120.0" protocolDay="120.0" sequenceNumHandling="normal"/>
  <visit label="Day 126" sequenceNum="126.0" protocolDay="126.0" sequenceNumHandling="normal"/>
  <visit label="Day 160" sequenceNum="160.0" protocolDay="160.0" sequenceNumHandling="normal"/>
  <visit label="Day 169" sequenceNum="169.0" protocolDay="169.0" sequenceNumHandling="normal"/>
  <visit label="Day 190" sequenceNum="190.0" protocolDay="190.0" sequenceNumHandling="normal"/>
  <visit label="Day 193" sequenceNum="193.0" protocolDay="193.0" sequenceNumHandling="normal"/>
  <visit label="Day 196" sequenceNum="196.0" protocolDay="196.0" sequenceNumHandling="normal"/>
  <visit label="Day 199" sequenceNum="199.0" protocolDay="199.0" sequenceNumHandling="normal"/>
  <visit label="Day 210" sequenceNum="210.0" protocolDay="210.0" sequenceNumHandling="normal"/>
  <visit label="Day 216" sequenceNum="216.0" protocolDay="216.0" sequenceNumHandling="normal"/>
  <visit label="Day 225" sequenceNum="225.0" protocolDay="225.0" sequenceNumHandling="normal"/>
  <visit label="Day 246" sequenceNum="246.0" protocolDay="246.0" sequenceNumHandling="normal"/>
  <visit label="Day 247" sequenceNum="247.0" protocolDay="247.0" sequenceNumHandling="normal"/>
  <visit label="Day 261" sequenceNum="261.0" protocolDay="261.0" sequenceNumHandling="normal"/>
  <visit label="Day 276" sequenceNum="276.0" protocolDay="276.0" sequenceNumHandling="normal"/>
  <visit label="Day 281" sequenceNum="281.0" protocolDay="281.0" sequenceNumHandling="normal"/>
  <visit label="Day 283" sequenceNum="283.0" protocolDay="283.0" sequenceNumHandling="normal"/>
  <visit label="Day 285" sequenceNum="285.0" protocolDay="285.0" sequenceNumHandling="normal"/>
  <visit label="Day 294" sequenceNum="294.0" protocolDay="294.0" sequenceNumHandling="normal"/>
  <visit label="Day 303" sequenceNum="303.0" protocolDay="303.0" sequenceNumHandling="normal"/>
  <visit label="Day 315" sequenceNum="315.0" protocolDay="315.0" sequenceNumHandling="normal"/>
  <visit label="Day 335" sequenceNum="335.0" protocolDay="335.0" sequenceNumHandling="normal"/>
  <visit label="Day 364" sequenceNum="364.0" protocolDay="364.0" sequenceNumHandling="normal"/>
  <visit label="Day 394" sequenceNum="394.0" protocolDay="394.0" sequenceNumHandling="normal"/>
  <visitTag name="SecondVac" caption="Second Vaccination" singleUse="true"/>
  <visitTag name="FollowUp" caption="Follow Up" singleUse="false"/>
  <visitTag name="FirstVac" caption="First Vaccination" singleUse="true"/>
</visitMap>