<?xml version="1.0" encoding="UTF-8"?>
<!--Exported from LabKey Server at http://localhost:8080/labkey/project/NPOD%20Project/My%20Study/begin.view by dave on Fri May 08 14:11:25 PDT 2015-->
<tables xmlns="http://labkey.org/data/xml">
  <table tableName="ImageMetadata" tableDbType="TABLE">
    <columns>
      <column columnName="Key">
        <datatype>integer</datatype>
        <columnTitle>Key</columnTitle>
        <nullable>false</nullable>
        <isHidden>true</isHidden>
        <isKeyField>true</isKeyField>
        <isAutoInc>true</isAutoInc>
      </column>
      <column columnName="ImageFileName">
        <datatype>varchar</datatype>
        <columnTitle>Image File Name</columnTitle>
      </column>
      <column columnName="UploaderName">
        <datatype>varchar</datatype>
        <columnTitle>Uploader Name</columnTitle>
      </column>
      <column columnName="ImageTitle">
        <datatype>varchar</datatype>
        <columnTitle>Image Title</columnTitle>
      </column>
      <column columnName="nPOD_caseID">
        <datatype>varchar</datatype>
        <columnTitle>N POD Case ID</columnTitle>
      </column>
      <column columnName="BlockNumber">
        <datatype>varchar</datatype>
        <columnTitle>Block Number</columnTitle>
      </column>
      <column columnName="SerialSlideNumber">
        <datatype>varchar</datatype>
        <columnTitle>Serial Slide Number</columnTitle>
      </column>
      <column columnName="TissueBeingStained">
        <datatype>varchar</datatype>
        <columnTitle>Tissue Being Stained</columnTitle>
      </column>
      <column columnName="ImageMagnification">
        <datatype>varchar</datatype>
        <columnTitle>Image Magnification</columnTitle>
      </column>
      <column columnName="Marker">
        <datatype>varchar</datatype>
        <columnTitle>Marker</columnTitle>
      </column>
      <column columnName="StainsUsed">
        <datatype>varchar</datatype>
        <columnTitle>Stains Used</columnTitle>
      </column>
      <column columnName="ColorOfEachStain">
        <datatype>varchar</datatype>
        <columnTitle>Color Of Each Stain</columnTitle>
      </column>
      <column columnName="ImageType">
        <datatype>varchar</datatype>
        <columnTitle>Image Type</columnTitle>
      </column>
      <column columnName="ReferenceToSharedProtocol">
        <datatype>varchar</datatype>
        <columnTitle>Reference To Shared Protocol</columnTitle>
      </column>
      <column columnName="DescriptiveNotes">
        <datatype>varchar</datatype>
        <columnTitle>Descriptive Notes</columnTitle>
      </column>
    </columns>
    <pkColumnName>Key</pkColumnName>
  </table>
  <table tableName="Publications" tableDbType="TABLE">
    <columns>
      <column columnName="PMID">
        <datatype>integer</datatype>
        <columnTitle>PMID</columnTitle>
        <nullable>false</nullable>
        <isHidden>true</isHidden>
        <isKeyField>true</isKeyField>
        <isAutoInc>true</isAutoInc>
      </column>
      <column columnName="Journal">
        <datatype>varchar</datatype>
        <columnTitle>Journal</columnTitle>
      </column>
      <column columnName="Year">
        <datatype>integer</datatype>
        <columnTitle>Year</columnTitle>
      </column>
      <column columnName="Authors">
        <datatype>varchar</datatype>
        <columnTitle>Authors</columnTitle>
      </column>
      <column columnName="Title">
        <datatype>varchar</datatype>
        <columnTitle>Title</columnTitle>
      </column>
      <column columnName="CaseIds">
        <datatype>varchar</datatype>
        <columnTitle>Case Ids</columnTitle>
      </column>
    </columns>
    <pkColumnName>PMID</pkColumnName>
  </table>
</tables>