<?xml version="1.0" encoding="UTF-8"?>
<!--Exported from Release-21-3-Sanity-A at https://release-21-3-sanity-a.lkpoc.labkey.com/CohortStudy/project-begin.view by danield on Tue Mar 30 15:34:32 PDT 2021-->
<study archiveVersion="21.001" label="Cohort Study" timepointType="VISIT" subjectNounSingular="Participant" subjectNounPlural="Participants" subjectColumnName="ParticipantId" investigator="" grant="" species="" alternateIdPrefix="" alternateIdDigits="6" defaultTimepointDuration="1" startDate="2009-09-18-07:00" securityType="BASIC_WRITE" xmlns="http://labkey.org/study/xml" xmlns:xsi="http://www.w3.org/2001/XMLSchema-instance">
  <assaySchedule dir="assaySchedule"/>
  <cohorts type="AUTOMATIC" mode="ADVANCED" datasetId="5001" datasetProperty="Cohort" file="cohorts.xml"/>
  <datasets dir="datasets" file="datasets_manifest.xml">
    <definition file="Cohort.dataset"/>
  </datasets>
  <comments/>
  <treatmentData dir="treatmentData"/>
  <visits file="visit_map.xml"/>
  <studyViews dir="views" settings="settings.xml"/>
  <studyDescription rendererType="TEXT_WITH_LINKS">
    <description xsi:nil="true"/>
  </studyDescription>
  <properties dir="properties"/>
</study>