<?xml version="1.0" encoding="UTF-8"?>
<!--Exported from LabKey Software Foundation at https://www.labkey.org/project/home/Study/ListDemo/begin.view by eknelson on Tue Jul 26 15:50:33 PDT 2011-->
<tables xmlns="http://labkey.org/data/xml">
  <table tableName="NIMHDemographics" tableDbType="TABLE">
    <titleColumn>Name</titleColumn>
    <columns>
      <column columnName="SubjectID">
        <datatype>integer</datatype>
        <columnTitle>Subject ID</columnTitle>
        <nullable>false</nullable>
        <isKeyField>true</isKeyField>
      </column>
      <column columnName="Name">
        <datatype>varchar</datatype>
        <columnTitle>Name</columnTitle>
      </column>
      <column columnName="Family">
        <datatype>varchar</datatype>
        <columnTitle>Family</columnTitle>
      </column>
      <column columnName="Mother">
        <datatype>integer</datatype>
        <columnTitle>Mother</columnTitle>
        <dimension>false</dimension>
        <fk>
          <fkDbSchema>lists</fkDbSchema>
          <fkTable>NIMHDemographics</fkTable>
          <fkColumnName>SubjectID</fkColumnName>
        </fk>
      </column>
      <column columnName="Father">
        <datatype>integer</datatype>
        <columnTitle>Father</columnTitle>
        <dimension>false</dimension>
        <fk>
          <fkDbSchema>lists</fkDbSchema>
          <fkTable>NIMHDemographics</fkTable>
          <fkColumnName>SubjectID</fkColumnName>
        </fk>
      </column>
      <column columnName="Species">
        <datatype>varchar</datatype>
        <columnTitle>Species</columnTitle>
        <url><![CDATA[http://www.labkey.org/list/home/Study/ListDemo/grid.view?listId=102&query.Species~eq=${Species}]]></url>
      </column>
      <column columnName="Occupation">
        <datatype>varchar</datatype>
        <columnTitle>Occupation</columnTitle>
      </column>
      <column columnName="MaritalStatus">
        <datatype>varchar</datatype>
        <columnTitle>Marital Status</columnTitle>
      </column>
      <column columnName="CurrentStatus">
        <datatype>varchar</datatype>
        <columnTitle>Current Status</columnTitle>
      </column>
      <column columnName="Gender">
        <datatype>varchar</datatype>
        <columnTitle>Gender</columnTitle>
      </column>
      <column columnName="BirthDate">
        <datatype>timestamp</datatype>
        <columnTitle>Birth Date</columnTitle>
      </column>
      <column columnName="Image">
        <datatype>boolean</datatype>
        <columnTitle>Image</columnTitle>
        <url><![CDATA[http://www.labkey.org/filecontent/home/Study/ListDemo/sendFile.view?fileName=${SubjectID}.png&renderAs=IMAGE]]></url>
      </column>
    </columns>
    <pkColumnName>SubjectID</pkColumnName>
  </table>
  <table tableName="NIMHSamples" tableDbType="TABLE">
    <titleColumn>SampleID</titleColumn>
    <columns>
      <column columnName="SampleID">
        <datatype>integer</datatype>
        <columnTitle>Sample ID</columnTitle>
        <nullable>false</nullable>
        <isKeyField>true</isKeyField>
      </column>
      <column columnName="SubjectID">
        <datatype>integer</datatype>
        <columnTitle>Subject ID</columnTitle>
        <dimension>false</dimension>
        <fk>
          <fkDbSchema>lists</fkDbSchema>
          <fkTable>NIMHDemographics</fkTable>
          <fkColumnName>SubjectID</fkColumnName>
        </fk>
      </column>
      <column columnName="DateObtained">
        <datatype>timestamp</datatype>
        <columnTitle>Date Obtained</columnTitle>
      </column>
      <column columnName="SampleType">
        <datatype>varchar</datatype>
        <columnTitle>Sample Type</columnTitle>
      </column>
      <column columnName="Volume">
        <datatype>integer</datatype>
        <columnTitle>Volume</columnTitle>
        <measure>false</measure>
      </column>
      <column columnName="VolumeUnits">
        <datatype>varchar</datatype>
        <columnTitle>Volume Units</columnTitle>
      </column>
    </columns>
    <pkColumnName>SampleID</pkColumnName>
  </table>
  <table tableName="NIMHPortions" tableDbType="TABLE">
    <columns>
      <column columnName="PortionID">
        <datatype>integer</datatype>
        <columnTitle>Portion ID</columnTitle>
        <nullable>false</nullable>
        <isKeyField>true</isKeyField>
      </column>
      <column columnName="SubjectID">
        <datatype>integer</datatype>
        <columnTitle>Subject ID</columnTitle>
        <dimension>false</dimension>
        <fk>
          <fkDbSchema>lists</fkDbSchema>
          <fkTable>NIMHDemographics</fkTable>
          <fkColumnName>SubjectID</fkColumnName>
        </fk>
      </column>
      <column columnName="SampleID">
        <datatype>integer</datatype>
        <columnTitle>Sample ID</columnTitle>
        <dimension>false</dimension>
        <fk>
          <fkDbSchema>lists</fkDbSchema>
          <fkTable>NIMHSamples</fkTable>
          <fkColumnName>SampleID</fkColumnName>
        </fk>
      </column>
      <column columnName="DateSeparated">
        <datatype>timestamp</datatype>
        <columnTitle>Date Separated</columnTitle>
      </column>
      <column columnName="Division">
        <datatype>varchar</datatype>
        <columnTitle>Division</columnTitle>
      </column>
    </columns>
    <pkColumnName>PortionID</pkColumnName>
  </table>
  <table tableName="NIMHSlides" tableDbType="TABLE">
    <columns>
      <column columnName="SlideID">
        <datatype>integer</datatype>
        <columnTitle>Slide ID</columnTitle>
        <nullable>false</nullable>
        <isKeyField>true</isKeyField>
      </column>
      <column columnName="SubjectID">
        <datatype>integer</datatype>
        <columnTitle>Subject ID</columnTitle>
        <dimension>false</dimension>
        <fk>
          <fkDbSchema>lists</fkDbSchema>
          <fkTable>NIMHDemographics</fkTable>
          <fkColumnName>SubjectID</fkColumnName>
        </fk>
      </column>
      <column columnName="SampleID">
        <datatype>integer</datatype>
        <columnTitle>Sample ID</columnTitle>
        <dimension>false</dimension>
        <fk>
          <fkDbSchema>lists</fkDbSchema>
          <fkTable>NIMHSamples</fkTable>
          <fkColumnName>SampleID</fkColumnName>
        </fk>
      </column>
      <column columnName="PortionID">
        <datatype>integer</datatype>
        <columnTitle>Portion ID</columnTitle>
        <dimension>false</dimension>
        <fk>
          <fkDbSchema>lists</fkDbSchema>
          <fkTable>NIMHPortions</fkTable>
          <fkColumnName>PortionID</fkColumnName>
        </fk>
      </column>
      <column columnName="StainPositive">
        <datatype>boolean</datatype>
        <columnTitle>Stain Positive</columnTitle>
      </column>
      <column columnName="StainDate">
        <datatype>timestamp</datatype>
        <columnTitle>Stain Date</columnTitle>
      </column>
    </columns>
    <pkColumnName>SlideID</pkColumnName>
  </table>
</tables>