<?xml version="1.0" encoding="UTF-8"?>
<!--Exported from LabKey Server at http://localhost:8080/labkey/project/CAVDStudyTest%20Project%20Keep/Study1/begin.view by cnathe@labkey.com on Fri May 25 09:04:18 CDT 2012-->
<folder archiveVersion="13.11" label="Study1" xmlns="http://labkey.org/folder/xml">
  <folderType name="CAVD Study">
    <defaultModule>Portal</defaultModule>
    <modules>
      <moduleName>FileContent</moduleName>
      <moduleName>Experiment</moduleName>
      <moduleName>ViscStudies</moduleName>
      <moduleName>Query</moduleName>
      <moduleName>Issues</moduleName>
      <moduleName>Wiki</moduleName>
      <moduleName>Study</moduleName>
      <moduleName>Pipeline</moduleName>
      <moduleName>Announcements</moduleName>
      <moduleName>Portal</moduleName>
    </modules>
  </folderType>
  <searchable>true</searchable>
  <pages file="pages.xml"/>
  <wikis dir="wikis"/>
  <missingValueIndicators>
    <ns:missingValueIndicator indicator="Q" label="Data currently under quality control review." xmlns:ns="http://labkey.org/study/xml"/>
    <ns:missingValueIndicator indicator="N" label="Required field marked by site as 'data not available'." xmlns:ns="http://labkey.org/study/xml"/>
  </missingValueIndicators>
  <study dir="study"/>
</folder>