<?xml version="1.0" encoding="UTF-8"?>
<pages xmlns="http://labkey.org/folder/xml">
  <page index="1" name="Overview">
    <webpart>
      <name>Study Protocol Summary</name>
      <index>1</index>
      <location>!content</location>
      <permanent>false</permanent>
    </webpart>
    <webpart>
      <name>Study Schedule</name>
      <index>2</index>
      <location>!content</location>
      <permanent>false</permanent>
    </webpart>
  </page>
  <page index="2" name="viscstudy.VACCINE_DESIGN"/>
  <page index="3" name="viscstudy.IMMUNIZATIONS"/>
  <page index="4" name="viscstudy.ASSAYS"/>
  <page index="5" name="study.DATA_ANALYSIS">
    <webpart>
      <name>Data Views</name>
      <index>1</index>
      <location>!content</location>
      <permanent>false</permanent>
    </webpart>
    <webpart>
      <name>Study Data Tools</name>
      <index>2</index>
      <location>right</location>
      <permanent>false</permanent>
    </webpart>
  </page>
  <page index="6" name="Manage"/>
</pages>