RunMachineSetting	BatchMachine	BatchOperatorEmail	M1	M2	M3	date	QCStateLabel	RunComments	RunCreatedBy	RunCreatedOn	ParticipantId	ObjectId	RunName
24	ABI-QSTAR	john.doe	543	1830	14.5	2008-06-30 00:00:00.0			1807	2009-09-02 15:22:51.329	249318596	29100	Run1
24	ABI-QSTAR	john.doe	520	1850	16.0	2008-06-30 00:00:00.0			1807	2009-09-02 15:23:16.477	249318596	29110	Run2
24	ABI-QSTAR	john.doe	420	1770	12.2	2008-09-02 00:00:00.0			1807	2009-09-02 15:23:16.477	249318596	29111	Run2
24	ABI-QSTAR	john.doe	185	1600	15.5	2008-11-23 00:00:00.0			1807	2009-09-02 15:23:16.477	249318596	29112	Run2
