Weight	M1	Stim	date	QCStateLabel	RunComments	RunCreatedBy	RunCreatedOn	ParticipantId	ObjectId	RunName
14.5	543	false	2008-06-30 00:00:00.0			1807	2009-09-08 17:15:00.342	249318596	30422	GenericAssay_Run1.xls
11.0	645	false	2008-06-04 00:00:00.0			1807	2009-09-08 17:15:00.342	249320107	30423	GenericAssay_Run1.xls
14.3	234	false	2008-07-16 00:00:00.0			1807	2009-09-08 17:15:00.342	249320107	30424	GenericAssay_Run1.xls
11.9	324	false	2008-08-20 00:00:00.0			1807	2009-09-08 17:15:00.342	249320489	30425	GenericAssay_Run1.xls
15.6	1045	false	2008-05-20 00:00:00.0			1807	2009-09-08 17:15:00.342	249320897	30426	GenericAssay_Run1.xls
18.0	874	false	2008-04-27 00:00:00.0			1807	2009-09-08 17:15:00.342	249325717	30427	GenericAssay_Run1.xls
