CurveIC50Number	CurveIC80	SampleDescription	RunVirusName	QCStateLabel	ParticipantId	RunCurveFitMethod	PointIC50Number	RunExperimentID	FitError	RunName	CurveIC50OORIndicator	RunStudyName	CurveIC80Number	PointIC50	RunVirusID	RunExperimentDate	RunCreatedOn	RunFileID	CurveIC50	PointIC80Number	SpecimenID	ObjectId	RunExperimentPerformer	RunPlateNumber	RunLockYAxis	PointIC80OORIndicator	InitialDilution	date	RunComments	RunCreatedBy	PointIC80	CurveIC80OORIndicator	PointIC50OORIndicator	RunIncubationTime	WellgroupName	Factor	RunCutoff3	RunCutoff2	RunCutoff1	RunHostCell	Method
117.10675297290996	27.8082687277155		HIV-1		249318596	Five Parameter	102.71204823296534	Nab32	4.676802772233244	NAb1		Demo	27.8082687277155	102.71204823296534	P392		2009-09-03 15:06:30.354	NAbresults2	117.10675297290996	25.865227416148745	526455390.2504.346	30089	Elizabeth	1	false		20.0	2008-09-02 00:00:00.0		1807	25.865227416148745			30	Specimen 1	3.0		80	50	T	Dilution
504.30800070578124	134.24253881942033		HIV-1		249320107	Five Parameter	399.7623185209562	Nab32	4.134905944014015	NAb1		Demo	134.24253881942033	399.7623185209562	P392		2009-09-03 15:06:30.354	NAbresults2	504.30800070578124	131.65432059867493	249325717.2404.493	30090	Elizabeth	1	false		20.0	2008-07-30 00:00:00.0		1807	131.65432059867493			30	Specimen 2	3.0		80	50	T	Dilution
831.8408905675533	147.1656181029605		HIV-1		249320127	Five Parameter	688.2636345217795	Nab32	3.4342538333958825	NAb1		Demo	147.1656181029605	688.2636345217795	P392		2009-09-03 15:06:30.354	NAbresults2	831.8408905675533	142.48991481233844	249320619.2604.640	30091	Elizabeth	1	false		20.0	2009-01-06 00:00:00.0		1807	142.48991481233844			30	Specimen 3	3.0		80	50	T	Dilution
979.1036771241501	242.80747870422675		HIV-1		249320489	Five Parameter	1644.2206516682545	Nab32	4.457880161710849	NAb1		Demo	242.80747870422675	1644.2206516682545	P392		2009-09-03 15:06:30.354	NAbresults2	979.1036771241501	194.6864111729882	249328595.2604.530	30092	Elizabeth	1	false		20.0	2008-12-03 00:00:00.0		1807	194.6864111729882			30	Specimen 4	3.0		80	50	T	Dilution
425.11625081263253	156.6208763169263		HIV-1		249320897	Five Parameter	407.5192492384341	Nab32	2.939152251132248	NAb1		Demo	156.6208763169263	407.5192492384341	P392		2009-09-03 15:06:30.354	NAbresults2	425.11625081263253	149.0511514806856	526455350.4404.456	30093	Elizabeth	1	false		20.0	2008-07-20 00:00:00.0		1807	149.0511514806856			30	Specimen 5	3.0		80	50	T	Dilution
