Status	date	QCStateLabel	Country	Height	StartDate	ParticipantId	Gender	Group	Comments
confirmed	2008-05-17 00:00:00.0		USA	85	2008-05-17 00:00:00.0	249318596	m	Group 1: Accute HIV-1	
confirmed	2008-06-04 00:00:00.0		USA	67	2008-06-04 00:00:00.0	249320107	f	Group 1: Accute HIV-1	
0	2008-07-30 00:00:00.0		USA	73	2008-07-30 00:00:00.0	249320127	f	Group 2: HIV-1 Negative	Latex allergy.
confirmed	2008-07-30 00:00:00.0		USA	74	2008-07-30 00:00:00.0	249320489	f	Group 1: Accute HIV-1	
0	2008-05-01 00:00:00.0		USA	65	2008-05-01 00:00:00.0	249320897	f	Group 2: HIV-1 Negative	
0	2008-04-27 00:00:00.0		USA	97	2008-04-27 00:00:00.0	249325717	m	Group 2: HIV-1 Negative	
