HIVStdAntibody	HIVRapidTest	HIVLoadQuant	date	QCStateLabel	HIVLoadIneq	HIVLoadQual	ParticipantId	HIVWestern	HIVSourceLab
Positive	Positive	4345	2008-06-30 00:00:00.0		Equals	Positive	249318596	Positive	Olympia University Consortium
Positive	Positive	3452	2008-08-04 00:00:00.0		Equals	Positive	249318596		Olympia University Consortium
Positive	Positive	98354	2008-09-02 00:00:00.0		Equals	Positive	249318596	Positive	Olympia University Consortium
Positive	Positive	32453	2008-11-23 00:00:00.0		Equals	Positive	249318596	Positive	Olympia University Consortium
Positive	Positive	324234	2009-01-18 00:00:00.0		Equals	Positive	249318596	Positive	Olympia University Consortium
Positive	Positive	345452	2009-02-17 00:00:00.0		Equals	Positive	249318596	Positive	Olympia University Consortium
Positive	Positive	235671	2009-03-16 00:00:00.0		Equals	Positive	249318596	Positive	Olympia University Consortium
Positive	Positive	456674	2009-04-17 00:00:00.0		Equals	Positive	249318596	Positive	Olympia University Consortium
Positive	Positive	567432	2009-05-16 00:00:00.0		Equals	Positive	249318596	Positive	Olympia University Consortium
Positive	Positive	653465	2009-06-15 00:00:00.0		Equals	Positive	249318596	Positive	Olympia University Consortium
Positive	Positive	198747	2008-06-04 00:00:00.0		Equals	Positive	249320107	Positive	Olympia University Consortium
Positive	Positive	204567	2008-07-16 00:00:00.0		Equals	Positive	249320107	Positive	Olympia University Consortium
Positive	Positive	223984	2008-07-30 00:00:00.0		Equals	Positive	249320107	Positive	Olympia University Consortium
Positive	Positive	240099	2008-09-17 00:00:00.0		Equals	Positive	249320107		Olympia University Consortium
Positive	Positive	270838	2009-01-06 00:00:00.0		Equals	Positive	249320107	Positive	Olympia University Consortium
Negative	Negative	400	2008-07-30 00:00:00.0		Less Than	Negative	249320127	Negative	Olympia University Consortium
Negative	Negative	400	2008-09-17 00:00:00.0		Less Than	Negative	249320127	Negative	Olympia University Consortium
Negative	Negative	400	2009-01-06 00:00:00.0		Less Than	Negative	249320127	Negative	Olympia University Consortium
	Negative	0	2009-02-08 00:00:00.0		Equals	Negative	249320127	Negative	Olympia University Consortium
Negative	Negative	400	2009-03-12 00:00:00.0		Less Than	Negative	249320127	Negative	Olympia University Consortium
Negative	Negative	400	2009-04-17 00:00:00.0		Less Than	Negative	249320127	Negative	Olympia University Consortium
Negative	Negative	0	2009-05-09 00:00:00.0		Equals	Positive	249320127	Negative	Olympia University Consortium
Positive	Positive	8934	2008-08-20 00:00:00.0		Equals	Positive	249320489	Positive	Olympia University Consortium
Positive	Positive	19995	2008-09-26 00:00:00.0		Equals	Positive	249320489	Positive	Olympia University Consortium
Positive		59034	2008-12-03 00:00:00.0		Equals	Positive	249320489		Olympia University Consortium
Positive	Positive	45689	2009-01-15 00:00:00.0		Equals	Positive	249320489	Positive	Olympia University Consortium
Positive	Positive	65734	2009-02-05 00:00:00.0		Equals	Positive	249320489	Positive	Olympia University Consortium
Negative	Negative	400	2008-05-20 00:00:00.0		Less Than	Negative	249320897	Negative	Other
Negative	Negative	0	2008-06-13 00:00:00.0		Equals	Negative	249320897	Negative	Other
Negative	Negative	0	2008-07-20 00:00:00.0		Equals	Negative	249320897	Negative	Other
Negative		0	2008-08-14 00:00:00.0		Equals	Negative	249320897	Negative	Other
Negative	Negative	0	2009-01-03 00:00:00.0		Equals	Negative	249320897	Negative	Other
	Negative	0	2009-02-10 00:00:00.0		Equals	Negative	249320897	Negative	Other
Negative	Negative	400	2008-04-27 00:00:00.0		Less Than	Negative	249325717	Negative	Olympia University Consortium
Negative	Negative	400	2008-05-21 00:00:00.0		Less Than	Negative	249325717	Negative	Olympia University Consortium
Negative		400	2008-06-28 00:00:00.0		Less Than	Negative	249325717	Negative	Olympia University Consortium
Negative	Negative	400	2008-07-20 00:00:00.0		Less Than	Negative	249325717	Negative	Olympia University Consortium
Negative	Negative	400	2008-11-23 00:00:00.0		Less Than	Negative	249325717	Negative	Olympia University Consortium
