<?xml version="1.0" encoding="UTF-8"?>
<tables xmlns="http://labkey.org/data/xml">
  <table tableName="DEM-1" tableDbType="TABLE">
    <description>This is the demographics dataset, dammit. Here are some ‘special symbols’ - they help test that we're roundtripping in UTF-8.</description>
    <columns>
      <column columnName="MouseId">
        <datatype>varchar</datatype>
        <columnTitle>Mouse Id</columnTitle>
        <description>Subject identifier</description>
        <propertyURI>http://cpas.labkey.com/Study#ParticipantId</propertyURI>
        <nullable>false</nullable>
        <importAliases>
          <importAlias>ptid</importAlias>
        </importAliases>
        <fk>
          <fkDbSchema>study</fkDbSchema>
          <fkTable>Mouse</fkTable>
          <fkColumnName>MouseId</fkColumnName>
        </fk>
      </column>
      <column columnName="DEMdt">
        <datatype>timestamp</datatype>
        <columnTitle>Contact Date</columnTitle>
      </column>
      <column columnName="DEMbdt">
        <datatype>varchar</datatype>
        <inputType>textarea</inputType>
        <columnTitle>1.Date of Birth</columnTitle>
      </column>
      <column columnName="DEMsex">
        <datatype>varchar</datatype>
        <inputType>textarea</inputType>
        <columnTitle>2.What is your sex?</columnTitle>
      </column>
      <column columnName="DEMhisp">
        <datatype>varchar</datatype>
        <inputType>textarea</inputType>
        <columnTitle>3.Latino/a or Hispanic?</columnTitle>
      </column>
      <column columnName="DEMnatam">
        <datatype>varchar</datatype>
        <inputType>textarea</inputType>
        <columnTitle>4a.Amer Indian/Alaska</columnTitle>
      </column>
      <column columnName="DEMasian">
        <datatype>varchar</datatype>
        <inputType>textarea</inputType>
        <columnTitle>4b.Asian</columnTitle>
      </column>
      <column columnName="DEMblack">
        <datatype>varchar</datatype>
        <inputType>textarea</inputType>
        <columnTitle>4c.African American/Black</columnTitle>
      </column>
      <column columnName="DEMhawpi">
        <datatype>varchar</datatype>
        <inputType>textarea</inputType>
        <columnTitle>4d.Hawaiian/Pacific Islnd</columnTitle>
      </column>
      <column columnName="DEMwhite">
        <datatype>varchar</datatype>
        <inputType>textarea</inputType>
        <columnTitle>4e.White</columnTitle>
      </column>
      <column columnName="DEMraco">
        <datatype>varchar</datatype>
        <inputType>textarea</inputType>
        <columnTitle>4f.Other specify</columnTitle>
      </column>
      <column columnName="DEMracox">
        <datatype>varchar</datatype>
        <inputType>textarea</inputType>
        <columnTitle>4f. Other, specify text</columnTitle>
      </column>
      <column columnName="DEMsexor">
        <datatype>varchar</datatype>
        <inputType>textarea</inputType>
        <columnTitle>5. Sexual orientation</columnTitle>
      </column>
      <column columnName="formlang">
        <datatype>varchar</datatype>
        <inputType>textarea</inputType>
        <columnTitle>Form Language</columnTitle>
      </column>
      <column columnName="sfdt_001">
        <datatype>varchar</datatype>
        <inputType>textarea</inputType>
        <columnTitle>Staff Initials/Date</columnTitle>
      </column>
    </columns>
    <tableTitle>DEM-1: Demographics</tableTitle>
  </table>
  <table tableName="EVC-1" tableDbType="TABLE">
    <description>Contains up to one row of EVC-1 (EVC-1: Enrollment Vaccination) data for each Mouse/Visit combination.</description>
    <columns>
      <column columnName="MouseId">
        <datatype>varchar</datatype>
        <columnTitle>Mouse Id</columnTitle>
        <description>Subject identifier</description>
        <propertyURI>http://cpas.labkey.com/Study#ParticipantId</propertyURI>
        <nullable>false</nullable>
        <importAliases>
          <importAlias>ptid</importAlias>
        </importAliases>
        <fk>
          <fkDbSchema>study</fkDbSchema>
          <fkTable>Mouse</fkTable>
          <fkColumnName>MouseId</fkColumnName>
        </fk>
      </column>
      <column columnName="SequenceNum">
        <datatype>double</datatype>
        <columnTitle>Sequence Num</columnTitle>
        <propertyURI>http://cpas.labkey.com/Study#SequenceNum</propertyURI>
        <nullable>false</nullable>
        <importAliases>
          <importAlias>visit</importAlias>
        </importAliases>
      </column>
      <column columnName="EVCdt">
        <datatype>timestamp</datatype>
        <columnTitle>1. Date of vaccination</columnTitle>
      </column>
      <column columnName="EVCgroup">
        <datatype>varchar</datatype>
        <inputType>textarea</inputType>
        <columnTitle>2. Enrollment group</columnTitle>
      </column>
      <column columnName="EVCloc">
        <datatype>varchar</datatype>
        <inputType>textarea</inputType>
        <columnTitle>3a. Location of injection</columnTitle>
      </column>
      <column columnName="EVCtm">
        <datatype>varchar</datatype>
        <inputType>textarea</inputType>
        <columnTitle>3b. Time of injection</columnTitle>
      </column>
      <column columnName="EVCadm">
        <datatype>varchar</datatype>
        <inputType>textarea</inputType>
        <columnTitle>Injection administered by</columnTitle>
      </column>
      <column columnName="formlang">
        <datatype>varchar</datatype>
        <inputType>textarea</inputType>
        <columnTitle>Form Language</columnTitle>
      </column>
      <column columnName="sfdt_125">
        <datatype>varchar</datatype>
        <inputType>textarea</inputType>
        <columnTitle>Staff Initials/Date</columnTitle>
      </column>
    </columns>
    <tableTitle>EVC-1: Enrollment Vaccination</tableTitle>
  </table>
  <table tableName="APX-1" tableDbType="TABLE">
    <description>Contains up to one row of APX-1 (APX-1: Abbreviated Physical Exam) data for each Mouse/Visit combination.</description>
    <columns>
      <column columnName="MouseId">
        <datatype>varchar</datatype>
        <columnTitle>Mouse Id</columnTitle>
        <description>Subject identifier</description>
        <propertyURI>http://cpas.labkey.com/Study#ParticipantId</propertyURI>
        <nullable>false</nullable>
        <importAliases>
          <importAlias>ptid</importAlias>
        </importAliases>
        <fk>
          <fkDbSchema>study</fkDbSchema>
          <fkTable>Mouse</fkTable>
          <fkColumnName>MouseId</fkColumnName>
        </fk>
      </column>
      <column columnName="SequenceNum">
        <datatype>double</datatype>
        <columnTitle>Sequence Num</columnTitle>
        <propertyURI>http://cpas.labkey.com/Study#SequenceNum</propertyURI>
        <nullable>false</nullable>
        <importAliases>
          <importAlias>visit</importAlias>
        </importAliases>
      </column>
      <column columnName="APXdt">
        <datatype>timestamp</datatype>
        <columnTitle>Exam Date</columnTitle>
      </column>
      <column columnName="APXwtkg">
        <datatype>double</datatype>
        <columnTitle>1. Weight</columnTitle>
        <formatString>##0</formatString>
      </column>
      <column columnName="APXwtqc">
        <datatype>varchar</datatype>
        <inputType>textarea</inputType>
        <columnTitle>Weight QC</columnTitle>
      </column>
      <column columnName="APXtempc">
        <datatype>double</datatype>
        <columnTitle>2. Body Temp</columnTitle>
        <formatString>#0.0</formatString>
      </column>
      <column columnName="APXtemqc">
        <datatype>varchar</datatype>
        <inputType>textarea</inputType>
        <columnTitle>Body Temp QC</columnTitle>
      </column>
      <column columnName="APXbpsys">
        <datatype>integer</datatype>
        <columnTitle>3. BP systolic xxx/</columnTitle>
        <formatString>##0</formatString>
      </column>
      <column columnName="APXbpdia">
        <datatype>integer</datatype>
        <columnTitle>3. BP diastolic /xxx</columnTitle>
        <formatString>##0</formatString>
      </column>
      <column columnName="APXbpqc">
        <datatype>varchar</datatype>
        <inputType>textarea</inputType>
        <columnTitle>Blood Pressure QC</columnTitle>
      </column>
      <column columnName="APXpulse">
        <datatype>integer</datatype>
        <columnTitle>4. Pulse</columnTitle>
        <formatString>##0</formatString>
      </column>
      <column columnName="APXresp">
        <datatype>integer</datatype>
        <columnTitle>5. Respirations</columnTitle>
        <formatString>#0</formatString>
      </column>
      <column columnName="APXheent">
        <datatype>varchar</datatype>
        <inputType>textarea</inputType>
        <columnTitle>6. HEENT</columnTitle>
      </column>
      <column columnName="APXheenx">
        <datatype>varchar</datatype>
        <inputType>textarea</inputType>
        <columnTitle>6. HEENT Notes</columnTitle>
      </column>
      <column columnName="APXneck">
        <datatype>varchar</datatype>
        <inputType>textarea</inputType>
        <columnTitle>7. Neck</columnTitle>
      </column>
      <column columnName="APXneckx">
        <datatype>varchar</datatype>
        <inputType>textarea</inputType>
        <columnTitle>7. Neck Notes</columnTitle>
      </column>
      <column columnName="APXlymph">
        <datatype>varchar</datatype>
        <inputType>textarea</inputType>
        <columnTitle>8. Lymph Nodes</columnTitle>
      </column>
      <column columnName="APXlympx">
        <datatype>varchar</datatype>
        <inputType>textarea</inputType>
        <columnTitle>8. Lymph Nodes Notes</columnTitle>
      </column>
      <column columnName="APXheart">
        <datatype>varchar</datatype>
        <inputType>textarea</inputType>
        <columnTitle>9. Heart</columnTitle>
      </column>
      <column columnName="APXhrtx">
        <datatype>varchar</datatype>
        <inputType>textarea</inputType>
        <columnTitle>9. Heart Notes</columnTitle>
      </column>
      <column columnName="APXchest">
        <datatype>varchar</datatype>
        <inputType>textarea</inputType>
        <columnTitle>10. Chest</columnTitle>
      </column>
      <column columnName="APXchstx">
        <datatype>varchar</datatype>
        <inputType>textarea</inputType>
        <columnTitle>10. Chest Notes</columnTitle>
      </column>
      <column columnName="APXabdom">
        <datatype>varchar</datatype>
        <inputType>textarea</inputType>
        <columnTitle>11. Abdomen</columnTitle>
      </column>
      <column columnName="APXabdox">
        <datatype>varchar</datatype>
        <inputType>textarea</inputType>
        <columnTitle>11. Abdomen Notes</columnTitle>
      </column>
      <column columnName="APXextrm">
        <datatype>varchar</datatype>
        <inputType>textarea</inputType>
        <columnTitle>12. Extremities</columnTitle>
      </column>
      <column columnName="APXextrx">
        <datatype>varchar</datatype>
        <inputType>textarea</inputType>
        <columnTitle>12. Extremities Notes</columnTitle>
      </column>
      <column columnName="APXneuro">
        <datatype>varchar</datatype>
        <inputType>textarea</inputType>
        <columnTitle>13. Neurological</columnTitle>
      </column>
      <column columnName="APXneurx">
        <datatype>varchar</datatype>
        <inputType>textarea</inputType>
        <columnTitle>13. Neurological Notes</columnTitle>
      </column>
      <column columnName="APXskin">
        <datatype>varchar</datatype>
        <inputType>textarea</inputType>
        <columnTitle>14. Skin</columnTitle>
      </column>
      <column columnName="APXskinx">
        <datatype>varchar</datatype>
        <inputType>textarea</inputType>
        <columnTitle>14. Skin Notes</columnTitle>
      </column>
      <column columnName="APXother">
        <datatype>varchar</datatype>
        <inputType>textarea</inputType>
        <columnTitle>15. Other</columnTitle>
      </column>
      <column columnName="APXothex">
        <datatype>varchar</datatype>
        <inputType>textarea</inputType>
        <columnTitle>15. Other Notes</columnTitle>
      </column>
      <column columnName="APXcemqc">
        <datatype>varchar</datatype>
        <inputType>textarea</inputType>
        <columnTitle>Sx-directed eval deemed</columnTitle>
      </column>
      <column columnName="APXcemh">
        <datatype>varchar</datatype>
        <inputType>textarea</inputType>
        <columnTitle>16. Evaluation Summary</columnTitle>
      </column>
      <column columnName="APXsign">
        <datatype>varchar</datatype>
        <inputType>textarea</inputType>
        <columnTitle>Clinician signature/date</columnTitle>
      </column>
      <column columnName="APXprdt">
        <datatype>timestamp</datatype>
        <columnTitle>17. Date Pregnancy test</columnTitle>
      </column>
      <column columnName="APXprtna">
        <datatype>varchar</datatype>
        <inputType>textarea</inputType>
        <columnTitle>17. Pregnancy test N/A</columnTitle>
      </column>
      <column columnName="APXpregt">
        <datatype>varchar</datatype>
        <inputType>textarea</inputType>
        <columnTitle>17a. Preg. test result</columnTitle>
      </column>
      <column columnName="APXco1x">
        <datatype>varchar</datatype>
        <inputType>textarea</inputType>
        <columnTitle>Comments</columnTitle>
      </column>
      <column columnName="formlang">
        <datatype>varchar</datatype>
        <inputType>textarea</inputType>
        <columnTitle>Form Language</columnTitle>
      </column>
      <column columnName="sfdt_136">
        <datatype>varchar</datatype>
        <inputType>textarea</inputType>
        <columnTitle>Staff Initials/Date</columnTitle>
      </column>
    </columns>
    <tableTitle>APX-1: Abbreviated Physical Exam</tableTitle>
  </table>
</tables>