<?xml version="1.0" encoding="UTF-8"?>
<cohorts xmlns="http://labkey.org/study/xml">
  <cohort label="1/3 - Heterologous boost regimen" enrolled="true"/>
  <cohort label="1/3 - Homologous regimen" enrolled="true"/>
  <cohort label="1/3 - Placebo" enrolled="true">
    <id>545388</id>
  </cohort>
  <cohort label="2/4 - Heterologous boost regimen" enrolled="true">
    <id>249320127</id>
    <id>249325717</id>
  </cohort>
  <cohort label="2/4 - Homologous regimen" enrolled="true">
    <id>249318596</id>
    <id>249320489</id>
    <id>266626</id>
  </cohort>
  <cohort label="2/4 - Placebo" enrolled="true">
    <id>249320107</id>
    <id>249320897</id>
  </cohort>
</cohorts>