<?xml version="1.0" encoding="UTF-8"?>
<tables xmlns="http://labkey.org/data/xml">
  <table tableName="Lab Results" tableDbType="TABLE">
    <description>Contains up to one row of Lab Results data for each Participant/visit combination.</description>
    <columns>
      <column columnName="ParticipantId">
        <datatype>varchar</datatype>
        <columnTitle>Participant ID</columnTitle>
        <description>Subject identifier</description>
        <propertyURI>http://cpas.labkey.com/Study#ParticipantId</propertyURI>
        <nullable>false</nullable>
        <importAliases>
          <importAlias>ptid</importAlias>
        </importAliases>
        <fk>
          <fkDbSchema>study</fkDbSchema>
          <fkTable>Participant</fkTable>
          <fkColumnName>ParticipantId</fkColumnName>
        </fk>
      </column>
      <column columnName="date">
        <datatype>timestamp</datatype>
        <columnTitle>Date</columnTitle>
        <propertyURI>http://cpas.labkey.com/Study#VisitDate</propertyURI>
        <conceptURI>http://cpas.labkey.com/Study#VisitDate</conceptURI>
        <nullable>false</nullable>
      </column>
      <column columnName="cohort">
        <datatype>varchar</datatype>
        <columnTitle>Cohort</columnTitle>
      </column>
      <column columnName="Lymphocytes">
        <datatype>integer</datatype>
        <columnTitle>Lymphocytes</columnTitle>
      </column>
      <column columnName="CD4">
        <datatype>integer</datatype>
        <columnTitle>CD4</columnTitle>
      </column>
      <column columnName="Hemoglobin">
        <datatype>double</datatype>
        <columnTitle>Hemoglobin</columnTitle>
      </column>
      <column columnName="StudyName">
        <datatype>varchar</datatype>
        <columnTitle>Study Name</columnTitle>
      </column>
      <column columnName="Lab">
        <datatype>varchar</datatype>
        <columnTitle>Lab</columnTitle>
        <fk>
          <fkDbSchema>study</fkDbSchema>
          <fkTable>StudyDesignLabs</fkTable>
          <fkColumnName>Name</fkColumnName>
        </fk>
      </column>
      <column columnName="Product">
        <datatype>integer</datatype>
        <columnTitle>Product</columnTitle>
        <fk>
          <fkDbSchema>study</fkDbSchema>
          <fkTable>Product</fkTable>
          <fkColumnName>RowId</fkColumnName>
        </fk>
      </column>
      <column columnName="Treatment">
        <datatype>integer</datatype>
        <columnTitle>Treatment</columnTitle>
        <fk>
          <fkDbSchema>study</fkDbSchema>
          <fkTable>Treatment</fkTable>
          <fkColumnName>RowId</fkColumnName>
        </fk>
      </column>
      <column columnName="TreatmentBy">
        <datatype>integer</datatype>
        <columnTitle>Treatment By</columnTitle>
        <fk>
          <fkDbSchema>study</fkDbSchema>
          <fkTable>Personnel</fkTable>
          <fkColumnName>RowId</fkColumnName>
        </fk>
      </column>
    </columns>
    <tableTitle>Lab Results</tableTitle>
  </table>
  <table tableName="Arms" tableDbType="TABLE">
    <description>Contains up to one row of Arms data for each Participant combination.</description>
    <columns>
      <column columnName="ParticipantId">
        <datatype>varchar</datatype>
        <columnTitle>Participant ID</columnTitle>
        <description>Subject identifier</description>
        <propertyURI>http://cpas.labkey.com/Study#ParticipantId</propertyURI>
        <nullable>false</nullable>
        <importAliases>
          <importAlias>ptid</importAlias>
        </importAliases>
        <fk>
          <fkDbSchema>study</fkDbSchema>
          <fkTable>Participant</fkTable>
          <fkColumnName>ParticipantId</fkColumnName>
        </fk>
      </column>
      <column columnName="date">
        <datatype>timestamp</datatype>
        <columnTitle>Date</columnTitle>
        <propertyURI>http://cpas.labkey.com/Study#VisitDate</propertyURI>
        <conceptURI>http://cpas.labkey.com/Study#VisitDate</conceptURI>
        <nullable>false</nullable>
      </column>
      <column columnName="ArmId">
        <datatype>varchar</datatype>
        <columnTitle>ArmId</columnTitle>
      </column>
      <column columnName="Treatment">
        <datatype>integer</datatype>
        <columnTitle>Treatment</columnTitle>
        <fk>
          <fkDbSchema>study</fkDbSchema>
          <fkTable>Treatment</fkTable>
          <fkColumnName>RowId</fkColumnName>
        </fk>
      </column>
    </columns>
    <tableTitle>Arms</tableTitle>
  </table>
</tables>