ParticipantId	date	QCStateLabel	cohort	Lymphocytes	CD4	Hemoglobin	StudyName	Lab	Product	Treatment	TreatmentBy	Product.Label	TreatmentBy.Label
249318596	2008-06-30 00:00:00.0			1830	543	14.5	Demo Study	Buffalo1	4	2	5	gp145	Frankie Lee
249318596	2008-08-04 00:00:00.0			1850	520	16.0	Demo Study	Buffalo1	8	3	5	gakkon	Frankie Lee
249318596	2009-05-16 00:00:00.0			1300	167	13.2	Demo Study						
249318596	2009-06-15 00:00:00.0			1200	154	16.1	Demo Study	ArnoldBellewLab	2	4	5	pol	Frankie Lee
249320107	2008-06-04 00:00:00.0			1600	645	11.0	Demo Study	LabKeyLab	8	2	7	gakkon	John Henry
249320127	2008-07-30 00:00:00.0			2000	1116	13.5	Demo Study	Buffalo1	1	4	7	Gag	John Henry
