<?xml version="1.0" encoding="UTF-8"?>
<pages xmlns="http://labkey.org/folder/xml">
  <page index="38" name="viscstudy.ASSAYS" propertyString="" hidden="false">
    <webpart>
      <name>Assay Schedule</name>
      <index>1</index>
      <location>!content</location>
      <permanent>false</permanent>
    </webpart>
  </page>
  <page index="37" name="viscstudy.IMMUNIZATIONS" propertyString="" hidden="false">
    <webpart>
      <name>Immunization Schedule</name>
      <index>1</index>
      <location>!content</location>
      <permanent>false</permanent>
    </webpart>
  </page>
  <page index="39" name="study.DATA_ANALYSIS" propertyString="" hidden="false">
    <webpart>
      <name>Data Views</name>
      <index>1</index>
      <location>!content</location>
      <permanent>false</permanent>
    </webpart>
    <webpart>
      <name>Study Data Tools</name>
      <index>2</index>
      <location>right</location>
      <permanent>false</permanent>
    </webpart>
  </page>
  <page index="35" name="Overview" propertyString="" hidden="false">
    <webpart>
      <name>Study Protocol Summary</name>
      <index>1</index>
      <location>!content</location>
      <permanent>false</permanent>
    </webpart>
    <webpart>
      <name>Study Schedule</name>
      <index>2</index>
      <location>!content</location>
      <permanent>false</permanent>
    </webpart>
    <webpart>
      <name>Wiki</name>
      <index>3</index>
      <location>!content</location>
      <permanent>false</permanent>
      <properties>
        <property key="X-LABKEY-CSRF" value="c83234ec7e5c1cd16b42da7dc899da2b"/>
        <property key="name" value="WikiPage01"/>
      </properties>
    </webpart>
  </page>
  <page index="40" name="Manage" propertyString="" hidden="false"/>
  <page index="41" name="study.PARTICIPANTS" propertyString="" hidden="true">
    <webpart>
      <name>Search</name>
      <index>1</index>
      <location>!content</location>
      <permanent>false</permanent>
    </webpart>
    <webpart>
      <name>Subject List</name>
      <index>2</index>
      <location>!content</location>
      <permanent>false</permanent>
    </webpart>
  </page>
  <page index="42" name="study.SPECIMENS" propertyString="" hidden="true">
    <webpart>
      <name>Specimen Search</name>
      <index>1</index>
      <location>!content</location>
      <permanent>false</permanent>
    </webpart>
    <webpart>
      <name>Specimens</name>
      <index>2</index>
      <location>!content</location>
      <permanent>false</permanent>
    </webpart>
    <webpart>
      <name>Specimen Tools</name>
      <index>3</index>
      <location>right</location>
      <permanent>false</permanent>
    </webpart>
  </page>
  <page index="43" name="portal.default" propertyString="" hidden="false">
    <webpart>
      <name>Study Protocol Summary</name>
      <index>1</index>
      <location>!content</location>
      <permanent>false</permanent>
      <properties>
        <property key="legacyPageAdded" value="true"/>
      </properties>
    </webpart>
    <webpart>
      <name>Study Overview</name>
      <index>2</index>
      <location>!content</location>
      <permanent>false</permanent>
      <properties>
        <property key="legacyPageAdded" value="true"/>
      </properties>
    </webpart>
  </page>
  <page index="36" name="viscstudy.VACCINE_DESIGN" propertyString="" hidden="false">
    <webpart>
      <name>Vaccine Design</name>
      <index>1</index>
      <location>!content</location>
      <permanent>false</permanent>
    </webpart>
  </page>
</pages>