<?xml version="1.0" encoding="UTF-8"?>
<tables xmlns="http://labkey.org/data/xml">
  <table tableName="Demographics" tableDbType="TABLE">
    <description>Contains up to one row of Demographics data for each nPOD CaseID combination.</description>
    <columns>
      <column columnName="nPODCaseID">
        <datatype>varchar</datatype>
        <columnTitle>N PODCase ID</columnTitle>
        <description>Subject identifier</description>
        <propertyURI>http://cpas.labkey.com/Study#ParticipantId</propertyURI>
        <nullable>false</nullable>
        <importAliases>
          <importAlias>ptid</importAlias>
        </importAliases>
        <fk>
          <fkDbSchema>study</fkDbSchema>
          <fkTable>nPODCaseID</fkTable>
          <fkColumnName>nPODCaseID</fkColumnName>
        </fk>
      </column>
      <column columnName="date">
        <datatype>timestamp</datatype>
        <columnTitle>Date</columnTitle>
        <propertyURI>http://cpas.labkey.com/Study#VisitDate</propertyURI>
        <conceptURI>http://cpas.labkey.com/Study#VisitDate</conceptURI>
        <nullable>false</nullable>
      </column>
      <column columnName="oppc_Gender">
        <datatype>varchar</datatype>
        <columnTitle>Sex</columnTitle>
      </column>
      <column columnName="oppc_Ethnicity">
        <datatype>varchar</datatype>
        <columnTitle>Race</columnTitle>
      </column>
      <column columnName="DonorType">
        <datatype>varchar</datatype>
        <columnTitle>Donor Type</columnTitle>
      </column>
      <column columnName="multi_organ_donor">
        <datatype>boolean</datatype>
        <columnTitle>Multi-Organ Donor</columnTitle>
      </column>
      <column columnName="non_hrt_beat_donor">
        <datatype>varchar</datatype>
        <columnTitle>Non-Hrt Beating Donor</columnTitle>
      </column>
      <column columnName="oppc_ageR">
        <datatype>double</datatype>
        <columnTitle>Age (yrs)</columnTitle>
      </column>
      <column columnName="oppc_heightR">
        <datatype>double</datatype>
        <columnTitle>Height (cm)</columnTitle>
      </column>
      <column columnName="oppc_weightR">
        <datatype>double</datatype>
        <columnTitle>Weight (kg)</columnTitle>
      </column>
      <column columnName="oppc_bmiR">
        <datatype>double</datatype>
        <columnTitle>BMI (kg/m2)</columnTitle>
      </column>
      <column columnName="oppc_abo">
        <datatype>varchar</datatype>
        <columnTitle>ABO group</columnTitle>
      </column>
      <column columnName="abo_subtype">
        <datatype>varchar</datatype>
        <columnTitle>ABO subtype</columnTitle>
      </column>
    </columns>
    <tableTitle>Demographics</tableTitle>
  </table>
  <table tableName="HiRes HLA Post Receipt of Organ" tableDbType="TABLE">
    <description>Contains up to one row of HiRes HLA Post Receipt of Organ data for each nPOD CaseID/Date combination.</description>
    <columns>
      <column columnName="nPODCaseID">
        <datatype>varchar</datatype>
        <columnTitle>N PODCase ID</columnTitle>
        <description>Subject identifier</description>
        <propertyURI>http://cpas.labkey.com/Study#ParticipantId</propertyURI>
        <nullable>false</nullable>
        <importAliases>
          <importAlias>ptid</importAlias>
        </importAliases>
        <fk>
          <fkDbSchema>study</fkDbSchema>
          <fkTable>nPODCaseID</fkTable>
          <fkColumnName>nPODCaseID</fkColumnName>
        </fk>
      </column>
      <column columnName="date">
        <datatype>timestamp</datatype>
        <columnTitle>Date</columnTitle>
        <propertyURI>http://cpas.labkey.com/Study#VisitDate</propertyURI>
        <conceptURI>http://cpas.labkey.com/Study#VisitDate</conceptURI>
        <nullable>false</nullable>
      </column>
      <column columnName="HiRes_HLA">
        <datatype>varchar</datatype>
        <columnTitle>Hi Res HLA</columnTitle>
      </column>
    </columns>
    <tableTitle>HiRes HLA Post Receipt of Organ</tableTitle>
  </table>
  <table tableName="Lifestyle and Medical History" tableDbType="TABLE">
    <description>Contains up to one row of Lifestyle and Medical History data for each nPOD CaseID combination.</description>
    <columns>
      <column columnName="nPODCaseID">
        <datatype>varchar</datatype>
        <columnTitle>N PODCase ID</columnTitle>
        <description>Subject identifier</description>
        <propertyURI>http://cpas.labkey.com/Study#ParticipantId</propertyURI>
        <nullable>false</nullable>
        <importAliases>
          <importAlias>ptid</importAlias>
        </importAliases>
        <fk>
          <fkDbSchema>study</fkDbSchema>
          <fkTable>nPODCaseID</fkTable>
          <fkColumnName>nPODCaseID</fkColumnName>
        </fk>
      </column>
      <column columnName="date">
        <datatype>timestamp</datatype>
        <columnTitle>Date</columnTitle>
        <propertyURI>http://cpas.labkey.com/Study#VisitDate</propertyURI>
        <conceptURI>http://cpas.labkey.com/Study#VisitDate</conceptURI>
        <nullable>false</nullable>
      </column>
      <column columnName="hist_cig">
        <datatype>varchar</datatype>
        <columnTitle>History of Cigarette Use</columnTitle>
      </column>
      <column columnName="hist_cocaine">
        <datatype>varchar</datatype>
        <columnTitle>History of Cocaine Use</columnTitle>
      </column>
      <column columnName="hist_oth_drug">
        <datatype>varchar</datatype>
        <columnTitle>History of Other Drugs</columnTitle>
      </column>
      <column columnName="alcohol_heavy">
        <datatype>varchar</datatype>
        <columnTitle>Heavy Alcohol Use</columnTitle>
      </column>
      <column columnName="tattoos">
        <datatype>varchar</datatype>
        <columnTitle>Tattoos</columnTitle>
      </column>
      <column columnName="cdc_risk_hiv">
        <datatype>varchar</datatype>
        <columnTitle>CDC Risk HIV</columnTitle>
      </column>
      <column columnName="oppc_Allergies">
        <datatype>varchar</datatype>
        <columnTitle>Allergy Notes</columnTitle>
      </column>
      <column columnName="oppc_AlcoholUse">
        <datatype>varchar</datatype>
        <columnTitle>Alcohol Use Notes</columnTitle>
      </column>
      <column columnName="oppc_Smoking">
        <datatype>varchar</datatype>
        <columnTitle>Smoking Notes</columnTitle>
      </column>
      <column columnName="oppc_ClinicalHistory">
        <datatype>varchar</datatype>
        <columnTitle>Clinical History</columnTitle>
      </column>
      <column columnName="DonorType">
        <datatype>varchar</datatype>
        <columnTitle>Donor Type</columnTitle>
      </column>
      <column columnName="hist_hypertenion">
        <datatype>varchar</datatype>
        <columnTitle>history of Hypertension</columnTitle>
      </column>
    </columns>
    <tableTitle>Lifestyle and Medical History</tableTitle>
  </table>
  <table tableName="nPOD Core Lab Evaluation" tableDbType="TABLE">
    <description>Contains up to one row of nPOD Core Lab Evaluation data for each nPOD CaseID combination.</description>
    <columns>
      <column columnName="nPODCaseID">
        <datatype>varchar</datatype>
        <columnTitle>N PODCase ID</columnTitle>
        <description>Subject identifier</description>
        <propertyURI>http://cpas.labkey.com/Study#ParticipantId</propertyURI>
        <nullable>false</nullable>
        <importAliases>
          <importAlias>ptid</importAlias>
        </importAliases>
        <fk>
          <fkDbSchema>study</fkDbSchema>
          <fkTable>nPODCaseID</fkTable>
          <fkColumnName>nPODCaseID</fkColumnName>
        </fk>
      </column>
      <column columnName="date">
        <datatype>timestamp</datatype>
        <columnTitle>Date</columnTitle>
        <propertyURI>http://cpas.labkey.com/Study#VisitDate</propertyURI>
        <conceptURI>http://cpas.labkey.com/Study#VisitDate</conceptURI>
        <nullable>false</nullable>
      </column>
      <column columnName="Histopathology">
        <datatype>varchar</datatype>
        <columnTitle>Histopath Notes</columnTitle>
      </column>
    </columns>
    <tableTitle>nPOD Core Lab Evaluation</tableTitle>
  </table>
  <table tableName="UNOS IDs" tableDbType="TABLE">
    <description>Contains up to one row of UNOS IDs data for each nPOD CaseID combination.</description>
    <columns>
      <column columnName="nPODCaseID">
        <datatype>varchar</datatype>
        <columnTitle>N PODCase ID</columnTitle>
        <description>Subject identifier</description>
        <propertyURI>http://cpas.labkey.com/Study#ParticipantId</propertyURI>
        <nullable>false</nullable>
        <importAliases>
          <importAlias>ptid</importAlias>
        </importAliases>
        <fk>
          <fkDbSchema>study</fkDbSchema>
          <fkTable>nPODCaseID</fkTable>
          <fkColumnName>nPODCaseID</fkColumnName>
        </fk>
      </column>
      <column columnName="date">
        <datatype>timestamp</datatype>
        <columnTitle>Date</columnTitle>
        <propertyURI>http://cpas.labkey.com/Study#VisitDate</propertyURI>
        <conceptURI>http://cpas.labkey.com/Study#VisitDate</conceptURI>
        <nullable>false</nullable>
      </column>
      <column columnName="UNOS_ID">
        <datatype>varchar</datatype>
        <columnTitle>UNOS ID</columnTitle>
      </column>
    </columns>
    <tableTitle>UNOS IDs</tableTitle>
  </table>
  <table tableName="Labs Taken Closet to Organ Recovery" tableDbType="TABLE">
    <description>Contains up to one row of Labs data for each nPOD CaseID/Date combination.</description>
    <columns>
      <column columnName="nPODCaseID">
        <datatype>varchar</datatype>
        <columnTitle>N PODCase ID</columnTitle>
        <description>Subject identifier</description>
        <propertyURI>http://cpas.labkey.com/Study#ParticipantId</propertyURI>
        <nullable>false</nullable>
        <importAliases>
          <importAlias>ptid</importAlias>
        </importAliases>
        <fk>
          <fkDbSchema>study</fkDbSchema>
          <fkTable>nPODCaseID</fkTable>
          <fkColumnName>nPODCaseID</fkColumnName>
        </fk>
      </column>
      <column columnName="date">
        <datatype>timestamp</datatype>
        <columnTitle>Date</columnTitle>
        <propertyURI>http://cpas.labkey.com/Study#VisitDate</propertyURI>
        <conceptURI>http://cpas.labkey.com/Study#VisitDate</conceptURI>
        <nullable>false</nullable>
      </column>
      <column columnName="creatinine_mg_dL">
        <datatype>integer</datatype>
        <columnTitle>Creatinine Mg D L</columnTitle>
      </column>
      <column columnName="blood_urea_nitrogen_mg_dL">
        <datatype>integer</datatype>
        <columnTitle>Blood Urea Nitrogen Mg D L</columnTitle>
      </column>
      <column columnName="total_bilirubin_mg_dL">
        <datatype>integer</datatype>
        <columnTitle>Total Bilirubin Mg D L</columnTitle>
      </column>
      <column columnName="sgot_u_L">
        <datatype>integer</datatype>
        <columnTitle>Sgot U L</columnTitle>
      </column>
      <column columnName="sgpt_u_L">
        <datatype>integer</datatype>
        <columnTitle>Sgpt U L</columnTitle>
      </column>
      <column columnName="inr">
        <datatype>integer</datatype>
        <columnTitle>Inr</columnTitle>
      </column>
      <column columnName="ph">
        <datatype>integer</datatype>
        <columnTitle>Ph</columnTitle>
      </column>
      <column columnName="Hematocrit">
        <datatype>integer</datatype>
        <columnTitle>Hematocrit</columnTitle>
      </column>
      <column columnName="lipase_u_L">
        <datatype>integer</datatype>
        <columnTitle>Lipase U L</columnTitle>
      </column>
      <column columnName="amylase_u_L">
        <datatype>integer</datatype>
        <columnTitle>Amylase U L</columnTitle>
      </column>
      <column columnName="DonorType">
        <datatype>varchar</datatype>
        <columnTitle>Donor Type</columnTitle>
      </column>
      <column columnName="protein_urine_result">
        <datatype>varchar</datatype>
        <columnTitle>Protein Urine</columnTitle>
      </column>
    </columns>
    <tableTitle>Labs Taken Closet to Organ Recovery</tableTitle>
  </table>
  <table tableName="Transfusions and Infections" tableDbType="TABLE">
    <description>Contains up to one row of Transfusions and Infections data for each nPOD CaseID/Date combination.</description>
    <columns>
      <column columnName="nPODCaseID">
        <datatype>varchar</datatype>
        <columnTitle>N PODCase ID</columnTitle>
        <description>Subject identifier</description>
        <propertyURI>http://cpas.labkey.com/Study#ParticipantId</propertyURI>
        <nullable>false</nullable>
        <importAliases>
          <importAlias>ptid</importAlias>
        </importAliases>
        <fk>
          <fkDbSchema>study</fkDbSchema>
          <fkTable>nPODCaseID</fkTable>
          <fkColumnName>nPODCaseID</fkColumnName>
        </fk>
      </column>
      <column columnName="date">
        <datatype>timestamp</datatype>
        <columnTitle>Date</columnTitle>
        <propertyURI>http://cpas.labkey.com/Study#VisitDate</propertyURI>
        <conceptURI>http://cpas.labkey.com/Study#VisitDate</conceptURI>
        <nullable>false</nullable>
      </column>
      <column columnName="inotrop_agents">
        <datatype>varchar</datatype>
        <columnTitle>Inotrop Agents</columnTitle>
      </column>
      <column columnName="clin_infect">
        <datatype>varchar</datatype>
        <columnTitle>Clin Infect</columnTitle>
      </column>
      <column columnName="blood_inf">
        <datatype>varchar</datatype>
        <columnTitle>Blood Inf</columnTitle>
      </column>
      <column columnName="blood_inf_conf">
        <datatype>varchar</datatype>
        <columnTitle>Blood Inf Conf</columnTitle>
      </column>
      <column columnName="pulm_inf">
        <datatype>varchar</datatype>
        <columnTitle>Pulm Inf</columnTitle>
      </column>
      <column columnName="pulm_inf_conf">
        <datatype>varchar</datatype>
        <columnTitle>Pulm Inf Conf</columnTitle>
      </column>
      <column columnName="urine_inf">
        <datatype>varchar</datatype>
        <columnTitle>Urine Inf</columnTitle>
      </column>
      <column columnName="oppc_hemodiluted">
        <datatype>varchar</datatype>
        <columnTitle>Hemodiluted</columnTitle>
      </column>
      <column columnName="urine_inf_conf">
        <datatype>varchar</datatype>
        <columnTitle>Urine Inf Conf</columnTitle>
      </column>
      <column columnName="other_inf">
        <datatype>varchar</datatype>
        <columnTitle>Other Inf</columnTitle>
      </column>
      <column columnName="other_inf_ostxt">
        <datatype>varchar</datatype>
        <columnTitle>Other Inf Ostxt</columnTitle>
      </column>
      <column columnName="DonorType">
        <datatype>varchar</datatype>
        <columnTitle>Donor Type</columnTitle>
      </column>
      <column columnName="transfusions_rec">
        <datatype>varchar</datatype>
        <columnTitle>Transfusions Rec</columnTitle>
      </column>
      <column columnName="oppc_infections">
        <datatype>varchar</datatype>
        <columnTitle>Infection Notes</columnTitle>
      </column>
    </columns>
    <tableTitle>Transfusions and Infections</tableTitle>
  </table>
  <table tableName="Diabetes Information" tableDbType="TABLE">
    <description><![CDATA[Contains up to one row of Diabetes Bloodwork & High Resolution HLA data for each nPOD CaseID/Date combination.]]></description>
    <columns>
      <column columnName="nPODCaseID">
        <datatype>varchar</datatype>
        <columnTitle>N PODCase ID</columnTitle>
        <description>Subject identifier</description>
        <propertyURI>http://cpas.labkey.com/Study#ParticipantId</propertyURI>
        <nullable>false</nullable>
        <importAliases>
          <importAlias>ptid</importAlias>
        </importAliases>
        <fk>
          <fkDbSchema>study</fkDbSchema>
          <fkTable>nPODCaseID</fkTable>
          <fkColumnName>nPODCaseID</fkColumnName>
        </fk>
      </column>
      <column columnName="date">
        <datatype>timestamp</datatype>
        <columnTitle>Date</columnTitle>
        <propertyURI>http://cpas.labkey.com/Study#VisitDate</propertyURI>
        <conceptURI>http://cpas.labkey.com/Study#VisitDate</conceptURI>
        <nullable>false</nullable>
      </column>
      <column columnName="oppc_HbA1cR">
        <datatype>double</datatype>
        <columnTitle>HbA1c</columnTitle>
      </column>
      <column columnName="oppc_C_peptideR">
        <datatype>double</datatype>
        <columnTitle>C-Peptide</columnTitle>
      </column>
      <column columnName="DonorType">
        <datatype>varchar</datatype>
        <columnTitle>Donor Type</columnTitle>
        <dimension>true</dimension>
      </column>
      <column columnName="diabetes_Duration_yrs">
        <datatype>double</datatype>
        <columnTitle>Diabetes Duration (yrs)</columnTitle>
      </column>
      <column columnName="Insulin_meds_taken">
        <datatype>varchar</datatype>
        <columnTitle>Insulin Meds Taken</columnTitle>
      </column>
      <column columnName="Other_meds_taken">
        <datatype>varchar</datatype>
        <columnTitle>Other Meds Taken</columnTitle>
      </column>
      <column columnName="diabetes_history">
        <datatype>varchar</datatype>
        <columnTitle>History of Diabetes</columnTitle>
      </column>
      <column columnName="Insulin_depd">
        <datatype>varchar</datatype>
        <columnTitle>Insulin Dependant</columnTitle>
      </column>
    </columns>
    <tableTitle>Diabetes Information</tableTitle>
  </table>
</tables>