<?xml version="1.0" encoding="UTF-8"?>
<datasets metaDataFile="datasets_metadata.xml" xmlns="http://labkey.org/study/xml">
  <datasets>
    <dataset name="Demographics" id="5001" category="General Donor Information" demographicData="true" type="Standard">
      <tags/>
    </dataset>
    <dataset name="HiRes HLA Post Receipt of Organ" id="5017" type="Standard">
      <tags/>
    </dataset>
    <dataset name="Lifestyle and Medical History" id="5013" category="General Donor Information" demographicData="true" type="Standard">
      <tags/>
    </dataset>
    <dataset name="nPOD Core Lab Evaluation" id="5011" category="Histopathology" demographicData="true" type="Standard">
      <tags/>
    </dataset>
    <dataset name="UNOS IDs" id="5016" category="OPPC Lab" demographicData="true" type="Standard">
      <tags/>
    </dataset>
    <dataset name="Labs Taken Closet to Organ Recovery" id="5002" category="Terminal Hospitalization Donor Records" demographicData="true" type="Standard">
      <tags/>
    </dataset>
    <dataset name="Transfusions and Infections" id="5005" category="Terminal Hospitalization Donor Records" demographicData="true" type="Standard">
      <tags/>
    </dataset>
    <dataset name="Diabetes Information" id="5008" category="General Donor Information" demographicData="true" type="Standard">
      <tags/>
    </dataset>
  </datasets>
</datasets>