<?xml version="1.0" encoding="UTF-8"?>
<!--Exported from LabKey Server at http://localhost:8080/labkey/project/FolderTestProject/A/AB/ABB/begin.view by ryans on Fri Jun 26 15:10:20 PDT 2015-->
<folder archiveVersion="15.11" label="ABB" type="normal" title="ABB" xmlns="http://labkey.org/folder/xml" xmlns:ns="http://labkey.org/study/xml">
  <folderType name="Study">
    <defaultModule>Core</defaultModule>
    <modules>
      <moduleName>Query</moduleName>
      <moduleName>Core</moduleName>
      <moduleName>Wiki</moduleName>
      <moduleName>Pipeline</moduleName>
      <moduleName>FileContent</moduleName>
      <moduleName>Announcements</moduleName>
      <moduleName>Study</moduleName>
      <moduleName>Experiment</moduleName>
      <moduleName>Issues</moduleName>
    </modules>
  </folderType>
  <searchable>true</searchable>
  <pages file="pages.xml"/>
  <moduleProperties/>
  <lists dir="lists"/>
  <queries dir="queries"/>
  <views dir="views"/>
  <reports dir="reports"/>
  <wikis dir="wikis"/>
  <notifications>
    <messagesDefault id="2" label="My conversations"/>
    <filesDefault id="512" label="No Email"/>
  </notifications>
  <missingValueIndicators>
    <ns:missingValueIndicator indicator="Q" label="Data currently under quality control review."/>
    <ns:missingValueIndicator indicator="N" label="Required field marked by site as 'data not available'."/>
    <ns:missingValueIndicator indicator="UNK" label="Unknown"/>
  </missingValueIndicators>
  <study dir="study"/>
  <subfolders dir="subfolders"/>
</folder>