<?xml version="1.0" encoding="UTF-8"?>
<query name="Cytokine Plots" schemaName="study" xmlns="http://labkey.org/data/xml/query">
  <metadata>
    <tables xmlns="http://labkey.org/data/xml">
      <table tableName="Cytokine Plots" tableDbType="NOT_IN_DB">
        <columns>
          <column columnName="VisitLabel">
            <fk>
              <fkColumnName>sequencenummin</fkColumnName>
              <fkTable>visit</fkTable>
              <fkDbSchema>study</fkDbSchema>
            </fk>
          </column>
        </columns>
      </table>
    </tables>
  </metadata>
</query>