<?xml version="1.0" encoding="UTF-8"?>
<query name="ParticipantCohort" schemaName="study" xmlns="http://labkey.org/data/xml/query">
  <metadata>
    <tables xmlns="http://labkey.org/data/xml">
      <table tableName="ParticipantCohort" tableDbType="NOT_IN_DB">
        <columns>
          <column columnName="ParticipantId">
            <datatype>nvarchar</datatype>
          </column>
          <column columnName="EnrollmentSiteId">
            <datatype>int</datatype>
          </column>
          <column columnName="CurrentSiteId">
            <datatype>int</datatype>
          </column>
          <column columnName="StartDate">
            <datatype>Date</datatype>
          </column>
          <column columnName="NegativeEnroll">
            <datatype>boolean</datatype>
          </column>
          <column columnName="EstablishedEnroll">
            <datatype>boolean</datatype>
          </column>
        </columns>
      </table>
    </tables>
  </metadata>
</query>