MouseId	SequenceNum	QCStateLabel	VACgiven	VACdt	VACdelt	VACtm	VACadmby	formlang	sfdt_135
999320016	601.0		0		0		0		0
999320016	1301.0		No		0		0		0
999320485	601.0		Yes	2005-02-01 00:00:00.0	0		0		0
999320485	1301.0		No		0		0		0
999320518	601.0		Yes	2006-04-01 00:00:00.0	Right deltoid	13:00:00	0	English	0
999320529	1301.0		Yes	2006-09-01 00:00:00.0	Right deltoid	13:00:00	0	English	0
999320557	601.0		Yes	2006-04-14 00:00:00.0	Left deltoid	13:00:00	0	English	0
999320582	601.0		Yes	2006-04-10 00:00:00.0	Right deltoid	13:00:00	0	English	0
999320609	1301.0		Yes	2006-08-11 00:00:00.0	Right deltoid	13:00:00	0	English	0
999320671	1301.0		Yes	2006-08-05 00:00:00.0	Right deltoid	12:00:00	0	English	0
999320687	1301.0		Yes	2006-08-01 00:00:00.0	Left deltoid	15:00:00	0	English	0
999320719	601.0		Yes	2006-02-15 00:00:00.0	Left deltoid	09:03:00	marked	English	0
999320719	1301.0		Yes	2006-07-15 00:00:00.0	Right deltoid	09:02:00	marked	English	0
999321033	601.0		Yes	2006-03-16 00:00:00.0	Right deltoid	08:10:00	0	English	0
