MouseId	SequenceNum	date	QCStateLabel	RCMdt	RCMassdn	RCMextm	RCMtempc	RCMtemqc	RCMrdelt	RCMrles	RCMreryx	RCMreryy	RCMrerqc	RCMrindx	RCMrindy	RCMrinqc	RCMldelt	RCMlles	RCMleryx	RCMleryy	RCMlerqc	RCMlindx	RCMlindy	RCMlinqc	RCMlnanp	RCMlnaqc	RCMmf	RCMmfqc	RCMmyal	RCMmyaqc	RCMhead	RCMheaqc	RCMnaus	RCMnauqc	RCMvom	RCMvomqc	RCMchill	RCMchiqc	RCMarth	RCMartqc	RCMlpr	RCMlprqc	RCMtr	RCMtrqc	RCMlpl	RCMlplqc	RCMtl	RCMtlqc	RCMcomx	formlang	sfdt_182
999320016	201.0000			2005-02-01 00:00:00.0	Yes				0	0							0	0							0		0		0		0		0		0		0		0		0		0		0		0				0
999320518	201.0000			2006-03-01 00:00:00.0	Yes	13:25:00	37.1		No	0							Yes	No							not present		None		None		None		None		None		None		None		None		None		None		None			English	0
999320518	601.0000			2006-04-01 00:00:00.0	Yes	13:30:00	37.0		Yes	No							No	0							not present		None		None		None		None		None		None		None		None		None		None		None			English	0
999320529	1301.0000			2006-09-01 00:00:00.0	Yes	13:25:00	37.1		Yes	No							No	0							not present		None		None		None		None		None		None		None		None		Moderate		None		None			English	0
999320557	601.0000			2006-04-14 00:00:00.0	Yes	13:25:00	37.1		No	0							Yes	No							not present		None		None		None		None		Severe		None		None		None		None		None		None			English	0
999320565	201.0000			2006-03-13 00:00:00.0	Yes	13:25:00	37.1		Yes	No							No	0							not present		None		None		None		None		Severe		None		None		None		None		None		None			English	0
999320576	601.0000			2006-03-11 00:00:00.0	Yes	13:25:00	37.0		No	0							Yes	No							not present		None		None		None		None		None		None		None		None		None		None		None			English	0
999320582	201.0000			2006-03-10 00:00:00.0	Yes	13:25:00	37.0		Yes	No							No	0							not present		None		None		None		None		None		None		None		None		None		None		None			English	0
999320609	201.0000			2006-02-11 00:00:00.0	Yes	13:30:00	37.0		Yes	No							No	0							not present		None		None		None		None		None		None		None		None		None		None		None			English	0
999320609	1301.0000			2006-08-11 00:00:00.0	Yes	13:25:00	37.0		Yes	No							No	0							not present		None		None		None		None		None		None		None		None		None		None		None			English	0
999320613	201.0000			2006-02-10 00:00:00.0	Yes	13:30:00	37.0		No	0							Yes	No							not present		None		None		None		None		None		None		None		None		None		None		None			English	0
999320671	1301.0000			2006-08-05 00:00:00.0	Yes	12:30:00	37.0		Yes	No							No	0							not present		None		None		None		None		None		None		None		None		None		None		None			English	0
999320687	201.0000			2006-02-03 00:00:00.0	Yes	14:25:00	37.1		No	0							Yes	No							not present		None		None		None		None		None		None		None		None		None		None		None			English	0
999320687	1301.0000			2006-08-01 00:00:00.0	Yes	15:25:00	37.1		No	0							Yes	No							not present		None		None		None		None		None		None		None		None		None		None		None			English	0
999320703	201.0000			2006-02-01 00:00:00.0	Yes	13:25:00	37.1		No	0							Yes	Yes	9.1	12.2		0.0	0.0		not present		None		None		None		None		None		None		None		None		None		None		None			English	1
999320719	201.0000			2006-01-15 00:00:00.0	Yes		36.8		Yes	No							No	0							not present		None		Mild		Mild		Mild		None		None		None		None		Mild		None		None		RCM test	English	0
999320719	601.0000			2006-02-15 00:00:00.0	Yes		36.6		No	0							Yes	No							not present		None		None		None		None		None		None		None		None		None		None		None			English	0
999321029	201.0000			2006-01-26 00:00:00.0	Yes	10:00:00	37.1		No	0							Yes	No							not present		Mild		None		Mild		None		Mild		None		Mild		None		Mild		None		Mild			English	0
999321033	201.0000			2006-02-01 00:00:00.0	Yes	08:30:00	36.9		Yes	No							No	0							not present		None		None		Mild		Mild		None		None		None		Mild		Mild		None		None			English	0
999321033	601.0000			2006-03-01 00:00:00.0	Yes	10:10:00	37.0		Yes	No							No	0							not assessed		Mild		Mild		Mild		Mild		None		None		None		Mild		Mild		None		None			English	0
