MouseId	SequenceNum	date	QCStateLabel	EPXdt	EPXhtcm	EPXwtkg	EPXwtqc	EPXtempc	EPXbpsys	EPXbpdia	EPXbpqc	EPXpulse	EPXresp	EPXheent	EPXheenx	EPXneck	EPXneckx	EPXlymph	EPXlympx	EPXheart	EPXhrtx	EPXchest	EPXchstx	EPXabdom	EPXabdox	EPXextrm	EPXextrx	EPXneuro	EPXneurx	EPXskin	EPXskinx	EPXother	EPXothex	EPXcemqc	EPXcemh	EPXsign	EPXprdt	EPXpregt	EPXcom	formlang	sfdt_122
999320016	201.0000			2005-02-01 00:00:00.0	100	175		37.1	110	71		84	16	Normal		Normal		Normal		Normal		Normal		Normal		Normal		Normal		Normal		Normal			normal	Clinical signature/date		0		English	1
999320719	201.0000			2006-01-15 00:00:00.0	150	50		37.0	118	80		70	11	Normal		Normal		Normal		Normal		Normal		Normal		Normal		Normal		Normal		Normal			normal	Clinical signature/date		0		English	0
999321029	201.0000			2006-01-26 00:00:00.0	177	70		36.7	115	70		69	14	Normal		Not Done		Normal		Not Done		Normal		Not Done		Normal		Not Done		Normal		Not Done			normal	Clinical signature/date		0		English	0
999321033	201.0000			2006-02-01 00:00:00.0	176	85		37.0	126	75		64	19	Normal		Normal		Normal		Normal		Normal		Normal		Normal		Not Done		Not Done		Not Done			normal	Clinical signature/date		0		English	0
