MouseId	SequenceNum	QCStateLabel	ECIdt	ECIelig	ECIpsign	ECIssign	ECIcomm	formlang	sfdt_023
999320016	101.0	dirty	2005-02-01 00:00:00.0	Yes	1a.PI Signature/Date	1b.Second Signature/Date		English	1
999320719	101.0	dirty	2006-01-03 00:00:00.0	Yes	1a.PI Signature/Date	1b.Second Signature/Date		English	0
999321029	101.0	dirty	2006-01-05 00:00:00.0	Yes	1a.PI Signature/Date	1b.Second Signature/Date		English	0
999321033	101.0	dirty	2006-01-06 00:00:00.0	Yes	1a.PI Signature/Date	1b.Second Signature/Date		English	0
