MouseId	SequenceNum	QCStateLabel	LLSdt	LLShbdt	LLShb	LLShc	LLShcv	LLSstidt	LLSsyps	LLSsypc	LLShivdt	LLShiv	LLSco1x	formlang	sfdt_016
999320016	101.0	dirty	2005-01-01 00:00:00.0		Negative	Negative	0		non-reactive	0		Negative		English	1
999320660	101.0	dirty	2006-02-03 00:00:00.0		Negative	Negative	Negative		non-reactive	Negative		Negative		English	0
999320719	101.0	dirty	2006-01-02 00:00:00.0		Negative	Negative	0		non-reactive	0		Negative	Test lab test screen	English	0
999321029	101.0	dirty	2006-01-05 00:00:00.0		Negative	Negative	0		non-reactive	0		Negative		English	0
999321033	101.0	dirty	2006-01-06 00:00:00.0		Negative	Negative	0		non-reactive	0		Negative		English	0
