MouseId	SequenceNum	QCStateLabel	URSdsdt	URSdgluc	URSdglqc	URSdprot	URSdprqc	URSdhemo	URSdheqc	URSrbc	URSdoabn	URSdoabx	URSdover	URSdovqc	URScomx	formlang	sfdt_014
999320016	101.0	clean	2005-01-01 00:00:00.0	Negative		Negative		Negative		0	No		normal			English	1
999320719	101.0	dirty	2006-01-02 00:00:00.0	Negative		Negative		Negative		0	No		normal		Testing!	English	0
999321029	101.0	dirty	2006-01-05 00:00:00.0	Negative		Negative		Negative		0	No		normal			English	0
999321033	101.0	dirty	2006-01-06 00:00:00.0	Negative		Negative		Negative		0	No		normal			English	0
999321033	101.0	dirty	2006-01-06 00:00:00.0	Negative		Negative		Negative		0	No		normal			English	0
