MouseId	SequenceNum	date	QCStateLabel	RCHdt	RCHassdn	RCHtempc	RCHtemqc	RCHrdelt	RCHrles	RCHreryx	RCHreryy	RCHrerqc	RCHrindx	RCHrindy	RCHrinqc	RCHldelt	RCHlles	RCHleryx	RCHleryy	RCHlerqc	RCHlindx	RCHlindy	RCHlinqc	RCHlnanp	RCHlnaqc	RCHmf	RCHmfqc	RCHmyal	RCHmyaqc	RCHhead	RCHheaqc	RCHnaus	RCHnauqc	RCHvom	RCHvomqc	RCHchill	RCHchiqc	RCHarth	RCHartqc	RCHlpr	RCHlprqc	RCHtr	RCHtrqc	RCHlpl	RCHlplqc	RCHtl	RCHtlqc	RCHcomx	formlang	sfdt_186
999320016	201.0000			2005-02-02 00:00:00.0	Yes			0	0							0	0							0		0		0		0		0		0		0		0		0		0		0		0				0
999320518	201.0000			2006-03-02 00:00:00.0	Yes	37.1		No	0							Yes	No							not required		None		None		None		None		None		None		None		None		None		None		None			English	0
999320518	601.0000			2006-04-02 00:00:00.0	Yes	37.0		Yes	No							No	0							not required		None		None		None		None		None		None		None		None		None		None		None			English	0
999320529	1301.0000			2006-09-02 00:00:00.0	Yes	37.1		Yes	No							No	0							not required		None		None		None		None		None		None		None		None		Life Threatening		None		None			English	0
999320557	601.0000			2006-04-15 00:00:00.0	Yes	39.9		No	0							Yes	No							not required		None		None		None		None		None		None		None		None		None		None		None			English	0
999320565	201.0000			2006-03-14 00:00:00.0	Yes	39.9		Yes	No							No	0							not required		None		None		None		None		None		None		None		None		None		None		None			English	0
999320576	601.0000			2006-03-12 00:00:00.0	Yes	37.0		No	0							Yes	Yes				25.1	25.0		not required		None		None		None		None		None		None		None		None		None		None		None			English	0
999320582	201.0000			2006-03-11 00:00:00.0	Yes	37.0		Yes	No							No	0							not required		None		None		None		None		None		None		None		None		None		None		None			English	0
999320609	201.0000			2006-02-12 00:00:00.0	Yes	37.0		Yes	No							No	0							not required		None		None		None		None		None		None		None		None		None		None		None			English	0
999320609	1301.0000			2006-08-12 00:00:00.0	Yes	37.0		Yes	No							No	0							not required		None		None		None		None		None		None		None		None		None		None		None			English	0
999320613	201.0000			2006-02-11 00:00:00.0	Yes	37.0		No	0							Yes	No							not required		None		None		None		None		None		None		None		None		None		None		None			English	0
999320671	1301.0000			2006-08-06 00:00:00.0	Yes	40.0		Yes	No							No	0							not required		None		None		None		None		None		None		None		None		None		None		None			English	0
999320687	201.0000			2006-02-04 00:00:00.0	Yes	37.1		No	0							Yes	No							not present		None		Life Threatening		None		None		None		None		None		None		None		None		None			English	0
999320687	1301.0000			2006-08-02 00:00:00.0	Yes	37.1		No	0							Yes	No							not required		None		None		None		None		None		None		None		None		None		None		None			English	0
999320703	201.0000			2006-02-02 00:00:00.0	Yes	37.1		No	0							Yes	Yes	10.1	12.2		0.0	0.0		not required		None		None		None		None		None		None		None		None		None		None		None			English	1
999320719	201.0000			2006-01-16 00:00:00.0	Yes	36.7		Yes	No							No	0							not present		None		None		None		None		None		None		None		None		None		None		None			English	0
999320719	601.0000			2006-02-16 00:00:00.0	Yes	36.6		No	0							Yes	No							not present		None		None		None		None		Mild		None		None		None		None		None		None			English	0
999321029	201.0000			2006-01-27 00:00:00.0	Yes	37.2		No	0							Yes	No							not assessed		None		None		Mild		Mild		None		None		Mild		Mild		None		None		Mild			English	0
999321033	201.0000			2006-02-02 00:00:00.0	Yes	36.8		Yes	No							No	0							not assessed		None		None		None		None		None		None		None		None		None		None		None			English	0
999321033	601.0000			2006-03-02 00:00:00.0	Yes	37.1		Yes	No							No	0							not required		None		None		None		None		None		None		None		None		None		None		None			English	0
