<?xml version="1.0" encoding="UTF-8"?>
<tables xmlns="http://labkey.org/data/xml">
  <table tableName="Cohort Assignments" tableDbType="TABLE">
    <tableTitle>Cohort Assignments</tableTitle>
    <columns>
      <column columnName="participantid">
        <datatype>varchar</datatype>
        <columnTitle>Participant ID</columnTitle>
        <description>Participant identifier</description>
        <nullable>false</nullable>
      </column>
      <column columnName="SequenceNum">
        <datatype>double</datatype>
        <columnTitle>Sequence Num</columnTitle>
        <nullable>false</nullable>
      </column>
      <column columnName="Cohort">
        <datatype>varchar</datatype>
        <columnTitle>Cohort</columnTitle>
        <nullable>false</nullable>
      </column>
    </columns>
  </table>
  <table tableName="Test Results" tableDbType="TABLE">
    <tableTitle>Test Results</tableTitle>
    <columns>
      <column columnName="participantid">
        <datatype>varchar</datatype>
        <columnTitle>Participant ID</columnTitle>
        <description>Participant identifier</description>
        <nullable>false</nullable>
      </column>
      <column columnName="SequenceNum">
        <datatype>double</datatype>
        <columnTitle>Sequence Num</columnTitle>
        <nullable>false</nullable>
      </column>
      <column columnName="Infected">
        <datatype>boolean</datatype>
        <columnTitle>Infected</columnTitle>
      </column>
    </columns>
  </table>
</tables>