<?xml version="1.0" encoding="UTF-8"?>
<!--Exported from LabKey Server at http://localhost:8080/labkey/project/Programmatic%20QC%20Test/begin.view by elvan@labkey.com on Thu Sep 13 09:55:21 PDT 2012-->
<tables xmlns="http://labkey.org/data/xml">
  <table tableName="QC Log" tableDbType="TABLE">
    <columns>
      <column columnName="Key">
        <datatype>integer</datatype>
        <columnTitle>Key</columnTitle>
        <nullable>false</nullable>
        <isHidden>true</isHidden>
        <isKeyField>true</isKeyField>
        <isAutoInc>true</isAutoInc>
      </column>
      <column columnName="Date">
        <datatype>timestamp</datatype>
        <columnTitle>Date</columnTitle>
        <description>date</description>
      </column>
      <column columnName="Container">
        <datatype>varchar</datatype>
        <columnTitle>Container</columnTitle>
        <description>container path</description>
      </column>
      <column columnName="AssayId">
        <datatype>varchar</datatype>
        <columnTitle>AssayId</columnTitle>
        <description>assay id</description>
      </column>
      <column columnName="AssayName">
        <datatype>varchar</datatype>
        <columnTitle>AssayName</columnTitle>
        <description>assay name</description>
      </column>
      <column columnName="User">
        <datatype>varchar</datatype>
        <columnTitle>User</columnTitle>
        <description>user</description>
      </column>
      <column columnName="Comments">
        <datatype>varchar</datatype>
        <columnTitle>Comments</columnTitle>
        <description>run comments</description>
      </column>
    </columns>
    <pkColumnName>Key</pkColumnName>
  </table>
</tables>