<?xml version="1.0" encoding="UTF-8"?>
<wiki:wikis xmlns:wiki="http://labkey.org/data/xml/wiki">
  <wiki:wiki name="welcome" title="Welcome" showAttachments="true" shouldIndex="true"/>
  <wiki:wiki name="reagentRequest" title="Reagent Request Form" showAttachments="true" shouldIndex="true"/>
  <wiki:wiki name="Confirmation" parent="reagentRequest" title="Reagent Request Confirmation" showAttachments="true" shouldIndex="true"/>
  <wiki:wiki name="reagentManagers" parent="reagentRequest" title="Summary Report for Reagent Managers" showAttachments="true" shouldIndex="true"/>
  <wiki:wiki name="urlTutorial" title="Simple URL and Filter Tutorial" showAttachments="true" shouldIndex="true"/>
  <wiki:wiki name="chooseParams" parent="urlTutorial" title="Choose Parameters" showAttachments="true" shouldIndex="true"/>
  <wiki:wiki name="showFilter" parent="urlTutorial" title="Show Filtered Grid" showAttachments="false" shouldIndex="true"/>
  <wiki:wiki name="chart" title="Simple Chart Tutorial" showAttachments="true" shouldIndex="true"/>
  <wiki:wiki name="default" title="Welcome to the Demonstration Study" showAttachments="true" shouldIndex="true"/>
</wiki:wikis>