<?xml version="1.0" encoding="UTF-8"?>
<visitMap xmlns="http://labkey.org/study/xml">
  <visit label="Day -1377" sequenceNum="-1377.0" protocolDay="-1377.0" sequenceNumHandling="normal">
    <visitTags>
      <visitTag name="FollowUp"/>
    </visitTags>
  </visit>
  <visit label="Day -1351" sequenceNum="-1351.0" protocolDay="-1351.0" sequenceNumHandling="normal">
    <visitTags>
      <visitTag name="FollowUp"/>
    </visitTags>
  </visit>
  <visit label="Day -1321" sequenceNum="-1321.0" protocolDay="-1321.0" sequenceNumHandling="normal"/>
  <visit label="Day -1316" sequenceNum="-1316.0" protocolDay="-1316.0" sequenceNumHandling="normal">
    <visitTags>
      <visitTag name="SecondVac"/>
    </visitTags>
  </visit>
  <visit label="Day -1031" sequenceNum="-1031.0" protocolDay="-1031.0" sequenceNumHandling="normal"/>
  <visit label="Day -1001" sequenceNum="-1001.0" protocolDay="-1001.0" sequenceNumHandling="normal">
    <visitTags>
      <visitTag name="FirstVac"/>
    </visitTags>
  </visit>
  <visitTag name="SecondVac" caption="Second Vaccination" singleUse="true"/>
  <visitTag name="FollowUp" caption="Follow Up" singleUse="false"/>
  <visitTag name="FirstVac" caption="First Vaccination" singleUse="true"/>
</visitMap>