<?xml version="1.0" encoding="UTF-8"?>
<tables xmlns="http://labkey.org/data/xml">
  <table tableName="Dataset1" tableDbType="TABLE">
    <description>Contains up to one row of Dataset1 data for each Participant/Date combination.</description>
    <columns>
      <column columnName="ParticipantId">
        <datatype>varchar</datatype>
        <columnTitle>Participant ID</columnTitle>
        <description>Subject identifier</description>
        <propertyURI>http://cpas.labkey.com/Study#ParticipantId</propertyURI>
        <nullable>false</nullable>
        <url replaceMissing="blankValue">/study-participant.view?participantId=${ParticipantId}</url>
        <importAliases>
          <importAlias>ptid</importAlias>
          <importAlias>participantid</importAlias>
        </importAliases>
        <fk>
          <fkDbSchema>study</fkDbSchema>
          <fkTable>Participant</fkTable>
          <fkColumnName>ParticipantId</fkColumnName>
        </fk>
        <scale>32</scale>
      </column>
      <column columnName="date">
        <datatype>timestamp</datatype>
        <columnTitle>Date</columnTitle>
        <propertyURI>http://cpas.labkey.com/Study#VisitDate</propertyURI>
        <conceptURI>http://cpas.labkey.com/Study#VisitDate</conceptURI>
        <nullable>false</nullable>
        <formatString>Date</formatString>
      </column>
      <column columnName="name">
        <datatype>varchar</datatype>
        <columnTitle>Name</columnTitle>
        <rangeURI>http://www.w3.org/2001/XMLSchema#string</rangeURI>
        <defaultValueType>FIXED_EDITABLE</defaultValueType>
        <scale>4000</scale>
      </column>
      <column columnName="dateCol">
        <datatype>timestamp</datatype>
        <columnTitle>Date Col</columnTitle>
        <rangeURI>http://www.w3.org/2001/XMLSchema#dateTime</rangeURI>
        <defaultValueType>FIXED_EDITABLE</defaultValueType>
      </column>
    </columns>
    <tableTitle>Dataset1</tableTitle>
  </table>
</tables>