<?xml version="1.0" encoding="UTF-8"?>
<specimens repositoryType="ADVANCED" enableRequests="true" editableRepository="true" xmlns="http://labkey.org/study/xml">
  <webPartGroupings>
    <grouping>
      <groupBy>Primary Type</groupBy>
      <groupBy>Derivative Type</groupBy>
      <groupBy>Additive Type</groupBy>
    </grouping>
    <grouping>
      <groupBy>Derivative Type</groupBy>
      <groupBy>Additive Type</groupBy>
      <groupBy/>
    </grouping>
  </webPartGroupings>
  <locationTypes>
    <repository allowRequests="true"/>
    <clinic allowRequests="true"/>
    <siteAffiliatedLab allowRequests="true"/>
    <endpointLab allowRequests="true"/>
  </locationTypes>
  <requestStatuses>
    <status label="Processing Request" finalState="false" lockSpecimens="true"/>
    <status label="Pending Approval" finalState="false" lockSpecimens="true"/>
    <status label="Complete" finalState="true" lockSpecimens="true"/>
    <status label="Rejected" finalState="true" lockSpecimens="false"/>
  </requestStatuses>
  <requestActors>
    <actor label="Institutional Review Board" type="location">
      <groups/>
    </actor>
    <actor label="Scientific Leadership Group" type="study">
      <groups/>
    </actor>
  </requestActors>
  <defaultRequirements>
    <originatingLab>
      <requirement actor="Institutional Review Board">
        <description>IRB Approval</description>
      </requirement>
      <requirement actor="Institutional Review Board">
        <description>Test Req</description>
      </requirement>
    </originatingLab>
    <providingLab>
      <requirement actor="Institutional Review Board">
        <description>Pending lab approval</description>
      </requirement>
    </providingLab>
    <receivingLab>
      <requirement actor="Institutional Review Board">
        <description>Receiving lab approval</description>
      </requirement>
    </receivingLab>
    <general>
      <requirement actor="Scientific Leadership Group">
        <description>SLG request approval</description>
      </requirement>
    </general>
  </defaultRequirements>
  <displaySettings>
    <commentsAndQC defaultToCommentsMode="false" enableManualQCFlagging="true"/>
    <lowSpecimenWarnings lastVial="ALL_USERS" zeroVials="ALL_USERS"/>
  </displaySettings>
  <requestForms>
    <form multiLine="true" required="true" rememberSiteValue="false" displayOrder="0">
      <title>Assay Plan</title>
      <helpText>Please enter a description of or reference to the assay plan(s) that will be used for the requested specimens.</helpText>
    </form>
    <form multiLine="true" required="true" rememberSiteValue="true" displayOrder="1">
      <title>Shipping Information</title>
      <helpText>Please enter your shipping address along with any special instructions.</helpText>
    </form>
    <form multiLine="true" required="false" rememberSiteValue="false" displayOrder="2">
      <title>Comments</title>
      <helpText>Please enter any additional information regarding your request.</helpText>
    </form>
  </requestForms>
  <notifications newRequestNotifyCheckbox="false" ccCheckbox="false">
    <replyTo>mohara@labkey.com</replyTo>
    <cc/>
    <subjectSuffix>Specimen Request Notification</subjectSuffix>
    <newRequestNotify/>
    <defaultEmailNotify>ActorsInvolved</defaultEmailNotify>
    <specimensAttachment>InEmailBody</specimensAttachment>
  </notifications>
  <requestabilityRules>
    <rule type="AT_REPOSITORY"/>
    <rule type="ADMIN_OVERRIDE"/>
    <rule type="LOCKED_IN_REQUEST"/>
  </requestabilityRules>
</specimens>