ParticipantId	date	QCStateLabel	CurveIC50	CurveIC50OORIndicator	CurveIC80	CurveIC80OORIndicator	Factor	FitError	InitialDilution	Method	ObjectId	PointIC50	PointIC50OORIndicator	PointIC80	PointIC80OORIndicator	RunComments	RunCreatedBy	RunCreatedOn	RunCurveFitMethod	RunCutoff1	RunCutoff2	RunCutoff3	RunExperimentDate	RunExperimentID	RunExperimentPerformer	RunFileID	RunHostCell	RunIncubationTime	RunLockYAxis	RunName	RunPlateNumber	RunStudyName	RunVirusID	RunVirusName	SampleDescription	SpecimenID	WellgroupName
249318596	2008-09-02 00:00:00.0		117.10675297290996		27.8082687277155		3.0	4.676802772233244	20.0	Dilution	30089	102.71204823296534		25.865227416148745			1807	2009-09-03 15:06:30.354	Five Parameter	50	80			Nab32	Elizabeth	NAbresults2	T	30	false	NAb1	1	Demo	P392	HIV-1		526455390.2504.346	Specimen 1
249320107	2008-07-30 00:00:00.0		504.30800070578124		134.24253881942033		3.0	4.134905944014015	20.0	Dilution	30090	399.7623185209562		131.65432059867493			1807	2009-09-03 15:06:30.354	Five Parameter	50	80			Nab32	Elizabeth	NAbresults2	T	30	false	NAb1	1	Demo	P392	HIV-1		249325717.2404.493	Specimen 2
249320127	2009-01-06 00:00:00.0		831.8408905675533		147.1656181029605		3.0	3.4342538333958825	20.0	Dilution	30091	688.2636345217795		142.48991481233844			1807	2009-09-03 15:06:30.354	Five Parameter	50	80			Nab32	Elizabeth	NAbresults2	T	30	false	NAb1	1	Demo	P392	HIV-1		249320619.2604.640	Specimen 3
249320489	2008-12-03 00:00:00.0		979.1036771241501		242.80747870422675		3.0	4.457880161710849	20.0	Dilution	30092	1644.2206516682545		194.6864111729882			1807	2009-09-03 15:06:30.354	Five Parameter	50	80			Nab32	Elizabeth	NAbresults2	T	30	false	NAb1	1	Demo	P392	HIV-1		249328595.2604.530	Specimen 4
249320897	2008-07-20 00:00:00.0		425.11625081263253		156.6208763169263		3.0	2.939152251132248	20.0	Dilution	30093	407.5192492384341		149.0511514806856			1807	2009-09-03 15:06:30.354	Five Parameter	50	80			Nab32	Elizabeth	NAbresults2	T	30	false	NAb1	1	Demo	P392	HIV-1		526455350.4404.456	Specimen 5
