ParticipantId	date	QCStateLabel	AnalyteFitProb	AnalyteIsotype	AnalyteMaxStandardRecovery	AnalyteMinStandardRecovery	AnalyteName	AnalyteRegressionType	AnalyteResVar	AnalyteStdCurve	AnalyteUnitsOfConcentration	BatchAnalysisSoftware	BatchLabID	BatchSpecies	ConcInRange	ConcInRangeOORIndicator	ConcInRangeString	DataRowGroup	Description	Dilution	ExpConc	ExtraSpecimenInfo	FI	FIOORIndicator	FIBackground	FIBackgroundOORIndicator	FIBackgroundString	FIString	ObsConc	ObsConcOORIndicator	ObsConcString	ObsOverExp	Outlier	Ratio	RowId	RunAcquisitionDate	RunAdditive	RunComments	RunCreatedBy	RunCreatedOn	RunDateModified	RunDerivative	RunFileName	RunName	RunPlateID	RunRP1PMTvolts	RunRP1Target	RunReaderSerialNumber	RunReplacesPreviousFile	RunSpecimenType	SamplingErrors	StdDev	StdDevOORIndicator	StdDevString	Type	Well
249318596	2008-06-30 00:00:00.0		0.7687000036239624	Ag	130	70	IL-10 (23)	Logistic - 4PL	0.2630000114440918	FI = 30.2027 + (24597.9 - 30.2027) / (1 + (Conc / 3429.18)^-1.02781)	Pg/ml	BM-v4.1	MONT	HUMAN	40.06999969482422		40.07		11027-01	1.0			281.29998779296875		281.29998779296875		281.3	281.3	40.06999969482422		40.07		0		45	2007-03-02 13:03:00.0			1807	2009-09-03 15:58:13.451			G:Core ImmunologyCHAVIWNV-HIV 03-02-07 plate1.rbx	Luminex Demo Assay	PLATE1_3-2-07	555.8	NA	LX10005314302	false			13.789999961853027		13.79	X1	A3,B3
249318596	2008-06-30 00:00:00.0		0.9812999963760376	Ag	130	70	TNF-alpha (40)	Logistic - 4PL	0.05889999866485596	FI = 36.4813 + (30005.4 - 36.4813) / (1 + (Conc / 734.887)^-0.994327)	Pg/ml	BM-v4.1	MONT	HUMAN	35.869998931884766		35.87		11027-01	1.0			1454.0		1454.0		1454	1454	35.869998931884766		35.87		0		82	2007-03-02 13:03:00.0			1807	2009-09-03 15:58:13.451			G:Core ImmunologyCHAVIWNV-HIV 03-02-07 plate1.rbx	Luminex Demo Assay	PLATE1_3-2-07	555.8	NA	LX10005314302	false			162.6300048828125		162.63	X1	A3,B3
249318596	2008-06-30 00:00:00.0		0.7455999851226807	Ag	130	70	IL-2 (3)	Logistic - 4PL	0.41029998660087585	FI = 19.961 + (26735.7 - 19.961) / (1 + (Conc / 2042.15)^-1.06114)	Pg/ml	BM-v4.1	MONT	HUMAN	52.7400016784668		52.74		11027-01	1.0			560.5		560.5		560.5	560.5	52.7400016784668		52.74		0		8	2007-03-02 13:03:00.0			1807	2009-09-03 15:58:13.451			G:Core ImmunologyCHAVIWNV-HIV 03-02-07 plate1.rbx	Luminex Demo Assay	PLATE1_3-2-07	555.8	NA	LX10005314302	false			54.45000076293945		54.45	X1	A3,B3
249318596	2008-08-04 00:00:00.0		0.7455999851226807	Ag	130	70	IL-2 (3)	Logistic - 4PL	0.41029998660087585	FI = 19.961 + (26735.7 - 19.961) / (1 + (Conc / 2042.15)^-1.06114)	Pg/ml	BM-v4.1	MONT	HUMAN	28.350000381469727		28.35		11027-07	1.0			302.5		302.5		302.5	302.5	28.350000381469727		28.35		0		14	2007-03-02 13:03:00.0			1807	2009-09-03 15:58:13.451			G:Core ImmunologyCHAVIWNV-HIV 03-02-07 plate1.rbx	Luminex Demo Assay	PLATE1_3-2-07	555.8	NA	LX10005314302	false			2.119999885559082		2.12	X7	E4,F4
249318596	2008-08-04 00:00:00.0		0.7687000036239624	Ag	130	70	IL-10 (23)	Logistic - 4PL	0.2630000114440918	FI = 30.2027 + (24597.9 - 30.2027) / (1 + (Conc / 3429.18)^-1.02781)	Pg/ml	BM-v4.1	MONT	HUMAN	42.380001068115234		42.38		11027-07	1.0			296.0		296.0		296	296	42.380001068115234		42.38		0		51	2007-03-02 13:03:00.0			1807	2009-09-03 15:58:13.451			G:Core ImmunologyCHAVIWNV-HIV 03-02-07 plate1.rbx	Luminex Demo Assay	PLATE1_3-2-07	555.8	NA	LX10005314302	false			0.0		0	X7	E4,F4
249318596	2008-08-04 00:00:00.0		0.9812999963760376	Ag	130	70	TNF-alpha (40)	Logistic - 4PL	0.05889999866485596	FI = 36.4813 + (30005.4 - 36.4813) / (1 + (Conc / 734.887)^-0.994327)	Pg/ml	BM-v4.1	MONT	HUMAN	13.680000305175781		13.68		11027-07	1.0			596.5		596.5		596.5	596.5	13.680000305175781		13.68		0		88	2007-03-02 13:03:00.0			1807	2009-09-03 15:58:13.451			G:Core ImmunologyCHAVIWNV-HIV 03-02-07 plate1.rbx	Luminex Demo Assay	PLATE1_3-2-07	555.8	NA	LX10005314302	false			28.280000686645508		28.28	X7	E4,F4
249318596	2008-09-02 00:00:00.0		0.7455999851226807	Ag	130	70	IL-2 (3)	Logistic - 4PL	0.41029998660087585	FI = 19.961 + (26735.7 - 19.961) / (1 + (Conc / 2042.15)^-1.06114)	Pg/ml	BM-v4.1	MONT	HUMAN	5.190000057220459		5.19		11027-13	1.0			67.0		67.0		67	67	5.190000057220459		5.19		0		20	2007-03-02 13:03:00.0			1807	2009-09-03 15:58:13.451			G:Core ImmunologyCHAVIWNV-HIV 03-02-07 plate1.rbx	Luminex Demo Assay	PLATE1_3-2-07	555.8	NA	LX10005314302	false			0.0		0	X13	B6
249318596	2008-09-02 00:00:00.0		0.9812999963760376	Ag	130	70	TNF-alpha (40)	Logistic - 4PL	0.05889999866485596	FI = 36.4813 + (30005.4 - 36.4813) / (1 + (Conc / 734.887)^-0.994327)	Pg/ml	BM-v4.1	MONT	HUMAN	2.819999933242798		2.82		11027-13	1.0			154.5		154.5		154.5	154.5	2.819999933242798		2.82		0		94	2007-03-02 13:03:00.0			1807	2009-09-03 15:58:13.451			G:Core ImmunologyCHAVIWNV-HIV 03-02-07 plate1.rbx	Luminex Demo Assay	PLATE1_3-2-07	555.8	NA	LX10005314302	false			0.0		0	X13	B6
249318596	2008-09-02 00:00:00.0		0.7687000036239624	Ag	130	70	IL-10 (23)	Logistic - 4PL	0.2630000114440918	FI = 30.2027 + (24597.9 - 30.2027) / (1 + (Conc / 3429.18)^-1.02781)	Pg/ml	BM-v4.1	MONT	HUMAN	7.989999771118164		7.99		11027-13	1.0			78.5		78.5		78.5	78.5	7.989999771118164		7.99		0		57	2007-03-02 13:03:00.0			1807	2009-09-03 15:58:13.451			G:Core ImmunologyCHAVIWNV-HIV 03-02-07 plate1.rbx	Luminex Demo Assay	PLATE1_3-2-07	555.8	NA	LX10005314302	false			0.0		0	X13	B6
249318596	2008-11-23 00:00:00.0		0.7687000036239624	Ag	130	70	IL-10 (23)	Logistic - 4PL	0.2630000114440918	FI = 30.2027 + (24597.9 - 30.2027) / (1 + (Conc / 3429.18)^-1.02781)	Pg/ml	BM-v4.1	MONT	HUMAN	32.33000183105469		32.33		11024-06	1.0			232.0		232.0		232	232	32.33000183105469		32.33		0		63	2007-03-02 13:03:00.0			1807	2009-09-03 15:58:13.451			G:Core ImmunologyCHAVIWNV-HIV 03-02-07 plate1.rbx	Luminex Demo Assay	PLATE1_3-2-07	555.8	NA	LX10005314302	false			11.3100004196167		11.31	X19	E7,F7
249318596	2008-11-23 00:00:00.0		0.9812999963760376	Ag	130	70	TNF-alpha (40)	Logistic - 4PL	0.05889999866485596	FI = 36.4813 + (30005.4 - 36.4813) / (1 + (Conc / 734.887)^-0.994327)	Pg/ml	BM-v4.1	MONT	HUMAN	5.119999885559082		5.12		11024-06	1.0			249.8000030517578		249.8000030517578		249.8	249.8	5.119999885559082		5.12		0		100	2007-03-02 13:03:00.0			1807	2009-09-03 15:58:13.451			G:Core ImmunologyCHAVIWNV-HIV 03-02-07 plate1.rbx	Luminex Demo Assay	PLATE1_3-2-07	555.8	NA	LX10005314302	false			6.010000228881836		6.01	X19	E7,F7
249318596	2008-11-23 00:00:00.0		0.7455999851226807	Ag	130	70	IL-2 (3)	Logistic - 4PL	0.41029998660087585	FI = 19.961 + (26735.7 - 19.961) / (1 + (Conc / 2042.15)^-1.06114)	Pg/ml	BM-v4.1	MONT	HUMAN	6.690000057220459		6.69		11024-06	1.0			81.5		81.5		81.5	81.5	6.690000057220459		6.69		0		26	2007-03-02 13:03:00.0			1807	2009-09-03 15:58:13.451			G:Core ImmunologyCHAVIWNV-HIV 03-02-07 plate1.rbx	Luminex Demo Assay	PLATE1_3-2-07	555.8	NA	LX10005314302	false			6.360000133514404		6.36	X19	E7,F7
249318596	2009-01-18 00:00:00.0		0.7687000036239624	Ag	130	70	IL-10 (23)	Logistic - 4PL	0.2630000114440918	FI = 30.2027 + (24597.9 - 30.2027) / (1 + (Conc / 3429.18)^-1.02781)	Pg/ml	BM-v4.1	MONT	HUMAN	12.489999771118164		12.49		11024-12	1.0			106.5		106.5		106.5	106.5	12.489999771118164		12.49		0		69	2007-03-02 13:03:00.0			1807	2009-09-03 15:58:13.451			G:Core ImmunologyCHAVIWNV-HIV 03-02-07 plate1.rbx	Luminex Demo Assay	PLATE1_3-2-07	555.8	NA	LX10005314302	false			10.609999656677246		10.61	X25	A9,B9
249318596	2009-01-18 00:00:00.0		0.9812999963760376	Ag	130	70	TNF-alpha (40)	Logistic - 4PL	0.05889999866485596	FI = 36.4813 + (30005.4 - 36.4813) / (1 + (Conc / 734.887)^-0.994327)	Pg/ml	BM-v4.1	MONT	HUMAN	3.0899999141693115		3.09		11024-12	1.0			166.0		166.0		166	166	3.0899999141693115		3.09		0		106	2007-03-02 13:03:00.0			1807	2009-09-03 15:58:13.451			G:Core ImmunologyCHAVIWNV-HIV 03-02-07 plate1.rbx	Luminex Demo Assay	PLATE1_3-2-07	555.8	NA	LX10005314302	false			4.239999771118164		4.24	X25	A9,B9
249318596	2009-01-18 00:00:00.0		0.7455999851226807	Ag	130	70	IL-2 (3)	Logistic - 4PL	0.41029998660087585	FI = 19.961 + (26735.7 - 19.961) / (1 + (Conc / 2042.15)^-1.06114)	Pg/ml	BM-v4.1	MONT	HUMAN	5.760000228881836		5.76		11024-12	1.0			72.5		72.5		72.5	72.5	5.760000228881836		5.76		0		32	2007-03-02 13:03:00.0			1807	2009-09-03 15:58:13.451			G:Core ImmunologyCHAVIWNV-HIV 03-02-07 plate1.rbx	Luminex Demo Assay	PLATE1_3-2-07	555.8	NA	LX10005314302	false			4.949999809265137		4.95	X25	A9,B9
249320107	2008-06-04 00:00:00.0		0.9812999963760376	Ag	130	70	TNF-alpha (40)	Logistic - 4PL	0.05889999866485596	FI = 36.4813 + (30005.4 - 36.4813) / (1 + (Conc / 734.887)^-0.994327)	Pg/ml	BM-v4.1	MONT	HUMAN	263.9200134277344		263.92		11027-02	1.0			7989.2998046875		7989.2998046875		7989.3	7989.3	263.9200134277344		263.92		0		83	2007-03-02 13:03:00.0			1807	2009-09-03 15:58:13.451			G:Core ImmunologyCHAVIWNV-HIV 03-02-07 plate1.rbx	Luminex Demo Assay	PLATE1_3-2-07	555.8	NA	LX10005314302	false			343.29998779296875		343.3	X2	C3,D3
249320107	2008-06-04 00:00:00.0		0.7687000036239624	Ag	130	70	IL-10 (23)	Logistic - 4PL	0.2630000114440918	FI = 30.2027 + (24597.9 - 30.2027) / (1 + (Conc / 3429.18)^-1.02781)	Pg/ml	BM-v4.1	MONT	HUMAN	266.1600036621094		266.16		11027-02	1.0			1686.5		1686.5		1686.5	1686.5	266.1600036621094		266.16		0		46	2007-03-02 13:03:00.0			1807	2009-09-03 15:58:13.451			G:Core ImmunologyCHAVIWNV-HIV 03-02-07 plate1.rbx	Luminex Demo Assay	PLATE1_3-2-07	555.8	NA	LX10005314302	false			16.260000228881836		16.26	X2	C3,D3
249320107	2008-06-04 00:00:00.0		0.7455999851226807	Ag	130	70	IL-2 (3)	Logistic - 4PL	0.41029998660087585	FI = 19.961 + (26735.7 - 19.961) / (1 + (Conc / 2042.15)^-1.06114)	Pg/ml	BM-v4.1	MONT	HUMAN	397.7799987792969		397.78		11027-02	1.0			4023.0		4023.0		4023	4023	397.7799987792969		397.78		0		9	2007-03-02 13:03:00.0			1807	2009-09-03 15:58:13.451			G:Core ImmunologyCHAVIWNV-HIV 03-02-07 plate1.rbx	Luminex Demo Assay	PLATE1_3-2-07	555.8	NA	LX10005314302	false			121.62000274658203		121.62	X2	C3,D3
249320107	2008-07-16 00:00:00.0		0.7687000036239624	Ag	130	70	IL-10 (23)	Logistic - 4PL	0.2630000114440918	FI = 30.2027 + (24597.9 - 30.2027) / (1 + (Conc / 3429.18)^-1.02781)	Pg/ml	BM-v4.1	MONT	HUMAN	19.84000015258789		19.84		11027-08	1.0			152.8000030517578		152.8000030517578		152.8	152.8	19.84000015258789		19.84		0		52	2007-03-02 13:03:00.0			1807	2009-09-03 15:58:13.451			G:Core ImmunologyCHAVIWNV-HIV 03-02-07 plate1.rbx	Luminex Demo Assay	PLATE1_3-2-07	555.8	NA	LX10005314302	false			8.130000114440918		8.13	X8	G4,H4
249320107	2008-07-16 00:00:00.0		0.9812999963760376	Ag	130	70	TNF-alpha (40)	Logistic - 4PL	0.05889999866485596	FI = 36.4813 + (30005.4 - 36.4813) / (1 + (Conc / 734.887)^-0.994327)	Pg/ml	BM-v4.1	MONT	HUMAN	6.5		6.5		11027-08	1.0			306.29998779296875		306.29998779296875		306.3	306.3	6.5		6.5		0		89	2007-03-02 13:03:00.0			1807	2009-09-03 15:58:13.451			G:Core ImmunologyCHAVIWNV-HIV 03-02-07 plate1.rbx	Luminex Demo Assay	PLATE1_3-2-07	555.8	NA	LX10005314302	false			4.599999904632568		4.6	X8	G4,H4
249320107	2008-07-16 00:00:00.0		0.7455999851226807	Ag	130	70	IL-2 (3)	Logistic - 4PL	0.41029998660087585	FI = 19.961 + (26735.7 - 19.961) / (1 + (Conc / 2042.15)^-1.06114)	Pg/ml	BM-v4.1	MONT	HUMAN	14.729999542236328		14.73		11027-08	1.0			161.8000030517578		161.8000030517578		161.8	161.8	14.729999542236328		14.73		0		15	2007-03-02 13:03:00.0			1807	2009-09-03 15:58:13.451			G:Core ImmunologyCHAVIWNV-HIV 03-02-07 plate1.rbx	Luminex Demo Assay	PLATE1_3-2-07	555.8	NA	LX10005314302	false			21.56999969482422		21.57	X8	G4,H4
249320107	2008-07-30 00:00:00.0		0.7455999851226807	Ag	130	70	IL-2 (3)	Logistic - 4PL	0.41029998660087585	FI = 19.961 + (26735.7 - 19.961) / (1 + (Conc / 2042.15)^-1.06114)	Pg/ml	BM-v4.1	MONT	HUMAN	5.110000133514404		5.11		11027-14	1.0			66.30000305175781		66.30000305175781		66.3	66.3	5.110000133514404		5.11		0		21	2007-03-02 13:03:00.0			1807	2009-09-03 15:58:13.451			G:Core ImmunologyCHAVIWNV-HIV 03-02-07 plate1.rbx	Luminex Demo Assay	PLATE1_3-2-07	555.8	NA	LX10005314302	false			4.599999904632568		4.6	X14	C6,D6
249320107	2008-07-30 00:00:00.0		0.9812999963760376	Ag	130	70	TNF-alpha (40)	Logistic - 4PL	0.05889999866485596	FI = 36.4813 + (30005.4 - 36.4813) / (1 + (Conc / 734.887)^-0.994327)	Pg/ml	BM-v4.1	MONT	HUMAN	2.8299999237060547		2.83		11027-14	1.0			155.0		155.0		155	155	2.8299999237060547		2.83		0		95	2007-03-02 13:03:00.0			1807	2009-09-03 15:58:13.451			G:Core ImmunologyCHAVIWNV-HIV 03-02-07 plate1.rbx	Luminex Demo Assay	PLATE1_3-2-07	555.8	NA	LX10005314302	false			9.899999618530273		9.9	X14	C6,D6
249320107	2008-07-30 00:00:00.0		0.7687000036239624	Ag	130	70	IL-10 (23)	Logistic - 4PL	0.2630000114440918	FI = 30.2027 + (24597.9 - 30.2027) / (1 + (Conc / 3429.18)^-1.02781)	Pg/ml	BM-v4.1	MONT	HUMAN	8.319999694824219		8.32		11027-14	1.0			80.5		80.5		80.5	80.5	8.319999694824219		8.32		0		58	2007-03-02 13:03:00.0			1807	2009-09-03 15:58:13.451			G:Core ImmunologyCHAVIWNV-HIV 03-02-07 plate1.rbx	Luminex Demo Assay	PLATE1_3-2-07	555.8	NA	LX10005314302	false			4.949999809265137		4.95	X14	C6,D6
249320107	2008-09-17 00:00:00.0		0.7687000036239624	Ag	130	70	IL-10 (23)	Logistic - 4PL	0.2630000114440918	FI = 30.2027 + (24597.9 - 30.2027) / (1 + (Conc / 3429.18)^-1.02781)	Pg/ml	BM-v4.1	MONT	HUMAN	13.25		13.25		11024-07	1.0			111.30000305175781		111.30000305175781		111.3	111.3	13.25		13.25		0		64	2007-03-02 13:03:00.0			1807	2009-09-03 15:58:13.451			G:Core ImmunologyCHAVIWNV-HIV 03-02-07 plate1.rbx	Luminex Demo Assay	PLATE1_3-2-07	555.8	NA	LX10005314302	false			3.180000066757202		3.18	X20	G7,H7
249320107	2008-09-17 00:00:00.0		0.9812999963760376	Ag	130	70	TNF-alpha (40)	Logistic - 4PL	0.05889999866485596	FI = 36.4813 + (30005.4 - 36.4813) / (1 + (Conc / 734.887)^-0.994327)	Pg/ml	BM-v4.1	MONT	HUMAN	3.0199999809265137		3.02		11024-07	1.0			163.0		163.0		163	163	3.0199999809265137		3.02		0		101	2007-03-02 13:03:00.0			1807	2009-09-03 15:58:13.451			G:Core ImmunologyCHAVIWNV-HIV 03-02-07 plate1.rbx	Luminex Demo Assay	PLATE1_3-2-07	555.8	NA	LX10005314302	false			2.8299999237060547		2.83	X20	G7,H7
249320107	2008-09-17 00:00:00.0		0.7455999851226807	Ag	130	70	IL-2 (3)	Logistic - 4PL	0.41029998660087585	FI = 19.961 + (26735.7 - 19.961) / (1 + (Conc / 2042.15)^-1.06114)	Pg/ml	BM-v4.1	MONT	HUMAN	6.099999904632568		6.1		11024-07	1.0			75.80000305175781		75.80000305175781		75.8	75.8	6.099999904632568		6.1		0		27	2007-03-02 13:03:00.0			1807	2009-09-03 15:58:13.451			G:Core ImmunologyCHAVIWNV-HIV 03-02-07 plate1.rbx	Luminex Demo Assay	PLATE1_3-2-07	555.8	NA	LX10005314302	false			5.300000190734863		5.3	X20	G7,H7
249320107	2009-01-06 00:00:00.0		0.9812999963760376	Ag	130	70	TNF-alpha (40)	Logistic - 4PL	0.05889999866485596	FI = 36.4813 + (30005.4 - 36.4813) / (1 + (Conc / 734.887)^-0.994327)	Pg/ml	BM-v4.1	MONT	HUMAN	3.569999933242798		3.57		11024-13	1.0			185.8000030517578		185.8000030517578		185.8	185.8	3.569999933242798		3.57		0		107	2007-03-02 13:03:00.0			1807	2009-09-03 15:58:13.451			G:Core ImmunologyCHAVIWNV-HIV 03-02-07 plate1.rbx	Luminex Demo Assay	PLATE1_3-2-07	555.8	NA	LX10005314302	false			18.739999771118164		18.74	X26	C9,D9
249320107	2009-01-06 00:00:00.0		0.7455999851226807	Ag	130	70	IL-2 (3)	Logistic - 4PL	0.41029998660087585	FI = 19.961 + (26735.7 - 19.961) / (1 + (Conc / 2042.15)^-1.06114)	Pg/ml	BM-v4.1	MONT	HUMAN	5.320000171661377		5.32		11024-13	1.0			68.30000305175781		68.30000305175781		68.3	68.3	5.320000171661377		5.32		0		33	2007-03-02 13:03:00.0			1807	2009-09-03 15:58:13.451			G:Core ImmunologyCHAVIWNV-HIV 03-02-07 plate1.rbx	Luminex Demo Assay	PLATE1_3-2-07	555.8	NA	LX10005314302	false			2.4700000286102295		2.47	X26	C9,D9
249320107	2009-01-06 00:00:00.0		0.7687000036239624	Ag	130	70	IL-10 (23)	Logistic - 4PL	0.2630000114440918	FI = 30.2027 + (24597.9 - 30.2027) / (1 + (Conc / 3429.18)^-1.02781)	Pg/ml	BM-v4.1	MONT	HUMAN	12.850000381469727		12.85		11024-13	1.0			108.80000305175781		108.80000305175781		108.8	108.8	12.850000381469727		12.85		0		70	2007-03-02 13:03:00.0			1807	2009-09-03 15:58:13.451			G:Core ImmunologyCHAVIWNV-HIV 03-02-07 plate1.rbx	Luminex Demo Assay	PLATE1_3-2-07	555.8	NA	LX10005314302	false			8.84000015258789		8.84	X26	C9,D9
249320127	2008-07-30 00:00:00.0		0.7687000036239624	Ag	130	70	IL-10 (23)	Logistic - 4PL	0.2630000114440918	FI = 30.2027 + (24597.9 - 30.2027) / (1 + (Conc / 3429.18)^-1.02781)	Pg/ml	BM-v4.1	MONT	HUMAN	26.549999237060547		26.55		11027-03	1.0			195.3000030517578		195.3000030517578		195.3	195.3	26.549999237060547		26.55		0		47	2007-03-02 13:03:00.0			1807	2009-09-03 15:58:13.451			G:Core ImmunologyCHAVIWNV-HIV 03-02-07 plate1.rbx	Luminex Demo Assay	PLATE1_3-2-07	555.8	NA	LX10005314302	false			9.550000190734863		9.55	X3	E3,F3
249320127	2008-07-30 00:00:00.0		0.7455999851226807	Ag	130	70	IL-2 (3)	Logistic - 4PL	0.41029998660087585	FI = 19.961 + (26735.7 - 19.961) / (1 + (Conc / 2042.15)^-1.06114)	Pg/ml	BM-v4.1	MONT	HUMAN	16.690000534057617		16.69		11027-03	1.0			181.8000030517578		181.8000030517578		181.8	181.8	16.690000534057617		16.69		0		10	2007-03-02 13:03:00.0			1807	2009-09-03 15:58:13.451			G:Core ImmunologyCHAVIWNV-HIV 03-02-07 plate1.rbx	Luminex Demo Assay	PLATE1_3-2-07	555.8	NA	LX10005314302	false			9.550000190734863		9.55	X3	E3,F3
249320127	2008-07-30 00:00:00.0		0.9812999963760376	Ag	130	70	TNF-alpha (40)	Logistic - 4PL	0.05889999866485596	FI = 36.4813 + (30005.4 - 36.4813) / (1 + (Conc / 734.887)^-0.994327)	Pg/ml	BM-v4.1	MONT	HUMAN	4.559999942779541		4.56		11027-03	1.0			226.5		226.5		226.5	226.5	4.559999942779541		4.56		0		84	2007-03-02 13:03:00.0			1807	2009-09-03 15:58:13.451			G:Core ImmunologyCHAVIWNV-HIV 03-02-07 plate1.rbx	Luminex Demo Assay	PLATE1_3-2-07	555.8	NA	LX10005314302	false			0.7099999785423279		0.71	X3	E3,F3
249320127	2008-09-17 00:00:00.0		0.7455999851226807	Ag	130	70	IL-2 (3)	Logistic - 4PL	0.41029998660087585	FI = 19.961 + (26735.7 - 19.961) / (1 + (Conc / 2042.15)^-1.06114)	Pg/ml	BM-v4.1	MONT	HUMAN	20.93000030517578		20.93		11027-09	1.0			225.3000030517578		225.3000030517578		225.3	225.3	20.93000030517578		20.93		0		16	2007-03-02 13:03:00.0			1807	2009-09-03 15:58:13.451			G:Core ImmunologyCHAVIWNV-HIV 03-02-07 plate1.rbx	Luminex Demo Assay	PLATE1_3-2-07	555.8	NA	LX10005314302	false			11.670000076293945		11.67	X9	A5,B5
249320127	2008-09-17 00:00:00.0		0.9812999963760376	Ag	130	70	TNF-alpha (40)	Logistic - 4PL	0.05889999866485596	FI = 36.4813 + (30005.4 - 36.4813) / (1 + (Conc / 734.887)^-0.994327)	Pg/ml	BM-v4.1	MONT	HUMAN	8.329999923706055		8.33		11027-09	1.0			381.0		381.0		381	381	8.329999923706055		8.33		0		90	2007-03-02 13:03:00.0			1807	2009-09-03 15:58:13.451			G:Core ImmunologyCHAVIWNV-HIV 03-02-07 plate1.rbx	Luminex Demo Assay	PLATE1_3-2-07	555.8	NA	LX10005314302	false			9.899999618530273		9.9	X9	A5,B5
249320127	2008-09-17 00:00:00.0		0.7687000036239624	Ag	130	70	IL-10 (23)	Logistic - 4PL	0.2630000114440918	FI = 30.2027 + (24597.9 - 30.2027) / (1 + (Conc / 3429.18)^-1.02781)	Pg/ml	BM-v4.1	MONT	HUMAN	28.280000686645508		28.28		11027-09	1.0			206.3000030517578		206.3000030517578		206.3	206.3	28.280000686645508		28.28		0		53	2007-03-02 13:03:00.0			1807	2009-09-03 15:58:13.451			G:Core ImmunologyCHAVIWNV-HIV 03-02-07 plate1.rbx	Luminex Demo Assay	PLATE1_3-2-07	555.8	NA	LX10005314302	false			0.3499999940395355		0.35	X9	A5,B5
249320127	2009-01-06 00:00:00.0		0.7687000036239624	Ag	130	70	IL-10 (23)	Logistic - 4PL	0.2630000114440918	FI = 30.2027 + (24597.9 - 30.2027) / (1 + (Conc / 3429.18)^-1.02781)	Pg/ml	BM-v4.1	MONT	HUMAN	8.4399995803833		8.44		11024-02	1.0			81.30000305175781		81.30000305175781		81.3	81.3	8.4399995803833		8.44		0		59	2007-03-02 13:03:00.0			1807	2009-09-03 15:58:13.451			G:Core ImmunologyCHAVIWNV-HIV 03-02-07 plate1.rbx	Luminex Demo Assay	PLATE1_3-2-07	555.8	NA	LX10005314302	false			0.3499999940395355		0.35	X15	E6,F6
249320127	2009-01-06 00:00:00.0		0.9812999963760376	Ag	130	70	TNF-alpha (40)	Logistic - 4PL	0.05889999866485596	FI = 36.4813 + (30005.4 - 36.4813) / (1 + (Conc / 734.887)^-0.994327)	Pg/ml	BM-v4.1	MONT	HUMAN	3.0999999046325684		3.1		11024-02	1.0			166.3000030517578		166.3000030517578		166.3	166.3	3.0999999046325684		3.1		0		96	2007-03-02 13:03:00.0			1807	2009-09-03 15:58:13.451			G:Core ImmunologyCHAVIWNV-HIV 03-02-07 plate1.rbx	Luminex Demo Assay	PLATE1_3-2-07	555.8	NA	LX10005314302	false			7.420000076293945		7.42	X15	E6,F6
249320127	2009-01-06 00:00:00.0		0.7455999851226807	Ag	130	70	IL-2 (3)	Logistic - 4PL	0.41029998660087585	FI = 19.961 + (26735.7 - 19.961) / (1 + (Conc / 2042.15)^-1.06114)	Pg/ml	BM-v4.1	MONT	HUMAN	6.070000171661377		6.07		11024-02	1.0			75.5		75.5		75.5	75.5	6.070000171661377		6.07		0		22	2007-03-02 13:03:00.0			1807	2009-09-03 15:58:13.451			G:Core ImmunologyCHAVIWNV-HIV 03-02-07 plate1.rbx	Luminex Demo Assay	PLATE1_3-2-07	555.8	NA	LX10005314302	false			7.78000020980835		7.78	X15	E6,F6
249320127	2009-02-08 00:00:00.0		0.7687000036239624	Ag	130	70	IL-10 (23)	Logistic - 4PL	0.2630000114440918	FI = 30.2027 + (24597.9 - 30.2027) / (1 + (Conc / 3429.18)^-1.02781)	Pg/ml	BM-v4.1	MONT	HUMAN	13.609999656677246		13.61		11024-08	1.0			113.5		113.5		113.5	113.5	13.609999656677246		13.61		0		65	2007-03-02 13:03:00.0			1807	2009-09-03 15:58:13.451			G:Core ImmunologyCHAVIWNV-HIV 03-02-07 plate1.rbx	Luminex Demo Assay	PLATE1_3-2-07	555.8	NA	LX10005314302	false			12.020000457763672		12.02	X21	A8,B8
249320127	2009-02-08 00:00:00.0		0.7455999851226807	Ag	130	70	IL-2 (3)	Logistic - 4PL	0.41029998660087585	FI = 19.961 + (26735.7 - 19.961) / (1 + (Conc / 2042.15)^-1.06114)	Pg/ml	BM-v4.1	MONT	HUMAN	6.590000152587891		6.59		11024-08	1.0			80.5		80.5		80.5	80.5	6.590000152587891		6.59		0		28	2007-03-02 13:03:00.0			1807	2009-09-03 15:58:13.451			G:Core ImmunologyCHAVIWNV-HIV 03-02-07 plate1.rbx	Luminex Demo Assay	PLATE1_3-2-07	555.8	NA	LX10005314302	false			10.609999656677246		10.61	X21	A8,B8
249320127	2009-02-08 00:00:00.0		0.9812999963760376	Ag	130	70	TNF-alpha (40)	Logistic - 4PL	0.05889999866485596	FI = 36.4813 + (30005.4 - 36.4813) / (1 + (Conc / 734.887)^-0.994327)	Pg/ml	BM-v4.1	MONT	HUMAN	3.059999942779541		3.06		11024-08	1.0			164.5		164.5		164.5	164.5	3.059999942779541		3.06		0		102	2007-03-02 13:03:00.0			1807	2009-09-03 15:58:13.451			G:Core ImmunologyCHAVIWNV-HIV 03-02-07 plate1.rbx	Luminex Demo Assay	PLATE1_3-2-07	555.8	NA	LX10005314302	false			14.850000381469727		14.85	X21	A8,B8
249320127	2009-03-12 00:00:00.0		0.9812999963760376	Ag	130	70	TNF-alpha (40)	Logistic - 4PL	0.05889999866485596	FI = 36.4813 + (30005.4 - 36.4813) / (1 + (Conc / 734.887)^-0.994327)	Pg/ml	BM-v4.1	MONT	HUMAN	3.2300000190734863		3.23		11024-14	1.0			171.5		171.5		171.5	171.5	3.2300000190734863		3.23		0		108	2007-03-02 13:03:00.0			1807	2009-09-03 15:58:13.451			G:Core ImmunologyCHAVIWNV-HIV 03-02-07 plate1.rbx	Luminex Demo Assay	PLATE1_3-2-07	555.8	NA	LX10005314302	false			0.7099999785423279		0.71	X27	E9,F9
249320127	2009-03-12 00:00:00.0		0.7455999851226807	Ag	130	70	IL-2 (3)	Logistic - 4PL	0.41029998660087585	FI = 19.961 + (26735.7 - 19.961) / (1 + (Conc / 2042.15)^-1.06114)	Pg/ml	BM-v4.1	MONT	HUMAN	6.380000114440918		6.38		11024-14	1.0			78.5		78.5		78.5	78.5	6.380000114440918		6.38		0		34	2007-03-02 13:03:00.0			1807	2009-09-03 15:58:13.451			G:Core ImmunologyCHAVIWNV-HIV 03-02-07 plate1.rbx	Luminex Demo Assay	PLATE1_3-2-07	555.8	NA	LX10005314302	false			5.659999847412109		5.66	X27	E9,F9
249320127	2009-03-12 00:00:00.0		0.7687000036239624	Ag	130	70	IL-10 (23)	Logistic - 4PL	0.2630000114440918	FI = 30.2027 + (24597.9 - 30.2027) / (1 + (Conc / 3429.18)^-1.02781)	Pg/ml	BM-v4.1	MONT	HUMAN	10.729999542236328		10.73		11024-14	1.0			95.5		95.5		95.5	95.5	10.729999542236328		10.73		0		71	2007-03-02 13:03:00.0			1807	2009-09-03 15:58:13.451			G:Core ImmunologyCHAVIWNV-HIV 03-02-07 plate1.rbx	Luminex Demo Assay	PLATE1_3-2-07	555.8	NA	LX10005314302	false			3.5399999618530273		3.54	X27	E9,F9
249320489	2008-08-20 00:00:00.0		0.7455999851226807	Ag	130	70	IL-2 (3)	Logistic - 4PL	0.41029998660087585	FI = 19.961 + (26735.7 - 19.961) / (1 + (Conc / 2042.15)^-1.06114)	Pg/ml	BM-v4.1	MONT	HUMAN	17.079999923706055		17.08		11027-04	1.0			185.8000030517578		185.8000030517578		185.8	185.8	17.079999923706055		17.08		0		11	2007-03-02 13:03:00.0			1807	2009-09-03 15:58:13.451			G:Core ImmunologyCHAVIWNV-HIV 03-02-07 plate1.rbx	Luminex Demo Assay	PLATE1_3-2-07	555.8	NA	LX10005314302	false			10.25		10.25	X4	G3,H3
249320489	2008-08-20 00:00:00.0		0.7687000036239624	Ag	130	70	IL-10 (23)	Logistic - 4PL	0.2630000114440918	FI = 30.2027 + (24597.9 - 30.2027) / (1 + (Conc / 3429.18)^-1.02781)	Pg/ml	BM-v4.1	MONT	HUMAN	28.31999969482422		28.32		11027-04	1.0			206.5		206.5		206.5	206.5	28.31999969482422		28.32		0		48	2007-03-02 13:03:00.0			1807	2009-09-03 15:58:13.451			G:Core ImmunologyCHAVIWNV-HIV 03-02-07 plate1.rbx	Luminex Demo Assay	PLATE1_3-2-07	555.8	NA	LX10005314302	false			6.360000133514404		6.36	X4	G3,H3
249320489	2008-08-20 00:00:00.0		0.9812999963760376	Ag	130	70	TNF-alpha (40)	Logistic - 4PL	0.05889999866485596	FI = 36.4813 + (30005.4 - 36.4813) / (1 + (Conc / 734.887)^-0.994327)	Pg/ml	BM-v4.1	MONT	HUMAN	5.010000228881836		5.01		11027-04	1.0			245.0		245.0		245	245	5.010000228881836		5.01		0		85	2007-03-02 13:03:00.0			1807	2009-09-03 15:58:13.451			G:Core ImmunologyCHAVIWNV-HIV 03-02-07 plate1.rbx	Luminex Demo Assay	PLATE1_3-2-07	555.8	NA	LX10005314302	false			11.3100004196167		11.31	X4	G3,H3
249320489	2008-09-26 00:00:00.0		0.7455999851226807	Ag	130	70	IL-2 (3)	Logistic - 4PL	0.41029998660087585	FI = 19.961 + (26735.7 - 19.961) / (1 + (Conc / 2042.15)^-1.06114)	Pg/ml	BM-v4.1	MONT	HUMAN	4.170000076293945		4.17		11027-10	1.0			57.29999923706055		57.29999923706055		57.3	57.3	4.170000076293945		4.17		0		17	2007-03-02 13:03:00.0			1807	2009-09-03 15:58:13.451			G:Core ImmunologyCHAVIWNV-HIV 03-02-07 plate1.rbx	Luminex Demo Assay	PLATE1_3-2-07	555.8	NA	LX10005314302	false			1.059999942779541		1.06	X10	C5,D5
249320489	2008-09-26 00:00:00.0		0.7687000036239624	Ag	130	70	IL-10 (23)	Logistic - 4PL	0.2630000114440918	FI = 30.2027 + (24597.9 - 30.2027) / (1 + (Conc / 3429.18)^-1.02781)	Pg/ml	BM-v4.1	MONT	HUMAN	8.5600004196167		8.56		11027-10	1.0			82.0		82.0		82	82	8.5600004196167		8.56		0		54	2007-03-02 13:03:00.0			1807	2009-09-03 15:58:13.451			G:Core ImmunologyCHAVIWNV-HIV 03-02-07 plate1.rbx	Luminex Demo Assay	PLATE1_3-2-07	555.8	NA	LX10005314302	false			2.119999885559082		2.12	X10	C5,D5
249320489	2008-09-26 00:00:00.0		0.9812999963760376	Ag	130	70	TNF-alpha (40)	Logistic - 4PL	0.05889999866485596	FI = 36.4813 + (30005.4 - 36.4813) / (1 + (Conc / 734.887)^-0.994327)	Pg/ml	BM-v4.1	MONT	HUMAN	3.2100000381469727		3.21		11027-10	1.0			170.8000030517578		170.8000030517578		170.8	170.8	3.2100000381469727		3.21		0		91	2007-03-02 13:03:00.0			1807	2009-09-03 15:58:13.451			G:Core ImmunologyCHAVIWNV-HIV 03-02-07 plate1.rbx	Luminex Demo Assay	PLATE1_3-2-07	555.8	NA	LX10005314302	false			7.420000076293945		7.42	X10	C5,D5
249320489	2008-12-03 00:00:00.0		0.7455999851226807	Ag	130	70	IL-2 (3)	Logistic - 4PL	0.41029998660087585	FI = 19.961 + (26735.7 - 19.961) / (1 + (Conc / 2042.15)^-1.06114)	Pg/ml	BM-v4.1	MONT	HUMAN	6.639999866485596		6.64		11024-03	1.0			81.0		81.0		81	81	6.639999866485596		6.64		0		23	2007-03-02 13:03:00.0			1807	2009-09-03 15:58:13.451			G:Core ImmunologyCHAVIWNV-HIV 03-02-07 plate1.rbx	Luminex Demo Assay	PLATE1_3-2-07	555.8	NA	LX10005314302	false			0.7099999785423279		0.71	X16	G6,H6
249320489	2008-12-03 00:00:00.0		0.9812999963760376	Ag	130	70	TNF-alpha (40)	Logistic - 4PL	0.05889999866485596	FI = 36.4813 + (30005.4 - 36.4813) / (1 + (Conc / 734.887)^-0.994327)	Pg/ml	BM-v4.1	MONT	HUMAN	2.9700000286102295		2.97		11024-03	1.0			161.0		161.0		161	161	2.9700000286102295		2.97		0		97	2007-03-02 13:03:00.0			1807	2009-09-03 15:58:13.451			G:Core ImmunologyCHAVIWNV-HIV 03-02-07 plate1.rbx	Luminex Demo Assay	PLATE1_3-2-07	555.8	NA	LX10005314302	false			7.070000171661377		7.07	X16	G6,H6
249320489	2008-12-03 00:00:00.0		0.7687000036239624	Ag	130	70	IL-10 (23)	Logistic - 4PL	0.2630000114440918	FI = 30.2027 + (24597.9 - 30.2027) / (1 + (Conc / 3429.18)^-1.02781)	Pg/ml	BM-v4.1	MONT	HUMAN	8.960000038146973		8.96		11024-03	1.0			84.5		84.5		84.5	84.5	8.960000038146973		8.96		0		60	2007-03-02 13:03:00.0			1807	2009-09-03 15:58:13.451			G:Core ImmunologyCHAVIWNV-HIV 03-02-07 plate1.rbx	Luminex Demo Assay	PLATE1_3-2-07	555.8	NA	LX10005314302	false			4.949999809265137		4.95	X16	G6,H6
249320489	2009-01-15 00:00:00.0		0.7687000036239624	Ag	130	70	IL-10 (23)	Logistic - 4PL	0.2630000114440918	FI = 30.2027 + (24597.9 - 30.2027) / (1 + (Conc / 3429.18)^-1.02781)	Pg/ml	BM-v4.1	MONT	HUMAN	10.40999984741211		10.41		11024-09	1.0			93.5		93.5		93.5	93.5	10.40999984741211		10.41		0		66	2007-03-02 13:03:00.0			1807	2009-09-03 15:58:13.451			G:Core ImmunologyCHAVIWNV-HIV 03-02-07 plate1.rbx	Luminex Demo Assay	PLATE1_3-2-07	555.8	NA	LX10005314302	false			3.5399999618530273		3.54	X22	C8,D8
249320489	2009-01-15 00:00:00.0		0.7455999851226807	Ag	130	70	IL-2 (3)	Logistic - 4PL	0.41029998660087585	FI = 19.961 + (26735.7 - 19.961) / (1 + (Conc / 2042.15)^-1.06114)	Pg/ml	BM-v4.1	MONT	HUMAN	5.159999847412109		5.16		11024-09	1.0			66.80000305175781		66.80000305175781		66.8	66.8	5.159999847412109		5.16		0		29	2007-03-02 13:03:00.0			1807	2009-09-03 15:58:13.451			G:Core ImmunologyCHAVIWNV-HIV 03-02-07 plate1.rbx	Luminex Demo Assay	PLATE1_3-2-07	555.8	NA	LX10005314302	false			8.130000114440918		8.13	X22	C8,D8
249320489	2009-01-15 00:00:00.0		0.9812999963760376	Ag	130	70	TNF-alpha (40)	Logistic - 4PL	0.05889999866485596	FI = 36.4813 + (30005.4 - 36.4813) / (1 + (Conc / 734.887)^-0.994327)	Pg/ml	BM-v4.1	MONT	HUMAN	2.5899999141693115		2.59		11024-09	1.0			145.3000030517578		145.3000030517578		145.3	145.3	2.5899999141693115		2.59		0		103	2007-03-02 13:03:00.0			1807	2009-09-03 15:58:13.451			G:Core ImmunologyCHAVIWNV-HIV 03-02-07 plate1.rbx	Luminex Demo Assay	PLATE1_3-2-07	555.8	NA	LX10005314302	false			3.890000104904175		3.89	X22	C8,D8
249320489	2009-02-05 00:00:00.0		0.9812999963760376	Ag	130	70	TNF-alpha (40)	Logistic - 4PL	0.05889999866485596	FI = 36.4813 + (30005.4 - 36.4813) / (1 + (Conc / 734.887)^-0.994327)	Pg/ml	BM-v4.1	MONT	HUMAN	3.0299999713897705		3.03		6292-01	1.0			163.5		163.5		163.5	163.5	3.0299999713897705		3.03		0		109	2007-03-02 13:03:00.0			1807	2009-09-03 15:58:13.451			G:Core ImmunologyCHAVIWNV-HIV 03-02-07 plate1.rbx	Luminex Demo Assay	PLATE1_3-2-07	555.8	NA	LX10005314302	false			3.5399999618530273		3.54	X28	G9,H9
249320489	2009-02-05 00:00:00.0		0.7455999851226807	Ag	130	70	IL-2 (3)	Logistic - 4PL	0.41029998660087585	FI = 19.961 + (26735.7 - 19.961) / (1 + (Conc / 2042.15)^-1.06114)	Pg/ml	BM-v4.1	MONT	HUMAN	3.7699999809265137		3.77		6292-01	1.0			53.5		53.5		53.5	53.5	3.7699999809265137		3.77		0		35	2007-03-02 13:03:00.0			1807	2009-09-03 15:58:13.451			G:Core ImmunologyCHAVIWNV-HIV 03-02-07 plate1.rbx	Luminex Demo Assay	PLATE1_3-2-07	555.8	NA	LX10005314302	false			17.68000030517578		17.68	X28	G9,H9
249320489	2009-02-05 00:00:00.0		0.7687000036239624	Ag	130	70	IL-10 (23)	Logistic - 4PL	0.2630000114440918	FI = 30.2027 + (24597.9 - 30.2027) / (1 + (Conc / 3429.18)^-1.02781)	Pg/ml	BM-v4.1	MONT	HUMAN	8.15999984741211		8.16		6292-01	1.0			79.5		79.5		79.5	79.5	8.15999984741211		8.16		0		72	2007-03-02 13:03:00.0			1807	2009-09-03 15:58:13.451			G:Core ImmunologyCHAVIWNV-HIV 03-02-07 plate1.rbx	Luminex Demo Assay	PLATE1_3-2-07	555.8	NA	LX10005314302	false			6.360000133514404		6.36	X28	G9,H9
249320897	2008-05-20 00:00:00.0		0.7455999851226807	Ag	130	70	IL-2 (3)	Logistic - 4PL	0.41029998660087585	FI = 19.961 + (26735.7 - 19.961) / (1 + (Conc / 2042.15)^-1.06114)	Pg/ml	BM-v4.1	MONT	HUMAN	20.65999984741211		20.66		11027-05	1.0			222.5		222.5		222.5	222.5	20.65999984741211		20.66		0		12	2007-03-02 13:03:00.0			1807	2009-09-03 15:58:13.451			G:Core ImmunologyCHAVIWNV-HIV 03-02-07 plate1.rbx	Luminex Demo Assay	PLATE1_3-2-07	555.8	NA	LX10005314302	false			14.850000381469727		14.85	X5	A4,B4
249320897	2008-05-20 00:00:00.0		0.7687000036239624	Ag	130	70	IL-10 (23)	Logistic - 4PL	0.2630000114440918	FI = 30.2027 + (24597.9 - 30.2027) / (1 + (Conc / 3429.18)^-1.02781)	Pg/ml	BM-v4.1	MONT	HUMAN	32.33000183105469		32.33		11027-05	1.0			232.0		232.0		232	232	32.33000183105469		32.33		0		49	2007-03-02 13:03:00.0			1807	2009-09-03 15:58:13.451			G:Core ImmunologyCHAVIWNV-HIV 03-02-07 plate1.rbx	Luminex Demo Assay	PLATE1_3-2-07	555.8	NA	LX10005314302	false			14.140000343322754		14.14	X5	A4,B4
249320897	2008-05-20 00:00:00.0		0.9812999963760376	Ag	130	70	TNF-alpha (40)	Logistic - 4PL	0.05889999866485596	FI = 36.4813 + (30005.4 - 36.4813) / (1 + (Conc / 734.887)^-0.994327)	Pg/ml	BM-v4.1	MONT	HUMAN	5.309999942779541		5.31		11027-05	1.0			257.5		257.5		257.5	257.5	5.309999942779541		5.31		0		86	2007-03-02 13:03:00.0			1807	2009-09-03 15:58:13.451			G:Core ImmunologyCHAVIWNV-HIV 03-02-07 plate1.rbx	Luminex Demo Assay	PLATE1_3-2-07	555.8	NA	LX10005314302	false			22.6299991607666		22.63	X5	A4,B4
249320897	2008-06-13 00:00:00.0		0.7455999851226807	Ag	130	70	IL-2 (3)	Logistic - 4PL	0.41029998660087585	FI = 19.961 + (26735.7 - 19.961) / (1 + (Conc / 2042.15)^-1.06114)	Pg/ml	BM-v4.1	MONT	HUMAN	3.880000114440918		3.88		11027-11	1.0			54.5		54.5		54.5	54.5	3.880000114440918		3.88		0		18	2007-03-02 13:03:00.0			1807	2009-09-03 15:58:13.451			G:Core ImmunologyCHAVIWNV-HIV 03-02-07 plate1.rbx	Luminex Demo Assay	PLATE1_3-2-07	555.8	NA	LX10005314302	false			2.119999885559082		2.12	X11	E5,F5
249320897	2008-06-13 00:00:00.0		0.9812999963760376	Ag	130	70	TNF-alpha (40)	Logistic - 4PL	0.05889999866485596	FI = 36.4813 + (30005.4 - 36.4813) / (1 + (Conc / 734.887)^-0.994327)	Pg/ml	BM-v4.1	MONT	HUMAN	3.0		3		11027-11	1.0			162.3000030517578		162.3000030517578		162.3	162.3	3.0		3		0		92	2007-03-02 13:03:00.0			1807	2009-09-03 15:58:13.451			G:Core ImmunologyCHAVIWNV-HIV 03-02-07 plate1.rbx	Luminex Demo Assay	PLATE1_3-2-07	555.8	NA	LX10005314302	false			8.84000015258789		8.84	X11	E5,F5
249320897	2008-06-13 00:00:00.0		0.7687000036239624	Ag	130	70	IL-10 (23)	Logistic - 4PL	0.2630000114440918	FI = 30.2027 + (24597.9 - 30.2027) / (1 + (Conc / 3429.18)^-1.02781)	Pg/ml	BM-v4.1	MONT	HUMAN	6.980000019073486		6.98		11027-11	1.0			72.30000305175781		72.30000305175781		72.3	72.3	6.980000019073486		6.98		0		55	2007-03-02 13:03:00.0			1807	2009-09-03 15:58:13.451			G:Core ImmunologyCHAVIWNV-HIV 03-02-07 plate1.rbx	Luminex Demo Assay	PLATE1_3-2-07	555.8	NA	LX10005314302	false			5.300000190734863		5.3	X11	E5,F5
249320897	2008-07-20 00:00:00.0		0.7687000036239624	Ag	130	70	IL-10 (23)	Logistic - 4PL	0.2630000114440918	FI = 30.2027 + (24597.9 - 30.2027) / (1 + (Conc / 3429.18)^-1.02781)	Pg/ml	BM-v4.1	MONT	HUMAN	7.389999866485596		7.39		11024-04	1.0			74.80000305175781		74.80000305175781		74.8	74.8	7.389999866485596		7.39		0		61	2007-03-02 13:03:00.0			1807	2009-09-03 15:58:13.451			G:Core ImmunologyCHAVIWNV-HIV 03-02-07 plate1.rbx	Luminex Demo Assay	PLATE1_3-2-07	555.8	NA	LX10005314302	false			9.550000190734863		9.55	X17	A7,B7
249320897	2008-07-20 00:00:00.0		0.9812999963760376	Ag	130	70	TNF-alpha (40)	Logistic - 4PL	0.05889999866485596	FI = 36.4813 + (30005.4 - 36.4813) / (1 + (Conc / 734.887)^-0.994327)	Pg/ml	BM-v4.1	MONT	HUMAN	2.9100000858306885		2.91		11024-04	1.0			158.5		158.5		158.5	158.5	2.9100000858306885		2.91		0		98	2007-03-02 13:03:00.0			1807	2009-09-03 15:58:13.451			G:Core ImmunologyCHAVIWNV-HIV 03-02-07 plate1.rbx	Luminex Demo Assay	PLATE1_3-2-07	555.8	NA	LX10005314302	false			16.969999313354492		16.97	X17	A7,B7
249320897	2008-07-20 00:00:00.0		0.7455999851226807	Ag	130	70	IL-2 (3)	Logistic - 4PL	0.41029998660087585	FI = 19.961 + (26735.7 - 19.961) / (1 + (Conc / 2042.15)^-1.06114)	Pg/ml	BM-v4.1	MONT	HUMAN	5.269999980926514		5.27		11024-04	1.0			67.80000305175781		67.80000305175781		67.8	67.8	5.269999980926514		5.27		0		24	2007-03-02 13:03:00.0			1807	2009-09-03 15:58:13.451			G:Core ImmunologyCHAVIWNV-HIV 03-02-07 plate1.rbx	Luminex Demo Assay	PLATE1_3-2-07	555.8	NA	LX10005314302	false			8.130000114440918		8.13	X17	A7,B7
249320897	2008-08-14 00:00:00.0		0.7455999851226807	Ag	130	70	IL-2 (3)	Logistic - 4PL	0.41029998660087585	FI = 19.961 + (26735.7 - 19.961) / (1 + (Conc / 2042.15)^-1.06114)	Pg/ml	BM-v4.1	MONT	HUMAN	7.0		7		11024-10	1.0			84.5		84.5		84.5	84.5	7.0		7		0		30	2007-03-02 13:03:00.0			1807	2009-09-03 15:58:13.451			G:Core ImmunologyCHAVIWNV-HIV 03-02-07 plate1.rbx	Luminex Demo Assay	PLATE1_3-2-07	555.8	NA	LX10005314302	false			12.020000457763672		12.02	X23	E8,F8
249320897	2008-08-14 00:00:00.0		0.9812999963760376	Ag	130	70	TNF-alpha (40)	Logistic - 4PL	0.05889999866485596	FI = 36.4813 + (30005.4 - 36.4813) / (1 + (Conc / 734.887)^-0.994327)	Pg/ml	BM-v4.1	MONT	HUMAN	3.240000009536743		3.24		11024-10	1.0			172.0		172.0		172	172	3.240000009536743		3.24		0		104	2007-03-02 13:03:00.0			1807	2009-09-03 15:58:13.451			G:Core ImmunologyCHAVIWNV-HIV 03-02-07 plate1.rbx	Luminex Demo Assay	PLATE1_3-2-07	555.8	NA	LX10005314302	false			4.239999771118164		4.24	X23	E8,F8
249320897	2008-08-14 00:00:00.0		0.7687000036239624	Ag	130	70	IL-10 (23)	Logistic - 4PL	0.2630000114440918	FI = 30.2027 + (24597.9 - 30.2027) / (1 + (Conc / 3429.18)^-1.02781)	Pg/ml	BM-v4.1	MONT	HUMAN	12.890000343322754		12.89		11024-10	1.0			109.0		109.0		109	109	12.890000343322754		12.89		0		67	2007-03-02 13:03:00.0			1807	2009-09-03 15:58:13.451			G:Core ImmunologyCHAVIWNV-HIV 03-02-07 plate1.rbx	Luminex Demo Assay	PLATE1_3-2-07	555.8	NA	LX10005314302	false			0.0		0	X23	E8,F8
249320897	2009-01-03 00:00:00.0		0.7687000036239624	Ag	130	70	IL-10 (23)	Logistic - 4PL	0.2630000114440918	FI = 30.2027 + (24597.9 - 30.2027) / (1 + (Conc / 3429.18)^-1.02781)	Pg/ml	BM-v4.1	MONT	HUMAN	7.909999847412109		7.91		6292-02	1.0			78.0		78.0		78	78	7.909999847412109		7.91		0		73	2007-03-02 13:03:00.0			1807	2009-09-03 15:58:13.451			G:Core ImmunologyCHAVIWNV-HIV 03-02-07 plate1.rbx	Luminex Demo Assay	PLATE1_3-2-07	555.8	NA	LX10005314302	false			28.280000686645508		28.28	X29	A10,B10
249320897	2009-01-03 00:00:00.0		0.7455999851226807	Ag	130	70	IL-2 (3)	Logistic - 4PL	0.41029998660087585	FI = 19.961 + (26735.7 - 19.961) / (1 + (Conc / 2042.15)^-1.06114)	Pg/ml	BM-v4.1	MONT	HUMAN	5.400000095367432		5.4		6292-02	1.0			69.0		69.0		69	69	5.400000095367432		5.4		0		36	2007-03-02 13:03:00.0			1807	2009-09-03 15:58:13.451			G:Core ImmunologyCHAVIWNV-HIV 03-02-07 plate1.rbx	Luminex Demo Assay	PLATE1_3-2-07	555.8	NA	LX10005314302	false			25.459999084472656		25.46	X29	A10,B10
249320897	2009-01-03 00:00:00.0		0.9812999963760376	Ag	130	70	TNF-alpha (40)	Logistic - 4PL	0.05889999866485596	FI = 36.4813 + (30005.4 - 36.4813) / (1 + (Conc / 734.887)^-0.994327)	Pg/ml	BM-v4.1	MONT	HUMAN	2.1700000762939453		2.17		6292-02	1.0			127.5		127.5		127.5	127.5	2.1700000762939453		2.17		0		110	2007-03-02 13:03:00.0			1807	2009-09-03 15:58:13.451			G:Core ImmunologyCHAVIWNV-HIV 03-02-07 plate1.rbx	Luminex Demo Assay	PLATE1_3-2-07	555.8	NA	LX10005314302	false			41.720001220703125		41.72	X29	A10,B10
249325717	2008-04-27 00:00:00.0		0.9812999963760376	Ag	130	70	TNF-alpha (40)	Logistic - 4PL	0.05889999866485596	FI = 36.4813 + (30005.4 - 36.4813) / (1 + (Conc / 734.887)^-0.994327)	Pg/ml	BM-v4.1	MONT	HUMAN	2.6500000953674316		2.65		11027-06	1.0			147.8000030517578		147.8000030517578		147.8	147.8	2.6500000953674316		2.65		0		87	2007-03-02 13:03:00.0			1807	2009-09-03 15:58:13.451			G:Core ImmunologyCHAVIWNV-HIV 03-02-07 plate1.rbx	Luminex Demo Assay	PLATE1_3-2-07	555.8	NA	LX10005314302	false			9.550000190734863		9.55	X6	C4,D4
249325717	2008-04-27 00:00:00.0		0.7455999851226807	Ag	130	70	IL-2 (3)	Logistic - 4PL	0.41029998660087585	FI = 19.961 + (26735.7 - 19.961) / (1 + (Conc / 2042.15)^-1.06114)	Pg/ml	BM-v4.1	MONT	HUMAN	13.199999809265137		13.2		11027-06	1.0			146.3000030517578		146.3000030517578		146.3	146.3	13.199999809265137		13.2		0		13	2007-03-02 13:03:00.0			1807	2009-09-03 15:58:13.451			G:Core ImmunologyCHAVIWNV-HIV 03-02-07 plate1.rbx	Luminex Demo Assay	PLATE1_3-2-07	555.8	NA	LX10005314302	false			3.890000104904175		3.89	X6	C4,D4
249325717	2008-04-27 00:00:00.0		0.7687000036239624	Ag	130	70	IL-10 (23)	Logistic - 4PL	0.2630000114440918	FI = 30.2027 + (24597.9 - 30.2027) / (1 + (Conc / 3429.18)^-1.02781)	Pg/ml	BM-v4.1	MONT	HUMAN	23.360000610351562		23.36		11027-06	1.0			175.0		175.0		175	175	23.360000610351562		23.36		0		50	2007-03-02 13:03:00.0			1807	2009-09-03 15:58:13.451			G:Core ImmunologyCHAVIWNV-HIV 03-02-07 plate1.rbx	Luminex Demo Assay	PLATE1_3-2-07	555.8	NA	LX10005314302	false			11.3100004196167		11.31	X6	C4,D4
249325717	2008-05-21 00:00:00.0		0.7455999851226807	Ag	130	70	IL-2 (3)	Logistic - 4PL	0.41029998660087585	FI = 19.961 + (26735.7 - 19.961) / (1 + (Conc / 2042.15)^-1.06114)	Pg/ml	BM-v4.1	MONT	HUMAN	4.820000171661377		4.82		11027-12	1.0			63.5		63.5		63.5	63.5	4.820000171661377		4.82		0		19	2007-03-02 13:03:00.0			1807	2009-09-03 15:58:13.451			G:Core ImmunologyCHAVIWNV-HIV 03-02-07 plate1.rbx	Luminex Demo Assay	PLATE1_3-2-07	555.8	NA	LX10005314302	false			0.7099999785423279		0.71	X12	G5,H5
249325717	2008-05-21 00:00:00.0		0.7687000036239624	Ag	130	70	IL-10 (23)	Logistic - 4PL	0.2630000114440918	FI = 30.2027 + (24597.9 - 30.2027) / (1 + (Conc / 3429.18)^-1.02781)	Pg/ml	BM-v4.1	MONT	HUMAN	8.640000343322754		8.64		11027-12	1.0			82.5		82.5		82.5	82.5	8.640000343322754		8.64		0		56	2007-03-02 13:03:00.0			1807	2009-09-03 15:58:13.451			G:Core ImmunologyCHAVIWNV-HIV 03-02-07 plate1.rbx	Luminex Demo Assay	PLATE1_3-2-07	555.8	NA	LX10005314302	false			6.360000133514404		6.36	X12	G5,H5
249325717	2008-05-21 00:00:00.0		0.9812999963760376	Ag	130	70	TNF-alpha (40)	Logistic - 4PL	0.05889999866485596	FI = 36.4813 + (30005.4 - 36.4813) / (1 + (Conc / 734.887)^-0.994327)	Pg/ml	BM-v4.1	MONT	HUMAN	3.069999933242798		3.07		11027-12	1.0			165.0		165.0		165	165	3.069999933242798		3.07		0		93	2007-03-02 13:03:00.0			1807	2009-09-03 15:58:13.451			G:Core ImmunologyCHAVIWNV-HIV 03-02-07 plate1.rbx	Luminex Demo Assay	PLATE1_3-2-07	555.8	NA	LX10005314302	false			1.409999966621399		1.41	X12	G5,H5
249325717	2008-06-28 00:00:00.0		0.7687000036239624	Ag	130	70	IL-10 (23)	Logistic - 4PL	0.2630000114440918	FI = 30.2027 + (24597.9 - 30.2027) / (1 + (Conc / 3429.18)^-1.02781)	Pg/ml	BM-v4.1	MONT	HUMAN	10.8100004196167		10.81		11024-05	1.0			96.0		96.0		96	96	10.8100004196167		10.81		0		62	2007-03-02 13:03:00.0			1807	2009-09-03 15:58:13.451			G:Core ImmunologyCHAVIWNV-HIV 03-02-07 plate1.rbx	Luminex Demo Assay	PLATE1_3-2-07	555.8	NA	LX10005314302	false			2.8299999237060547		2.83	X18	C7,D7
249325717	2008-06-28 00:00:00.0		0.9812999963760376	Ag	130	70	TNF-alpha (40)	Logistic - 4PL	0.05889999866485596	FI = 36.4813 + (30005.4 - 36.4813) / (1 + (Conc / 734.887)^-0.994327)	Pg/ml	BM-v4.1	MONT	HUMAN	4.800000190734863		4.8		11024-05	1.0			236.5		236.5		236.5	236.5	4.800000190734863		4.8		0		99	2007-03-02 13:03:00.0			1807	2009-09-03 15:58:13.451			G:Core ImmunologyCHAVIWNV-HIV 03-02-07 plate1.rbx	Luminex Demo Assay	PLATE1_3-2-07	555.8	NA	LX10005314302	false			6.360000133514404		6.36	X18	C7,D7
249325717	2008-06-28 00:00:00.0		0.7455999851226807	Ag	130	70	IL-2 (3)	Logistic - 4PL	0.41029998660087585	FI = 19.961 + (26735.7 - 19.961) / (1 + (Conc / 2042.15)^-1.06114)	Pg/ml	BM-v4.1	MONT	HUMAN	5.710000038146973		5.71		11024-05	1.0			72.0		72.0		72	72	5.710000038146973		5.71		0		25	2007-03-02 13:03:00.0			1807	2009-09-03 15:58:13.451			G:Core ImmunologyCHAVIWNV-HIV 03-02-07 plate1.rbx	Luminex Demo Assay	PLATE1_3-2-07	555.8	NA	LX10005314302	false			0.0		0	X18	C7,D7
249325717	2008-07-20 00:00:00.0		0.7687000036239624	Ag	130	70	IL-10 (23)	Logistic - 4PL	0.2630000114440918	FI = 30.2027 + (24597.9 - 30.2027) / (1 + (Conc / 3429.18)^-1.02781)	Pg/ml	BM-v4.1	MONT	HUMAN	11.369999885559082		11.37		11024-11	1.0			99.5		99.5		99.5	99.5	11.369999885559082		11.37		0		68	2007-03-02 13:03:00.0			1807	2009-09-03 15:58:13.451			G:Core ImmunologyCHAVIWNV-HIV 03-02-07 plate1.rbx	Luminex Demo Assay	PLATE1_3-2-07	555.8	NA	LX10005314302	false			3.5399999618530273		3.54	X24	G8,H8
249325717	2008-07-20 00:00:00.0		0.7455999851226807	Ag	130	70	IL-2 (3)	Logistic - 4PL	0.41029998660087585	FI = 19.961 + (26735.7 - 19.961) / (1 + (Conc / 2042.15)^-1.06114)	Pg/ml	BM-v4.1	MONT	HUMAN	4.929999828338623		4.93		11024-11	1.0			64.5		64.5		64.5	64.5	4.929999828338623		4.93		0		31	2007-03-02 13:03:00.0			1807	2009-09-03 15:58:13.451			G:Core ImmunologyCHAVIWNV-HIV 03-02-07 plate1.rbx	Luminex Demo Assay	PLATE1_3-2-07	555.8	NA	LX10005314302	false			6.360000133514404		6.36	X24	G8,H8
249325717	2008-07-20 00:00:00.0		0.9812999963760376	Ag	130	70	TNF-alpha (40)	Logistic - 4PL	0.05889999866485596	FI = 36.4813 + (30005.4 - 36.4813) / (1 + (Conc / 734.887)^-0.994327)	Pg/ml	BM-v4.1	MONT	HUMAN	2.890000104904175		2.89		11024-11	1.0			157.5		157.5		157.5	157.5	2.890000104904175		2.89		0		105	2007-03-02 13:03:00.0			1807	2009-09-03 15:58:13.451			G:Core ImmunologyCHAVIWNV-HIV 03-02-07 plate1.rbx	Luminex Demo Assay	PLATE1_3-2-07	555.8	NA	LX10005314302	false			6.360000133514404		6.36	X24	G8,H8
249325717	2008-11-23 00:00:00.0		0.7687000036239624	Ag	130	70	IL-10 (23)	Logistic - 4PL	0.2630000114440918	FI = 30.2027 + (24597.9 - 30.2027) / (1 + (Conc / 3429.18)^-1.02781)	Pg/ml	BM-v4.1	MONT	HUMAN	8.880000114440918		8.88		6292-03	1.0			84.0		84.0		84	84	8.880000114440918		8.88		0		74	2007-03-02 13:03:00.0			1807	2009-09-03 15:58:13.451			G:Core ImmunologyCHAVIWNV-HIV 03-02-07 plate1.rbx	Luminex Demo Assay	PLATE1_3-2-07	555.8	NA	LX10005314302	false			0.0		0	X30	C10,D10
249325717	2008-11-23 00:00:00.0		0.9812999963760376	Ag	130	70	TNF-alpha (40)	Logistic - 4PL	0.05889999866485596	FI = 36.4813 + (30005.4 - 36.4813) / (1 + (Conc / 734.887)^-0.994327)	Pg/ml	BM-v4.1	MONT	HUMAN	2.619999885559082		2.62		6292-03	1.0			146.5		146.5		146.5	146.5	2.619999885559082		2.62		0		111	2007-03-02 13:03:00.0			1807	2009-09-03 15:58:13.451			G:Core ImmunologyCHAVIWNV-HIV 03-02-07 plate1.rbx	Luminex Demo Assay	PLATE1_3-2-07	555.8	NA	LX10005314302	false			6.360000133514404		6.36	X30	C10,D10
249325717	2008-11-23 00:00:00.0		0.7455999851226807	Ag	130	70	IL-2 (3)	Logistic - 4PL	0.41029998660087585	FI = 19.961 + (26735.7 - 19.961) / (1 + (Conc / 2042.15)^-1.06114)	Pg/ml	BM-v4.1	MONT	HUMAN	5.809999942779541		5.81		6292-03	1.0			73.0		73.0		73	73	5.809999942779541		5.81		0		37	2007-03-02 13:03:00.0			1807	2009-09-03 15:58:13.451			G:Core ImmunologyCHAVIWNV-HIV 03-02-07 plate1.rbx	Luminex Demo Assay	PLATE1_3-2-07	555.8	NA	LX10005314302	false			8.489999771118164		8.49	X30	C10,D10
