<?xml version="1.0" encoding="UTF-8"?>
<datasets metaDataFile="datasets_metadata.xml" xmlns="http://labkey.org/study/xml">
  <datasets>
    <dataset name="GenericAssay" id="5010" category="Assays"/>
    <dataset name="ELISpotAssay" id="5012" category="Assays"/>
    <dataset name="NAbAssay" id="5013" category="Assays"/>
    <dataset name="LuminexAssay" id="5014" category="Assays"/>
    <dataset name="Microarray Test" id="5015" category="Assays"/>
    <dataset name="FileBasedAssay" id="5016" category="Assays"/>
    <dataset name="Participation and Genetic Consent" id="5017" category="Consent" demographicData="true"/>
    <dataset name="Physical Exam" id="5004" category="Exams"/>
    <dataset name="Demographics" id="5008" category="Exams" demographicData="true"/>
    <dataset name="Status Assessment" id="5009" category="Status"/>
    <dataset name="HIV Test Results" id="5006" category="Tests"/>
    <dataset name="Lab Results" id="5007" category="Tests"/>
  </datasets>
</datasets>