<?xml version="1.0" encoding="UTF-8"?>
<participantGroups xmlns="http://labkey.org/study/xml/participantGroups">
  <participantCategory label="Controller" type="list" autoUpdate="false" datasetId="0">
    <group label="Controller" categoryLabel="Controller">
      <participantId>999320021</participantId>
      <participantId>999320010</participantId>
      <participantId>999320029</participantId>
      <participantId>999320016</participantId>
      <participantId>999320018</participantId>
    </group>
  </participantCategory>
  <participantCategory label="Elite Controller" type="list" autoUpdate="false" datasetId="0">
    <group label="Elite Controller" categoryLabel="Elite Controller">
      <participantId>999320038</participantId>
      <participantId>999320033</participantId>
      <participantId>999320036</participantId>
    </group>
  </participantCategory>
</participantGroups>