<?xml version="1.0" encoding="UTF-8"?>
<!--Exported from LabKey Server at http://localhost:8080/labkey/project/TestStudyDemoBit/begin.view by dave on Tue Oct 21 15:54:41 PDT 2014-->
<study archiveVersion="14.24" label="Study 001" timepointType="VISIT" subjectNounSingular="Mouse" subjectNounPlural="Mice" subjectColumnName="MouseId" investigator="" grant="" species="" alternateIdPrefix="" alternateIdDigits="6" defaultTimepointDuration="1" startDate="2009-08-17-07:00" securityType="BASIC_READ" xmlns="http://labkey.org/study/xml">
  <assaySchedule dir="assaySchedule"/>
  <cohorts type="MANUAL" mode="SIMPLE" file="cohorts.xml"/>
  <datasets dir="datasets" file="datasets_manifest.xml">
    <definition file="Study.dataset"/>
  </datasets>
  <comments/>
  <qcStates file="quality_control_states.xml"/>
  <specimens dir="specimens" settings="specimen_settings.xml"/>
  <treatmentData dir="treatmentData"/>
  <visits file="visit_map.xml"/>
  <studyViews dir="views" settings="settings.xml"/>
  <participantAliasDataset datasetId="5002" aliasProperty="Alt ID" sourceProperty="Source"/>
  <studyDescription rendererType="TEXT_WITH_LINKS">
    <description xsi:nil="true" xmlns:xsi="http://www.w3.org/2001/XMLSchema-instance"/>
  </studyDescription>
  <properties dir="properties"/>
</study>