<?xml version="1.0" encoding="UTF-8"?>
<datasets metaDataFile="datasets_metadata.xml" xmlns="http://labkey.org/study/xml">
  <datasets>
    <dataset name="GenericAssay" id="5010" category="Assays" type="Standard">
      <tags/>
    </dataset>
    <dataset name="LuminexAssay" id="5014" category="Assays" type="Standard">
      <tags/>
    </dataset>
    <dataset name="Physical Exam" id="5004" category="Exams" type="Standard">
      <tags/>
    </dataset>
    <dataset name="Demographics" id="5008" category="Exams" demographicData="true" type="Standard">
      <tags/>
    </dataset>
    <dataset name="HIV Test Results" id="5006" category="Tests" type="Standard">
      <tags/>
    </dataset>
    <dataset name="Lab Results" id="5007" category="Tests" type="Standard">
      <tags/>
    </dataset>
  </datasets>
</datasets>