<?xml version="1.0" encoding="UTF-8"?>
<tables xmlns="http://labkey.org/data/xml">
  <table tableName="GenericAssay" tableDbType="TABLE">
    <description>Contains up to one row of GenericAssay data for each Participant/Date/ObjectId combination.</description>
    <columns>
      <column columnName="ParticipantId">
        <datatype>varchar</datatype>
        <columnTitle>Participant ID</columnTitle>
        <description>Subject identifier</description>
        <propertyURI>http://cpas.labkey.com/Study#ParticipantId</propertyURI>
        <nullable>false</nullable>
        <importAliases>
          <importAlias>ptid</importAlias>
        </importAliases>
        <fk>
          <fkDbSchema>study</fkDbSchema>
          <fkTable>Participant</fkTable>
          <fkColumnName>ParticipantId</fkColumnName>
        </fk>
      </column>
      <column columnName="date">
        <datatype>timestamp</datatype>
        <columnTitle>Date</columnTitle>
        <propertyURI>http://cpas.labkey.com/Study#VisitDate</propertyURI>
        <conceptURI>http://cpas.labkey.com/Study#VisitDate</conceptURI>
        <nullable>false</nullable>
      </column>
      <column columnName="BatchMachine">
        <datatype>varchar</datatype>
        <inputType>textarea</inputType>
        <columnTitle>Batch Machine</columnTitle>
      </column>
      <column columnName="BatchOperatorEmail">
        <datatype>varchar</datatype>
        <inputType>textarea</inputType>
        <columnTitle>Batch Operator Email</columnTitle>
        <description>The person who ran the diagnostic test.</description>
      </column>
      <column columnName="M1">
        <datatype>integer</datatype>
        <columnTitle>M1</columnTitle>
      </column>
      <column columnName="M2">
        <datatype>integer</datatype>
        <columnTitle>M2</columnTitle>
      </column>
      <column columnName="M3">
        <datatype>double</datatype>
        <columnTitle>M3</columnTitle>
      </column>
      <column columnName="ObjectId">
        <datatype>integer</datatype>
        <columnTitle>ObjectId</columnTitle>
        <measure>true</measure>
        <isKeyField>true</isKeyField>
      </column>
      <column columnName="RunComments">
        <datatype>varchar</datatype>
        <inputType>textarea</inputType>
        <columnTitle>Comments</columnTitle>
      </column>
      <column columnName="RunCreatedBy">
        <datatype>integer</datatype>
        <columnTitle>Created By</columnTitle>
        <fk>
          <fkDbSchema>core</fkDbSchema>
          <fkTable>Users</fkTable>
          <fkColumnName>UserId</fkColumnName>
        </fk>
      </column>
      <column columnName="RunCreatedOn">
        <datatype>timestamp</datatype>
        <columnTitle>Created</columnTitle>
      </column>
      <column columnName="RunMachineSetting">
        <datatype>integer</datatype>
        <columnTitle>Machine Setting</columnTitle>
      </column>
      <column columnName="RunName">
        <datatype>varchar</datatype>
        <inputType>textarea</inputType>
        <columnTitle>Assay Id</columnTitle>
        <description>The assay/experiment ID that uniquely identifies this assay run.</description>
      </column>
    </columns>
    <tableTitle>GenericAssay</tableTitle>
  </table>
  <table tableName="LuminexAssay" tableDbType="TABLE">
    <description>Contains up to one row of LuminexAssay data for each Participant/Date/RowId combination.</description>
    <columns>
      <column columnName="ParticipantId">
        <datatype>varchar</datatype>
        <columnTitle>Participant ID</columnTitle>
        <description>Subject identifier</description>
        <propertyURI>http://cpas.labkey.com/Study#ParticipantId</propertyURI>
        <nullable>false</nullable>
        <importAliases>
          <importAlias>ptid</importAlias>
        </importAliases>
        <fk>
          <fkDbSchema>study</fkDbSchema>
          <fkTable>Participant</fkTable>
          <fkColumnName>ParticipantId</fkColumnName>
        </fk>
      </column>
      <column columnName="date">
        <datatype>timestamp</datatype>
        <columnTitle>Date</columnTitle>
        <propertyURI>http://cpas.labkey.com/Study#VisitDate</propertyURI>
        <conceptURI>http://cpas.labkey.com/Study#VisitDate</conceptURI>
        <nullable>false</nullable>
      </column>
      <column columnName="AnalyteFitProb">
        <datatype>double</datatype>
        <columnTitle>Analyte FitProb</columnTitle>
        <formatString>0.###</formatString>
      </column>
      <column columnName="AnalyteIsotype">
        <datatype>varchar</datatype>
        <inputType>textarea</inputType>
        <columnTitle>Analyte Isotype</columnTitle>
      </column>
      <column columnName="AnalyteMaxStandardRecovery">
        <datatype>integer</datatype>
        <columnTitle>Analyte MaxStandardRecovery</columnTitle>
      </column>
      <column columnName="AnalyteMinStandardRecovery">
        <datatype>integer</datatype>
        <columnTitle>Analyte MinStandardRecovery</columnTitle>
      </column>
      <column columnName="AnalyteName">
        <datatype>varchar</datatype>
        <inputType>textarea</inputType>
        <columnTitle>Analyte Name</columnTitle>
        <dimension>true</dimension>
      </column>
      <column columnName="AnalyteRegressionType">
        <datatype>varchar</datatype>
        <inputType>textarea</inputType>
        <columnTitle>Analyte RegressionType</columnTitle>
      </column>
      <column columnName="AnalyteResVar">
        <datatype>double</datatype>
        <columnTitle>Analyte ResVar</columnTitle>
        <formatString>0.###</formatString>
      </column>
      <column columnName="AnalyteStdCurve">
        <datatype>varchar</datatype>
        <inputType>textarea</inputType>
        <columnTitle>Analyte StdCurve</columnTitle>
      </column>
      <column columnName="AnalyteUnitsOfConcentration">
        <datatype>varchar</datatype>
        <inputType>textarea</inputType>
        <columnTitle>Analyte Units of Concentration</columnTitle>
      </column>
      <column columnName="BatchAnalysisSoftware">
        <datatype>varchar</datatype>
        <inputType>textarea</inputType>
        <columnTitle>Analysis Software</columnTitle>
      </column>
      <column columnName="BatchLabID">
        <datatype>varchar</datatype>
        <inputType>textarea</inputType>
        <columnTitle>Lab ID</columnTitle>
      </column>
      <column columnName="BatchSpecies">
        <datatype>varchar</datatype>
        <inputType>textarea</inputType>
        <columnTitle>Species</columnTitle>
      </column>
      <column columnName="ConcInRange">
        <datatype>double</datatype>
        <columnTitle>ConcInRange</columnTitle>
        <formatString>0.###</formatString>
      </column>
      <column columnName="ConcInRangeOORIndicator">
        <datatype>varchar</datatype>
        <inputType>textarea</inputType>
        <columnTitle>ConcInRange OOR Indicator</columnTitle>
      </column>
      <column columnName="ConcInRangeNumber">
        <datatype>double</datatype>
        <columnTitle>ConcInRange Number</columnTitle>
        <formatString>0.###</formatString>
      </column>
      <column columnName="ConcInRangeString">
        <datatype>varchar</datatype>
        <inputType>textarea</inputType>
        <columnTitle>ConcInRangeString</columnTitle>
      </column>
      <column columnName="DataRowGroup">
        <datatype>varchar</datatype>
        <inputType>textarea</inputType>
        <columnTitle>DataRowGroup</columnTitle>
      </column>
      <column columnName="Description">
        <datatype>varchar</datatype>
        <inputType>textarea</inputType>
        <columnTitle>Description</columnTitle>
      </column>
      <column columnName="Dilution">
        <datatype>double</datatype>
        <columnTitle>Dilution</columnTitle>
        <formatString>0.###</formatString>
      </column>
      <column columnName="ExpConc">
        <datatype>double</datatype>
        <columnTitle>ExpConc</columnTitle>
        <formatString>0.###</formatString>
      </column>
      <column columnName="ExtraSpecimenInfo">
        <datatype>varchar</datatype>
        <inputType>textarea</inputType>
        <columnTitle>ExtraSpecimenInfo</columnTitle>
      </column>
      <column columnName="FI">
        <datatype>double</datatype>
        <columnTitle>FI</columnTitle>
        <formatString>0.###</formatString>
      </column>
      <column columnName="FIOORIndicator">
        <datatype>varchar</datatype>
        <inputType>textarea</inputType>
        <columnTitle>FI OOR Indicator</columnTitle>
      </column>
      <column columnName="FINumber">
        <datatype>double</datatype>
        <columnTitle>FI Number</columnTitle>
        <formatString>0.###</formatString>
      </column>
      <column columnName="FIBackground">
        <datatype>double</datatype>
        <columnTitle>FIBackground</columnTitle>
        <formatString>0.###</formatString>
      </column>
      <column columnName="FIBackgroundOORIndicator">
        <datatype>varchar</datatype>
        <inputType>textarea</inputType>
        <columnTitle>FIBackground OOR Indicator</columnTitle>
      </column>
      <column columnName="FIBackgroundNumber">
        <datatype>double</datatype>
        <columnTitle>FIBackground Number</columnTitle>
        <formatString>0.###</formatString>
      </column>
      <column columnName="FIBackgroundString">
        <datatype>varchar</datatype>
        <inputType>textarea</inputType>
        <columnTitle>FIBackgroundString</columnTitle>
      </column>
      <column columnName="FIString">
        <datatype>varchar</datatype>
        <inputType>textarea</inputType>
        <columnTitle>FIString</columnTitle>
      </column>
      <column columnName="ObsConc">
        <datatype>double</datatype>
        <columnTitle>ObsConc</columnTitle>
        <formatString>0.###</formatString>
      </column>
      <column columnName="ObsConcOORIndicator">
        <datatype>varchar</datatype>
        <inputType>textarea</inputType>
        <columnTitle>ObsConc OOR Indicator</columnTitle>
      </column>
      <column columnName="ObsConcNumber">
        <datatype>double</datatype>
        <columnTitle>ObsConc Number</columnTitle>
        <formatString>0.###</formatString>
      </column>
      <column columnName="ObsConcString">
        <datatype>varchar</datatype>
        <inputType>textarea</inputType>
        <columnTitle>ObsConcString</columnTitle>
      </column>
      <column columnName="ObsOverExp">
        <datatype>double</datatype>
        <columnTitle>ObsOverExp</columnTitle>
        <formatString>0.###</formatString>
      </column>
      <column columnName="Outlier">
        <datatype>integer</datatype>
        <columnTitle>Outlier</columnTitle>
      </column>
      <column columnName="Ratio">
        <datatype>varchar</datatype>
        <inputType>textarea</inputType>
        <columnTitle>Ratio</columnTitle>
      </column>
      <column columnName="RowId">
        <datatype>integer</datatype>
        <columnTitle>RowId</columnTitle>
        <isKeyField>true</isKeyField>
      </column>
      <column columnName="RunAcquisitionDate">
        <datatype>timestamp</datatype>
        <columnTitle>Acquisition Date</columnTitle>
      </column>
      <column columnName="RunAdditive">
        <datatype>varchar</datatype>
        <inputType>textarea</inputType>
        <columnTitle>Additive</columnTitle>
      </column>
      <column columnName="RunComments">
        <datatype>varchar</datatype>
        <inputType>textarea</inputType>
        <columnTitle>Comments</columnTitle>
      </column>
      <column columnName="RunCreatedBy">
        <datatype>integer</datatype>
        <columnTitle>Created By</columnTitle>
        <fk>
          <fkDbSchema>core</fkDbSchema>
          <fkTable>Users</fkTable>
          <fkColumnName>UserId</fkColumnName>
        </fk>
      </column>
      <column columnName="RunCreatedOn">
        <datatype>timestamp</datatype>
        <columnTitle>Created</columnTitle>
      </column>
      <column columnName="RunDateModified">
        <datatype>timestamp</datatype>
        <columnTitle>Date file was modified</columnTitle>
      </column>
      <column columnName="RunDerivative">
        <datatype>varchar</datatype>
        <inputType>textarea</inputType>
        <columnTitle>Derivative</columnTitle>
      </column>
      <column columnName="RunFileName">
        <datatype>varchar</datatype>
        <inputType>textarea</inputType>
        <columnTitle>File Name</columnTitle>
      </column>
      <column columnName="RunName">
        <datatype>varchar</datatype>
        <inputType>textarea</inputType>
        <columnTitle>Assay Id</columnTitle>
        <description>The assay/experiment ID that uniquely identifies this assay run.</description>
      </column>
      <column columnName="RunPlateID">
        <datatype>varchar</datatype>
        <inputType>textarea</inputType>
        <columnTitle>Plate ID</columnTitle>
      </column>
      <column columnName="RunRP1PMTvolts">
        <datatype>double</datatype>
        <columnTitle>RP1 PMT (Volts)</columnTitle>
      </column>
      <column columnName="RunRP1Target">
        <datatype>varchar</datatype>
        <inputType>textarea</inputType>
        <columnTitle>RP1 Target</columnTitle>
      </column>
      <column columnName="RunReaderSerialNumber">
        <datatype>varchar</datatype>
        <inputType>textarea</inputType>
        <columnTitle>Reader Serial Number</columnTitle>
      </column>
      <column columnName="RunReplacesPreviousFile">
        <datatype>boolean</datatype>
        <columnTitle>Replaces Previous File</columnTitle>
      </column>
      <column columnName="RunSpecimenType">
        <datatype>varchar</datatype>
        <inputType>textarea</inputType>
        <columnTitle>Specimen Type</columnTitle>
      </column>
      <column columnName="SamplingErrors">
        <datatype>varchar</datatype>
        <inputType>textarea</inputType>
        <columnTitle>SamplingErrors</columnTitle>
      </column>
      <column columnName="StdDev">
        <datatype>double</datatype>
        <columnTitle>StdDev</columnTitle>
        <formatString>0.###</formatString>
      </column>
      <column columnName="StdDevOORIndicator">
        <datatype>varchar</datatype>
        <inputType>textarea</inputType>
        <columnTitle>StdDev OOR Indicator</columnTitle>
      </column>
      <column columnName="StdDevNumber">
        <datatype>double</datatype>
        <columnTitle>StdDev Number</columnTitle>
        <formatString>0.###</formatString>
      </column>
      <column columnName="StdDevString">
        <datatype>varchar</datatype>
        <inputType>textarea</inputType>
        <columnTitle>StdDevString</columnTitle>
      </column>
      <column columnName="Type">
        <datatype>varchar</datatype>
        <inputType>textarea</inputType>
        <columnTitle>Type</columnTitle>
      </column>
      <column columnName="Well">
        <datatype>varchar</datatype>
        <inputType>textarea</inputType>
        <columnTitle>Well</columnTitle>
      </column>
    </columns>
    <tableTitle>LuminexAssay</tableTitle>
  </table>
  <table tableName="Physical Exam" tableDbType="TABLE">
    <description>Contains up to one row of Physical Exam data for each Participant/Date combination.</description>
    <columns>
      <column columnName="ParticipantId">
        <datatype>varchar</datatype>
        <columnTitle>Participant ID</columnTitle>
        <description>Subject identifier</description>
        <propertyURI>http://cpas.labkey.com/Study#ParticipantId</propertyURI>
        <nullable>false</nullable>
        <importAliases>
          <importAlias>ptid</importAlias>
        </importAliases>
        <fk>
          <fkDbSchema>study</fkDbSchema>
          <fkTable>Participant</fkTable>
          <fkColumnName>ParticipantId</fkColumnName>
        </fk>
      </column>
      <column columnName="date">
        <datatype>timestamp</datatype>
        <columnTitle>Date</columnTitle>
        <propertyURI>http://cpas.labkey.com/Study#VisitDate</propertyURI>
        <conceptURI>http://cpas.labkey.com/Study#VisitDate</conceptURI>
        <nullable>false</nullable>
      </column>
      <column columnName="Weight_kg">
        <datatype>integer</datatype>
        <columnTitle>Weight (kg)</columnTitle>
        <formatString>##0</formatString>
      </column>
      <column columnName="Temp_C">
        <datatype>double</datatype>
        <columnTitle>Temperature (C)</columnTitle>
        <formatString>#0.0</formatString>
      </column>
      <column columnName="SystolicBloodPressure">
        <datatype>integer</datatype>
        <columnTitle>Systolic Blood Pressure xxx/</columnTitle>
      </column>
      <column columnName="DiastolicBloodPressure">
        <datatype>integer</datatype>
        <columnTitle>Diastolic Blood Pressure /xxx</columnTitle>
      </column>
      <column columnName="Pulse">
        <datatype>integer</datatype>
        <columnTitle>Pulse</columnTitle>
        <conditionalFormats>
          <conditionalFormat>
            <filters>
              <filter operator="gte" value="170"/>
            </filters>
            <backgroundColor>993300</backgroundColor>
          </conditionalFormat>
        </conditionalFormats>
      </column>
      <column columnName="Respirations">
        <datatype>integer</datatype>
        <columnTitle>Respirations</columnTitle>
      </column>
      <column columnName="Signature">
        <datatype>integer</datatype>
        <columnTitle>Clinician Signature/Date</columnTitle>
      </column>
      <column columnName="Pregnancy">
        <datatype>varchar</datatype>
        <inputType>textarea</inputType>
        <columnTitle>Pregnancy Test</columnTitle>
      </column>
      <column columnName="Language">
        <datatype>varchar</datatype>
        <inputType>textarea</inputType>
        <columnTitle>Form Language</columnTitle>
      </column>
    </columns>
    <tableTitle>Physical Exam</tableTitle>
  </table>
  <table tableName="Demographics" tableDbType="TABLE">
    <description>Contains up to one row of Demographics data for each Participant combination.</description>
    <columns>
      <column columnName="ParticipantId">
        <datatype>varchar</datatype>
        <columnTitle>Participant ID</columnTitle>
        <description>Subject identifier</description>
        <propertyURI>http://cpas.labkey.com/Study#ParticipantId</propertyURI>
        <nullable>false</nullable>
        <importAliases>
          <importAlias>ptid</importAlias>
        </importAliases>
        <fk>
          <fkDbSchema>study</fkDbSchema>
          <fkTable>Participant</fkTable>
          <fkColumnName>ParticipantId</fkColumnName>
        </fk>
      </column>
      <column columnName="date">
        <datatype>timestamp</datatype>
        <columnTitle>Date</columnTitle>
        <propertyURI>http://cpas.labkey.com/Study#VisitDate</propertyURI>
        <conceptURI>http://cpas.labkey.com/Study#VisitDate</conceptURI>
        <nullable>false</nullable>
      </column>
      <column columnName="StartDate">
        <datatype>timestamp</datatype>
        <columnTitle>Start Date</columnTitle>
      </column>
      <column columnName="Height">
        <datatype>integer</datatype>
        <columnTitle>Height</columnTitle>
      </column>
      <column columnName="Gender">
        <datatype>varchar</datatype>
        <inputType>textarea</inputType>
        <columnTitle>Gender</columnTitle>
      </column>
      <column columnName="Country">
        <datatype>varchar</datatype>
        <inputType>textarea</inputType>
        <columnTitle>Country</columnTitle>
      </column>
      <column columnName="Group">
        <datatype>varchar</datatype>
        <inputType>textarea</inputType>
        <columnTitle>Group Assignment</columnTitle>
      </column>
      <column columnName="Status">
        <datatype>varchar</datatype>
        <inputType>textarea</inputType>
        <columnTitle>Status of Infection</columnTitle>
      </column>
      <column columnName="Comments">
        <datatype>varchar</datatype>
        <inputType>textarea</inputType>
        <columnTitle>Comments</columnTitle>
      </column>
    </columns>
    <tableTitle>Demographics</tableTitle>
  </table>
  <table tableName="HIV Test Results" tableDbType="TABLE">
    <description>Contains up to one row of HIV Test Results data for each Participant/Date combination.</description>
    <columns>
      <column columnName="ParticipantId">
        <datatype>varchar</datatype>
        <columnTitle>Participant ID</columnTitle>
        <description>Subject identifier</description>
        <propertyURI>http://cpas.labkey.com/Study#ParticipantId</propertyURI>
        <nullable>false</nullable>
        <importAliases>
          <importAlias>ptid</importAlias>
        </importAliases>
        <fk>
          <fkDbSchema>study</fkDbSchema>
          <fkTable>Participant</fkTable>
          <fkColumnName>ParticipantId</fkColumnName>
        </fk>
      </column>
      <column columnName="date">
        <datatype>timestamp</datatype>
        <columnTitle>Date</columnTitle>
        <propertyURI>http://cpas.labkey.com/Study#VisitDate</propertyURI>
        <conceptURI>http://cpas.labkey.com/Study#VisitDate</conceptURI>
        <nullable>false</nullable>
      </column>
      <column columnName="HIVWestern">
        <datatype>varchar</datatype>
        <inputType>textarea</inputType>
        <columnTitle>HIV Western Blot</columnTitle>
      </column>
      <column columnName="HIVStdAntibody">
        <datatype>varchar</datatype>
        <inputType>textarea</inputType>
        <columnTitle>Standard HIV Antibody</columnTitle>
      </column>
      <column columnName="HIVLoadIneq">
        <datatype>varchar</datatype>
        <inputType>textarea</inputType>
        <columnTitle><![CDATA[Viral Load > = <]]></columnTitle>
      </column>
      <column columnName="HIVLoadQuant">
        <datatype>integer</datatype>
        <columnTitle>Viral Load Quantified (copies/ml)</columnTitle>
      </column>
      <column columnName="HIVLoadQual">
        <datatype>varchar</datatype>
        <inputType>textarea</inputType>
        <columnTitle>Viral Load Qualitative Result</columnTitle>
      </column>
      <column columnName="HIVRapidTest">
        <datatype>varchar</datatype>
        <inputType>textarea</inputType>
        <columnTitle>HIV Rapid Blood Test</columnTitle>
      </column>
      <column columnName="HIVSourceLab">
        <datatype>varchar</datatype>
        <inputType>textarea</inputType>
        <columnTitle>Source of HIV Tests</columnTitle>
      </column>
    </columns>
    <tableTitle>HIV Test Results</tableTitle>
  </table>
  <table tableName="Lab Results" tableDbType="TABLE">
    <description>Contains up to one row of Lab Results data for each Participant/Date combination.</description>
    <columns>
      <column columnName="ParticipantId">
        <datatype>varchar</datatype>
        <columnTitle>Participant ID</columnTitle>
        <description>Subject identifier</description>
        <propertyURI>http://cpas.labkey.com/Study#ParticipantId</propertyURI>
        <nullable>false</nullable>
        <importAliases>
          <importAlias>ptid</importAlias>
        </importAliases>
        <fk>
          <fkDbSchema>study</fkDbSchema>
          <fkTable>Participant</fkTable>
          <fkColumnName>ParticipantId</fkColumnName>
        </fk>
      </column>
      <column columnName="date">
        <datatype>timestamp</datatype>
        <columnTitle>Date</columnTitle>
        <propertyURI>http://cpas.labkey.com/Study#VisitDate</propertyURI>
        <conceptURI>http://cpas.labkey.com/Study#VisitDate</conceptURI>
        <nullable>false</nullable>
      </column>
      <column columnName="CD4">
        <datatype>integer</datatype>
        <columnTitle>CD4+ (cells/mm3)</columnTitle>
      </column>
      <column columnName="Lymphocytes">
        <datatype>integer</datatype>
        <columnTitle>Lymphs (cells/mm3)</columnTitle>
      </column>
      <column columnName="Hemoglobin">
        <datatype>double</datatype>
        <columnTitle>Hemoglobin</columnTitle>
        <formatString>#0.0</formatString>
      </column>
    </columns>
    <tableTitle>Lab Results</tableTitle>
  </table>
</tables>