<?xml version="1.0" encoding="UTF-8"?>
<!--Exported from LabKey Server at http://localhost:8080/labkey/project/Restricted/begin.view by dave on Wed Oct 23 12:35:14 PDT 2013-->
<folder archiveVersion="13.23" label="Restricted" type="normal" title="Restricted" xmlns="http://labkey.org/folder/xml">
  <folderType name="Folder With Restricted Module">
    <defaultModule>Core</defaultModule>
    <modules>
      <moduleName>Wiki</moduleName>
      <moduleName>simpletest</moduleName>
      <moduleName>restrictedModule</moduleName>
      <moduleName>Experiment</moduleName>
      <moduleName>Study</moduleName>
      <moduleName>Core</moduleName>
      <moduleName>Query</moduleName>
      <moduleName>Pipeline</moduleName>
    </modules>
  </folderType>
  <searchable>true</searchable>
  <pages file="pages.xml"/>
  <wikis dir="wikis"/>
  <notifications>
    <messagesDefault id="2" label="My conversations"/>
    <filesDefault id="512" label="No Email"/>
  </notifications>
  <missingValueIndicators>
    <ns:missingValueIndicator indicator="Q" label="Data currently under quality control review." xmlns:ns="http://labkey.org/study/xml"/>
    <ns:missingValueIndicator indicator="N" label="Required field marked by site as 'data not available'." xmlns:ns="http://labkey.org/study/xml"/>
  </missingValueIndicators>
  <subfolders dir="subfolders"/>
</folder>