<?xml version="1.0" encoding="UTF-8"?>
<pages xmlns="http://labkey.org/folder/xml">
  <page index="4" name="Study Container Tab" propertyString="" hidden="false"/>
  <page index="5" name="portal.default" propertyString="" hidden="false"/>
  <page index="2" name="Tab1" propertyString="" hidden="false">
    <webpart>
      <name>Query</name>
      <index>1</index>
      <location>!content</location>
      <permanent>false</permanent>
      <properties>
        <property key="title" value="A customized web part"/>
        <property key="schemaName" value="study"/>
        <property key="queryName" value="StudyProperties"/>
      </properties>
    </webpart>
    <webpart>
      <name>Sample Sets</name>
      <index>2</index>
      <location>!content</location>
      <permanent>false</permanent>
    </webpart>
  </page>
  <page index="3" name="Tab2" propertyString="" hidden="false">
    <webpart>
      <name>Query</name>
      <index>1</index>
      <location>!content</location>
      <permanent>false</permanent>
      <properties>
        <property key="title" value="A customized web part"/>
        <property key="schemaName" value="study"/>
        <property key="queryName" value="StudyProperties"/>
      </properties>
    </webpart>
  </page>
</pages>