<?xml version="1.0" encoding="UTF-8"?>
<!--Exported from LabKey Server at http://localhost:8080/labkey/project/ETLTest/begin.view by jeckels on Sun Oct 11 14:36:33 PDT 2015-->
<tables xmlns="http://labkey.org/data/xml">
  <table tableName="ListA" tableDbType="TABLE">
    <columns>
      <column columnName="xKey">
        <datatype>varchar</datatype>
        <columnTitle>Key</columnTitle>
        <rangeURI>http://www.w3.org/2001/XMLSchema#string</rangeURI>
        <nullable>false</nullable>
        <isKeyField>true</isKeyField>
      </column>
      <column columnName="Field1">
        <datatype>varchar</datatype>
        <columnTitle>Field1</columnTitle>
        <rangeURI>http://www.w3.org/2001/XMLSchema#string</rangeURI>
      </column>
      <column columnName="Field2">
        <datatype>varchar</datatype>
        <columnTitle>Field2</columnTitle>
        <rangeURI>http://www.w3.org/2001/XMLSchema#string</rangeURI>
      </column>
    </columns>
    <pkColumnName>xKey</pkColumnName>
  </table>
  <table tableName="ListB" tableDbType="TABLE">
    <columns>
      <column columnName="xKey">
        <datatype>varchar</datatype>
        <columnTitle>Key</columnTitle>
        <rangeURI>http://www.w3.org/2001/XMLSchema#string</rangeURI>
        <nullable>false</nullable>
        <isKeyField>true</isKeyField>
      </column>
      <column columnName="Field1">
        <datatype>varchar</datatype>
        <columnTitle>Field1</columnTitle>
        <rangeURI>http://www.w3.org/2001/XMLSchema#string</rangeURI>
      </column>
      <column columnName="TargetOnlyField">
        <datatype>varchar</datatype>
        <columnTitle>TargetOnlyField</columnTitle>
        <rangeURI>http://www.w3.org/2001/XMLSchema#string</rangeURI>
      </column>
    </columns>
    <pkColumnName>xKey</pkColumnName>
  </table>
</tables>