﻿<?xml version="1.0" encoding="UTF-8"?>
<tables xmlns="http://labkey.org/data/xml">
  <table tableName="DEM-2" tableDbType="TABLE">
    <description>This is the demographics dataset, dammit. Here are some ‘special symbols’ - they help test that we're roundtripping in UTF-8.</description>
    <columns>
      <column columnName="MouseId">
        <datatype>varchar</datatype>
        <columnTitle>Mouse Id</columnTitle>
        <description>Subject identifier</description>
        <propertyURI>http://cpas.labkey.com/Study#ParticipantId</propertyURI>
        <nullable>false</nullable>
        <importAliases>
          <importAlias>ptid</importAlias>
        </importAliases>
        <fk>
          <fkDbSchema>study</fkDbSchema>
          <fkTable>Mouse</fkTable>
          <fkColumnName>MouseId</fkColumnName>
        </fk>
      </column>
      <column columnName="date">
        <datatype>timestamp</datatype>
        <columnTitle>Date</columnTitle>
        <propertyURI>http://cpas.labkey.com/Study#VisitDate</propertyURI>
      </column>
      <column columnName="DEMdt">
        <datatype>timestamp</datatype>
        <columnTitle>Contact Date</columnTitle>
        <conceptURI>http://cpas.labkey.com/Study#VisitDate</conceptURI>
      </column>
	</columns>
   </table>
  <table tableName="DEM-1" tableDbType="TABLE">
    <description>This is the demographics dataset, dammit. Here are some ‘special symbols’ - they help test that we're roundtripping in UTF-8.</description>
    <columns>
      <column columnName="MouseId">
        <datatype>varchar</datatype>
        <columnTitle>Mouse Id</columnTitle>
        <description>Subject identifier</description>
        <propertyURI>http://cpas.labkey.com/Study#ParticipantId</propertyURI>
        <nullable>false</nullable>
        <importAliases>
          <importAlias>ptid</importAlias>
        </importAliases>
        <fk>
          <fkDbSchema>study</fkDbSchema>
          <fkTable>Mouse</fkTable>
          <fkColumnName>MouseId</fkColumnName>
        </fk>
      </column>
      <column columnName="date">
        <datatype>timestamp</datatype>
        <columnTitle>Date</columnTitle>
        <propertyURI>http://cpas.labkey.com/Study#VisitDate</propertyURI>
      </column>
      <column columnName="DEMdt">
        <datatype>timestamp</datatype>
        <columnTitle>Contact Date</columnTitle>
        <conceptURI>http://cpas.labkey.com/Study#VisitDate</conceptURI>
      </column>
      <column columnName="DEMbdt">
        <datatype>varchar</datatype>
        <columnTitle>1.Date of Birth</columnTitle>
      </column>
      <column columnName="DEMsex">
        <datatype>varchar</datatype>
        <columnTitle>2.What is your sex?</columnTitle>
      </column>
      <column columnName="DEMhisp">
        <datatype>varchar</datatype>
        <columnTitle>3.Latino/a or Hispanic?</columnTitle>
      </column>
      <column columnName="DEMnatam">
        <datatype>varchar</datatype>
        <columnTitle>4a.Amer Indian/Alaska</columnTitle>
      </column>
      <column columnName="DEMasian">
        <datatype>varchar</datatype>
        <columnTitle>4b.Asian</columnTitle>
      </column>
      <column columnName="DEMblack">
        <datatype>varchar</datatype>
        <columnTitle>4c.African American/Black</columnTitle>
      </column>
      <column columnName="DEMhawpi">
        <datatype>varchar</datatype>
        <columnTitle>4d.Hawaiian/Pacific Islnd</columnTitle>
      </column>
      <column columnName="DEMwhite">
        <datatype>varchar</datatype>
        <columnTitle>4e.White</columnTitle>
      </column>
      <column columnName="DEMraco">
        <datatype>varchar</datatype>
        <columnTitle>4f.Other specify</columnTitle>
      </column>
      <column columnName="DEMracox">
        <datatype>varchar</datatype>
        <columnTitle>4f. Other, specify text</columnTitle>
      </column>
      <column columnName="DEMsexor">
        <datatype>varchar</datatype>
        <columnTitle>5. Sexual orientation</columnTitle>
      </column>
      <column columnName="formlang">
        <datatype>varchar</datatype>
        <columnTitle>Form Language</columnTitle>
      </column>
      <column columnName="sfdt_001">
        <datatype>varchar</datatype>
        <columnTitle>Staff Initials/Date</columnTitle>
      </column>
      <column columnName="VisitDay">
        <datatype>integer</datatype>
        <columnTitle>VisitDay</columnTitle>
        <isMvEnabled>true</isMvEnabled>
      </column>      
		<column columnName="indexedColumn">        
			<datatype>varchar</datatype>        
			<scale>20</scale>        
			<columnTitle>Index test</columnTitle>      
		</column>
    </columns>
    <indices>      
		<index type="non-unique">        
			<column>indexedColumn</column>      
		</index>    
		<index type="non-unique">        
			<column>indexedColumn</column>      
			<column>VisitDay</column>      
		</index>    
	</indices>    
	<tableTitle>DEM-1: Demographics</tableTitle>
  </table>
</tables>