<?xml version="1.0" encoding="UTF-8"?>
<participantGroups xmlns="http://labkey.org/study/xml/participantGroups">
  <participantCategory label="Cat Mice Let" type="manual" autoUpdate="false" datasetId="0">
    <group label="Mice A" categoryLabel="Cat Mice Let">
      <participantId>999320016</participantId>
      <participantId>999320518</participantId>
      <participantId>999320529</participantId>
      <participantId>999320557</participantId>
    </group>
    <group label="Mice B" categoryLabel="Cat Mice Let">
      <participantId>999320565</participantId>
      <participantId>999320576</participantId>
      <participantId>999320582</participantId>
      <participantId>999320609</participantId>
    </group>
    <group label="Mice C" categoryLabel="Cat Mice Let">
      <participantId>999320624</participantId>
      <participantId>999320646</participantId>
      <participantId>999320652</participantId>
      <participantId>999320671</participantId>
    </group>
  </participantCategory>
</participantGroups>