<?xml version="1.0" encoding="UTF-8"?>
<visitMap xmlns="http://labkey.org/study/xml">
  <visit sequenceNum="-1.0" sequenceNumHandling="normal"/>
  <visit label="Screening Cycle" showByDefault="false" sequenceNum="0.0" sequenceNumHandling="normal">
    <datasets>
      <dataset id="2" type="OPTIONAL"/>
    </datasets>
  </visit>
  <visit sequenceNum="0.2" sequenceNumHandling="normal"/>
  <visit sequenceNum="0.21" sequenceNumHandling="normal"/>
  <visit label="Cycle 1" showByDefault="false" sequenceNum="1.0" sequenceNumHandling="normal"/>
  <visit sequenceNum="1.1" sequenceNumHandling="normal"/>
  <visit label="Cycle 2" sequenceNum="2.0" sequenceNumHandling="normal"/>
  <visit label="Cycle 3" sequenceNum="3.0" sequenceNumHandling="normal"/>
  <visit label="Cycle 4" sequenceNum="4.0" sequenceNumHandling="normal"/>
  <visit sequenceNum="4.1" sequenceNumHandling="normal"/>
  <visit label="Cycle 5" sequenceNum="5.0" sequenceNumHandling="normal"/>
  <visit sequenceNum="5.1" sequenceNumHandling="normal"/>
  <visit label="Cycle 6" sequenceNum="6.0" sequenceNumHandling="normal"/>
  <visit label="Cycle 7" sequenceNum="7.0" sequenceNumHandling="normal"/>
  <visit label="Cycle 8" sequenceNum="8.0" sequenceNumHandling="normal"/>
  <visit label="End Cycle" sequenceNum="9.0" sequenceNumHandling="normal"/>
  <visit sequenceNum="14.0" sequenceNumHandling="normal"/>
  <visit sequenceNum="14.1" sequenceNumHandling="normal"/>
  <visit sequenceNum="17.0" sequenceNumHandling="normal"/>
  <visit sequenceNum="17.1" sequenceNumHandling="normal"/>
  <visit label="Pre-exist Cond" typeCode="X" sequenceNum="51.0" sequenceNumHandling="normal"/>
  <visit label="Screening" typeCode="X" sequenceNum="101.0" visitDateDatasetId="1" sequenceNumHandling="normal">
    <datasets>
      <dataset id="1" type="REQUIRED"/>
    </datasets>
  </visit>
  <visit label="Enroll/Vacc #1" typeCode="B" sequenceNum="201.0" sequenceNumHandling="normal">
    <datasets>
      <dataset id="186" type="REQUIRED"/>
      <dataset id="188" type="REQUIRED"/>
    </datasets>
  </visit>
  <visit label="Int. Vis. %{S.1.1} .%{S.2.1}" typeCode="O" sequenceNum="211.0" maxSequenceNum="291.0" sequenceNumHandling="normal"/>
  <visit label="1 week Post-V#1" typeCode="S" sequenceNum="301.0" visitDateDatasetId="136" sequenceNumHandling="normal">
    <datasets>
      <dataset id="136" type="REQUIRED"/>
    </datasets>
  </visit>
  <visit label="Int. Vis. %{S.1.1} .%{S.2.1}" typeCode="O" sequenceNum="311.0" maxSequenceNum="391.0" sequenceNumHandling="normal"/>
  <visit label="2 week Post-V#1" typeCode="T" sequenceNum="401.0" visitDateDatasetId="136" sequenceNumHandling="normal">
    <datasets>
      <dataset id="136" type="REQUIRED"/>
    </datasets>
  </visit>
  <visit label="Int. Vis. %{S.1.1} .%{S.2.1}" typeCode="O" sequenceNum="411.0" maxSequenceNum="491.0" sequenceNumHandling="normal"/>
  <visit label="3 week Post-V#1" typeCode="B" sequenceNum="501.0" visitDateDatasetId="136" sequenceNumHandling="normal">
    <datasets>
      <dataset id="136" type="REQUIRED"/>
    </datasets>
  </visit>
  <visit label="Int. Vis. %{S.1.1} .%{S.2.1}" typeCode="O" sequenceNum="511.0" maxSequenceNum="591.0" sequenceNumHandling="normal"/>
  <visit label="Grp1:F/U/Grp2:V#2" typeCode="B" sequenceNum="601.0" visitDateDatasetId="136" sequenceNumHandling="normal">
    <datasets>
      <dataset id="136" type="REQUIRED"/>
      <dataset id="186" type="OPTIONAL"/>
      <dataset id="188" type="OPTIONAL"/>
    </datasets>
  </visit>
  <visit label="Int. Vis. %{S.1.1} .%{S.2.1}" typeCode="O" sequenceNum="611.0" maxSequenceNum="691.0" sequenceNumHandling="normal"/>
  <visit label="1 week Post-V#2" typeCode="S" sequenceNum="701.0" visitDateDatasetId="136" sequenceNumHandling="normal">
    <datasets>
      <dataset id="136" type="REQUIRED"/>
    </datasets>
  </visit>
  <visit label="Int. Vis. %{S.1.1} .%{S.2.1}" typeCode="O" sequenceNum="711.0" maxSequenceNum="791.0" sequenceNumHandling="normal"/>
  <visit label="G1: 6wk/G2: 2wk" typeCode="S" sequenceNum="801.0" visitDateDatasetId="136" sequenceNumHandling="normal">
    <datasets>
      <dataset id="136" type="REQUIRED"/>
    </datasets>
  </visit>
  <visit label="Int. Vis. %{S.1.1} .%{S.2.1}" typeCode="O" sequenceNum="811.0" maxSequenceNum="891.0" sequenceNumHandling="normal"/>
  <visit label="3 week Post-V#2" typeCode="S" sequenceNum="901.0" visitDateDatasetId="136" sequenceNumHandling="normal">
    <datasets>
      <dataset id="136" type="REQUIRED"/>
    </datasets>
  </visit>
  <visit label="Int. Vis. %{S.1.1} .%{S.2.1}" typeCode="O" sequenceNum="911.0" maxSequenceNum="991.0" sequenceNumHandling="normal"/>
  <visit label="G1: F/U/G2: 4wk" typeCode="T" sequenceNum="1001.0" visitDateDatasetId="136" sequenceNumHandling="normal">
    <datasets>
      <dataset id="136" type="REQUIRED"/>
    </datasets>
  </visit>
  <visit label="Int. Vis. %{S.1.1} .%{S.2.1}" typeCode="O" sequenceNum="1011.0" maxSequenceNum="1091.0" sequenceNumHandling="normal"/>
  <visit label="6 week Post-V#2" typeCode="B" sequenceNum="1101.0" visitDateDatasetId="136" sequenceNumHandling="normal">
    <datasets>
      <dataset id="136" type="REQUIRED"/>
    </datasets>
  </visit>
  <visit label="Int. Vis. %{S.1.1} .%{S.2.1}" typeCode="O" sequenceNum="1111.0" maxSequenceNum="1191.0" sequenceNumHandling="normal"/>
  <visit label="Day 140 F/U" typeCode="B" sequenceNum="1201.0" visitDateDatasetId="136" sequenceNumHandling="normal">
    <datasets>
      <dataset id="136" type="REQUIRED"/>
    </datasets>
  </visit>
  <visit label="Int. Vis. %{S.1.1} .%{S.2.1}" typeCode="O" sequenceNum="1211.0" maxSequenceNum="1291.0" sequenceNumHandling="normal"/>
  <visit label="G1: V#2/G2: V#3" typeCode="B" sequenceNum="1301.0" visitDateDatasetId="136" sequenceNumHandling="normal">
    <datasets>
      <dataset id="136" type="REQUIRED"/>
      <dataset id="186" type="OPTIONAL"/>
      <dataset id="188" type="OPTIONAL"/>
    </datasets>
  </visit>
  <visit label="Int. Vis. %{S.1.1} .%{S.2.1}" typeCode="O" sequenceNum="1311.0" maxSequenceNum="1391.0" sequenceNumHandling="normal"/>
  <visit label="1 wk Post-V#2/V#3" typeCode="S" sequenceNum="1401.0" visitDateDatasetId="136" sequenceNumHandling="normal">
    <datasets>
      <dataset id="136" type="REQUIRED"/>
    </datasets>
  </visit>
  <visit label="Int. Vis. %{S.1.1} .%{S.2.1}" typeCode="O" sequenceNum="1411.0" maxSequenceNum="1491.0" sequenceNumHandling="normal"/>
  <visit label="2 wk Post-V#2/V#3" typeCode="S" sequenceNum="1501.0" visitDateDatasetId="136" sequenceNumHandling="normal">
    <datasets>
      <dataset id="136" type="REQUIRED"/>
    </datasets>
  </visit>
  <visit label="Int. Vis. %{S.1.1} .%{S.2.1}" typeCode="O" sequenceNum="1511.0" maxSequenceNum="1591.0" sequenceNumHandling="normal"/>
  <visit label="3 wk Post-V#2/V#3" typeCode="S" sequenceNum="1601.0" visitDateDatasetId="136" sequenceNumHandling="normal">
    <datasets>
      <dataset id="136" type="REQUIRED"/>
    </datasets>
  </visit>
  <visit label="Int. Vis. %{S.1.1} .%{S.2.1}" typeCode="O" sequenceNum="1611.0" maxSequenceNum="1691.0" sequenceNumHandling="normal"/>
  <visit label="4 wk Post-V#2/V#3" typeCode="S" sequenceNum="1701.0" visitDateDatasetId="136" sequenceNumHandling="normal">
    <datasets>
      <dataset id="136" type="REQUIRED"/>
    </datasets>
  </visit>
  <visit label="Int. Vis. %{S.1.1} .%{S.2.1}" typeCode="O" sequenceNum="1711.0" maxSequenceNum="1791.0" sequenceNumHandling="normal"/>
  <visit label="6 wk Post-V#2/V#3" typeCode="T" sequenceNum="1801.0" visitDateDatasetId="136" sequenceNumHandling="normal">
    <datasets>
      <dataset id="136" type="REQUIRED"/>
    </datasets>
  </visit>
  <visit label="Int. Vis. %{S.1.1} .%{S.2.1}" typeCode="O" sequenceNum="1811.0" maxSequenceNum="1891.0" sequenceNumHandling="normal"/>
  <visit label="Day 273 F/U" typeCode="B" sequenceNum="1901.0" visitDateDatasetId="136" sequenceNumHandling="normal">
    <datasets>
      <dataset id="136" type="REQUIRED"/>
    </datasets>
  </visit>
  <visit label="Int. Vis. %{S.1.1} .%{S.2.1}" typeCode="O" sequenceNum="1911.0" maxSequenceNum="1991.0" sequenceNumHandling="normal"/>
  <visit label="Day 364 Final F/U" typeCode="B" sequenceNum="2001.0" sequenceNumHandling="normal"/>
  <visit label="Int. Vis. %{S.1.1} .%{S.2.1}" typeCode="O" sequenceNum="2011.0" maxSequenceNum="2091.0" sequenceNumHandling="normal"/>
  <visit label="Soc Imp Log #%{S.3.2}" typeCode="O" sequenceNum="5001.0" maxSequenceNum="5999.0" sequenceNumHandling="normal"/>
  <visit label="AE Log #%{S.3.2}" typeCode="O" sequenceNum="6001.0" maxSequenceNum="6999.0" sequenceNumHandling="normal"/>
  <visit label="Transfer/Receipt" typeCode="O" sequenceNum="7901.0" sequenceNumHandling="normal"/>
  <visit label="ConMeds Log #%{S.3.2}" typeCode="O" sequenceNum="9001.0" maxSequenceNum="9998.0" sequenceNumHandling="normal"/>
  <visit label="Termination" typeCode="A" sequenceNum="9999.0" sequenceNumHandling="normal"/>
  <importAliases>
    <alias name="Cycle 10" sequenceNum="10.0"/>
    <alias name="Vaccine 1" sequenceNum="201.0"/>
    <alias name="Vaccination 1" sequenceNum="201.0"/>
    <alias name="Soc Imp Log #%{S.3.2}" sequenceNum="5500.0"/>
    <alias name="ConMeds Log #%{S.3.2}" sequenceNum="9002.0"/>
    <alias name="All Done" sequenceNum="9999.0"/>
  </importAliases>
</visitMap>