<?xml version="1.0" encoding="UTF-8"?>
<!--Exported from LabKey Server at http://localhost:8080/labkey/CAVD/Advanced%20Import%20Study%20Project%2001/project-begin.view by klum on Wed Oct 26 17:55:35 PDT 2016-->
<study archiveVersion="16.22" label="Study1 Study" timepointType="DATE" subjectNounSingular="Participant" subjectNounPlural="Participants" subjectColumnName="ParticipantId" investigator="" grant="" species="" alternateIdPrefix="" alternateIdDigits="6" defaultTimepointDuration="1" startDate="2012-05-24-07:00" securityType="BASIC_READ" xmlns="http://labkey.org/study/xml" xmlns:xsi="http://www.w3.org/2001/XMLSchema-instance">
  <assaySchedule dir="assaySchedule"/>
  <cohorts type="AUTOMATIC" mode="SIMPLE" datasetId="5004" datasetProperty="test" file="cohorts.xml"/>
  <datasets dir="datasets" file="datasets_manifest.xml">
    <definition file="Study1.dataset"/>
  </datasets>
  <comments/>
  <qcStates file="quality_control_states.xml"/>
  <specimens dir="specimens" settings="specimen_settings.xml" file="Study1.specimens"/>
  <treatmentData dir="treatmentData"/>
  <visits file="visit_map.xml"/>
  <studyViews dir="views" settings="settings.xml"/>
  <studyDescription rendererType="TEXT_WITH_LINKS">
    <description xsi:nil="true"/>
  </studyDescription>
  <assayPlan>This is text in the assay plan (schedule).</assayPlan>
  <properties dir="properties"/>
</study>