<?xml version="1.0" encoding="UTF-8"?>
<visitMap xmlns="http://labkey.org/study/xml">
  <visit label="TimePoint01" typeCode="X" sequenceNum="10.0" maxSequenceNum="25.0" protocolDay="18.0">
    <datasets>
      <dataset id="5001" type="REQUIRED"/>
      <dataset id="5004" type="REQUIRED"/>
    </datasets>
  </visit>
  <visit label="TimePoint02" typeCode="X" sequenceNum="30.0" maxSequenceNum="35.0" protocolDay="33.0">
    <datasets>
      <dataset id="5002" type="REQUIRED"/>
      <dataset id="5003" type="REQUIRED"/>
    </datasets>
  </visit>
  <visit label="TimePoint03" typeCode="B" sequenceNum="40.0" maxSequenceNum="45.0" protocolDay="43.0">
    <datasets>
      <dataset id="5001" type="REQUIRED"/>
      <dataset id="5004" type="REQUIRED"/>
    </datasets>
  </visit>
  <visit label="TimePoint04" typeCode="B" sequenceNum="45.1" maxSequenceNum="50.0" protocolDay="48.0">
    <description>This is a baseline test.</description>
    <datasets>
      <dataset id="5002" type="REQUIRED"/>
      <dataset id="5003" type="REQUIRED"/>
    </datasets>
  </visit>
</visitMap>